index,plate,season,world,mood,energy,palette,twist,seed,clean_path,preview_path,duration_ms,status,prompt
0,0000_cosmos_dream_stillness_aurora.jpg,general,cosmos,dream,stillness,aurora,,20260818,,,,failed,"The remote server returned an error: (400) Bad Request."
1,0001_cosmos_storm_drift_aurora.jpg,general,cosmos,storm,drift,aurora,,527212932,,,,failed,"The remote server returned an error: (400) Bad Request."
2,0002_cosmos_twilight_flow_aurora.jpg,general,cosmos,twilight,flow,aurora,,1034165046,,,,failed,"The remote server returned an error: (400) Bad Request."
3,0003_cosmos_eclipse_surge_aurora.jpg,general,cosmos,eclipse,surge,aurora,,1541117160,,,,failed,"The remote server returned an error: (400) Bad Request."
4,0004_cosmos_midnight_eruption_aurora.jpg,general,cosmos,midnight,eruption,aurora,,2048069274,,,,failed,"The remote server returned an error: (400) Bad Request."
5,0005_cosmos_inferno_stillness_aurora.jpg,general,cosmos,inferno,stillness,aurora,,407537741,,,,failed,"The remote server returned an error: (400) Bad Request."
0,0000_cosmos_dream_stillness_aurora.jpg,general,cosmos,dream,stillness,aurora,,20260818,,,,failed,"supabase upload failed (wallpapers/studio/general/0000_cosmos_dream_stillness_aurora.jpg): 400 {""statusCode"":""404"",""error"":""Bucket not found"",""message"":""Bucket not found"",""code"":""NoSuchBucket""}"
1,0001_cosmos_storm_drift_aurora.jpg,general,cosmos,storm,drift,aurora,,527212932,,,,failed,"supabase upload failed (wallpapers/studio/general/0001_cosmos_storm_drift_aurora.jpg): 400 {""statusCode"":""404"",""error"":""Bucket not found"",""message"":""Bucket not found"",""code"":""NoSuchBucket""}"
2,0002_cosmos_twilight_flow_aurora.jpg,general,cosmos,twilight,flow,aurora,,1034165046,,,,failed,"supabase upload failed (wallpapers/studio/general/0002_cosmos_twilight_flow_aurora.jpg): 400 {""statusCode"":""404"",""error"":""Bucket not found"",""message"":""Bucket not found"",""code"":""NoSuchBucket""}"
3,0003_cosmos_eclipse_surge_aurora.jpg,general,cosmos,eclipse,surge,aurora,,1541117160,,,,failed,"supabase upload failed (wallpapers/studio/general/0003_cosmos_eclipse_surge_aurora.jpg): 400 {""statusCode"":""404"",""error"":""Bucket not found"",""message"":""Bucket not found"",""code"":""NoSuchBucket""}"
0,0000_cosmos_dream_stillness_aurora.jpg,general,cosmos,dream,stillness,aurora,,20260818,previews/studio/general/0000_cosmos_dream_stillness_aurora.jpg,wallpapers/studio/general/0000_cosmos_dream_stillness_aurora.jpg,65864,ok,"A single striking abstract artwork made as a mobile phone wallpaper. Vertical 9:16 mobile wallpaper, full-bleed edge to edge composition. The upper region of the frame is open and unadorned — atmosphere, gradient falloff or empty depth, no detail and no focal point there. The principal subject sits in the lower two thirds, weighted below centre and placed off the vertical axis. Clear depth across three planes: near, middle and far. No text, no letterforms, no numerals, no signature, no watermark, no logo, no border and no frame. Vast celestial forms, nebulae, star fields, cosmic dust, planetary curves, gravitational arcs and luminous interstellar structures. Soft diffused illumination, luminous haze, gentle tonal transitions, restrained contrast, subtle bloom and an ethereal atmospheric glow. Centered, balanced composition with generous negative space, minimal directional movement, simple large forms and a strong sense of visual stability. Electric cyan, violet and emerald, luminous against midnight."
1,0001_cosmos_storm_drift_aurora.jpg,general,cosmos,storm,drift,aurora,,527212932,previews/studio/general/0001_cosmos_storm_drift_aurora.jpg,wallpapers/studio/general/0001_cosmos_storm_drift_aurora.jpg,2332,ok,"A single striking abstract artwork made as a mobile phone wallpaper. Vertical 9:16 mobile wallpaper, full-bleed edge to edge composition. The upper region of the frame is open and unadorned — atmosphere, gradient falloff or empty depth, no detail and no focal point there. The principal subject sits in the lower two thirds, weighted below centre and placed off the vertical axis. Clear depth across three planes: near, middle and far. No text, no letterforms, no numerals, no signature, no watermark, no logo, no border and no frame. Vast celestial forms, nebulae, star fields, cosmic dust, planetary curves, gravitational arcs and luminous interstellar structures. Hard raking light through broken darkness, sharp highlights, deep shadows, high contrast and dense moisture-filled atmosphere. Gentle directional movement, softly displaced forms, subtle asymmetry and relaxed visual flow across the composition. Electric cyan, violet and emerald, luminous against midnight."
2,0002_cosmos_twilight_flow_aurora.jpg,general,cosmos,twilight,flow,aurora,,1034165046,previews/studio/general/0002_cosmos_twilight_flow_aurora.jpg,wallpapers/studio/general/0002_cosmos_twilight_flow_aurora.jpg,65705,ok,"A single striking abstract artwork made as a mobile phone wallpaper. Vertical 9:16 mobile wallpaper, full-bleed edge to edge composition. The upper region of the frame is open and unadorned — atmosphere, gradient falloff or empty depth, no detail and no focal point there. The principal subject sits in the lower two thirds, weighted below centre and placed off the vertical axis. Clear depth across three planes: near, middle and far. No text, no letterforms, no numerals, no signature, no watermark, no logo, no border and no frame. Vast celestial forms, nebulae, star fields, cosmic dust, planetary curves, gravitational arcs and luminous interstellar structures. Low directional light, long soft shadows, subdued highlights, layered atmospheric haze and a gradual transition between luminous and dark values. Continuous sweeping movement, interconnected forms, graceful curves and clear directional pathways carrying the eye through the composition. Electric cyan, violet and emerald, luminous against midnight."
3,0003_cosmos_eclipse_surge_aurora.jpg,general,cosmos,eclipse,surge,aurora,,1541117160,previews/studio/general/0003_cosmos_eclipse_surge_aurora.jpg,wallpapers/studio/general/0003_cosmos_eclipse_surge_aurora.jpg,2378,ok,"A single striking abstract artwork made as a mobile phone wallpaper. Vertical 9:16 mobile wallpaper, full-bleed edge to edge composition. The upper region of the frame is open and unadorned — atmosphere, gradient falloff or empty depth, no detail and no focal point there. The principal subject sits in the lower two thirds, weighted below centre and placed off the vertical axis. Clear depth across three planes: near, middle and far. No text, no letterforms, no numerals, no signature, no watermark, no logo, no border and no frame. Vast celestial forms, nebulae, star fields, cosmic dust, planetary curves, gravitational arcs and luminous interstellar structures. Strong backlighting, deep silhouettes, narrow brilliant rim light, extreme separation between darkness and radiance, with restrained atmospheric glow. Forceful directional movement, strong diagonals, overlapping forms, dynamic scale changes and pronounced visual momentum. Electric cyan, violet and emerald, luminous against midnight."
4,0004_cosmos_midnight_eruption_aurora.jpg,general,cosmos,midnight,eruption,aurora,,2048069274,previews/studio/general/0004_cosmos_midnight_eruption_aurora.jpg,wallpapers/studio/general/0004_cosmos_midnight_eruption_aurora.jpg,65012,ok,"A single striking abstract artwork made as a mobile phone wallpaper. Vertical 9:16 mobile wallpaper, full-bleed edge to edge composition. The upper region of the frame is open and unadorned — atmosphere, gradient falloff or empty depth, no detail and no focal point there. The principal subject sits in the lower two thirds, weighted below centre and placed off the vertical axis. Clear depth across three planes: near, middle and far. No text, no letterforms, no numerals, no signature, no watermark, no logo, no border and no frame. Vast celestial forms, nebulae, star fields, cosmic dust, planetary curves, gravitational arcs and luminous interstellar structures. Predominantly deep values, sparse concentrated illumination, rich shadows, isolated highlights and quiet low-light atmosphere. Explosive outward movement, fragmented forms, dramatic displacement, extreme scale variation and dense controlled complexity radiating through the composition. Electric cyan, violet and emerald, luminous against midnight."
144,0144_glass_twilight_stillness_aurora.jpg,general,glass,twilight,stillness,aurora,,6921236,previews/studio/general/0144_glass_twilight_stillness_aurora.jpg,wallpapers/studio/general/0144_glass_twilight_stillness_aurora.jpg,64087,ok,"A single striking abstract artwork made as a mobile phone wallpaper. Vertical 9:16 mobile wallpaper, full-bleed edge to edge composition. The upper region of the frame is open and unadorned — atmosphere, gradient falloff or empty depth, no detail and no focal point there. The principal subject sits in the lower two thirds, weighted below centre and placed off the vertical axis. Clear depth across three planes: near, middle and far. No text, no letterforms, no numerals, no signature, no watermark, no logo, no border and no frame. Transparent and translucent glass, refraction, caustics, prisms, curved surfaces, crystalline edges, internal reflections and luminous optical depth. Low directional light, long soft shadows, subdued highlights, layered atmospheric haze and a gradual transition between luminous and dark values. Centered, balanced composition with generous negative space, minimal directional movement, simple large forms and a strong sense of visual stability. Electric cyan, violet and emerald, luminous against midnight."
288,0288_liquid_midnight_stillness_aurora.jpg,general,liquid,midnight,stillness,aurora,,2141065301,previews/studio/general/0288_liquid_midnight_stillness_aurora.jpg,wallpapers/studio/general/0288_liquid_midnight_stillness_aurora.jpg,64101,ok,"A single striking abstract artwork made as a mobile phone wallpaper. Vertical 9:16 mobile wallpaper, full-bleed edge to edge composition. The upper region of the frame is open and unadorned — atmosphere, gradient falloff or empty depth, no detail and no focal point there. The principal subject sits in the lower two thirds, weighted below centre and placed off the vertical axis. Clear depth across three planes: near, middle and far. No text, no letterforms, no numerals, no signature, no watermark, no logo, no border and no frame. Flowing, suspended and colliding fluids; ribbons, droplets, splashes, folds, pools and smooth sculptural forms shaped by surface tension. Predominantly deep values, sparse concentrated illumination, rich shadows, isolated highlights and quiet low-light atmosphere. Centered, balanced composition with generous negative space, minimal directional movement, simple large forms and a strong sense of visual stability. Electric cyan, violet and emerald, luminous against midnight."
432,0432_light_dream_stillness_aurora.jpg,general,light,dream,stillness,aurora,,2127725719,previews/studio/general/0432_light_dream_stillness_aurora.jpg,wallpapers/studio/general/0432_light_dream_stillness_aurora.jpg,64238,ok,"A single striking abstract artwork made as a mobile phone wallpaper. Vertical 9:16 mobile wallpaper, full-bleed edge to edge composition. The upper region of the frame is open and unadorned — atmosphere, gradient falloff or empty depth, no detail and no focal point there. The principal subject sits in the lower two thirds, weighted below centre and placed off the vertical axis. Clear depth across three planes: near, middle and far. No text, no letterforms, no numerals, no signature, no watermark, no logo, no border and no frame. Beams, halos, luminous ribbons, glowing fields, volumetric rays, reflections and radiant forms constructed primarily from illumination. Soft diffused illumination, luminous haze, gentle tonal transitions, restrained contrast, subtle bloom and an ethereal atmospheric glow. Centered, balanced composition with generous negative space, minimal directional movement, simple large forms and a strong sense of visual stability. Electric cyan, violet and emerald, luminous against midnight."
5,0005_cosmos_inferno_stillness_aurora.jpg,general,cosmos,inferno,stillness,aurora,,407537741,previews/studio/general/0005_cosmos_inferno_stillness_aurora.jpg,wallpapers/studio/general/0005_cosmos_inferno_stillness_aurora.jpg,65410,ok,"A single striking abstract artwork made as a mobile phone wallpaper. Vertical 9:16 mobile wallpaper, full-bleed edge to edge composition. The upper region of the frame is open and unadorned — atmosphere, gradient falloff or empty depth, no detail and no focal point there. The principal subject sits in the lower two thirds, weighted below centre and placed off the vertical axis. Clear depth across three planes: near, middle and far. No text, no letterforms, no numerals, no signature, no watermark, no logo, no border and no frame. Vast celestial forms, nebulae, star fields, cosmic dust, planetary curves, gravitational arcs and luminous interstellar structures. Intense internal illumination, brilliant hot highlights, deep surrounding shadows, glowing atmospheric haze and aggressive high-contrast luminosity. Centered, balanced composition with generous negative space, minimal directional movement, simple large forms and a strong sense of visual stability. Electric cyan, violet and emerald, luminous against midnight."
289,0289_liquid_inferno_drift_aurora.jpg,general,liquid,inferno,drift,aurora,,500533768,previews/studio/general/0289_liquid_inferno_drift_aurora.jpg,wallpapers/studio/general/0289_liquid_inferno_drift_aurora.jpg,63855,ok,"A single striking abstract artwork made as a mobile phone wallpaper. Vertical 9:16 mobile wallpaper, full-bleed edge to edge composition. The upper region of the frame is open and unadorned — atmosphere, gradient falloff or empty depth, no detail and no focal point there. The principal subject sits in the lower two thirds, weighted below centre and placed off the vertical axis. Clear depth across three planes: near, middle and far. No text, no letterforms, no numerals, no signature, no watermark, no logo, no border and no frame. Flowing, suspended and colliding fluids; ribbons, droplets, splashes, folds, pools and smooth sculptural forms shaped by surface tension. Intense internal illumination, brilliant hot highlights, deep surrounding shadows, glowing atmospheric haze and aggressive high-contrast luminosity. Gentle directional movement, softly displaced forms, subtle asymmetry and relaxed visual flow across the composition. Electric cyan, violet and emerald, luminous against midnight."
433,0433_light_storm_drift_aurora.jpg,general,light,storm,drift,aurora,,487194186,previews/studio/general/0433_light_storm_drift_aurora.jpg,wallpapers/studio/general/0433_light_storm_drift_aurora.jpg,63898,ok,"A single striking abstract artwork made as a mobile phone wallpaper. Vertical 9:16 mobile wallpaper, full-bleed edge to edge composition. The upper region of the frame is open and unadorned — atmosphere, gradient falloff or empty depth, no detail and no focal point there. The principal subject sits in the lower two thirds, weighted below centre and placed off the vertical axis. Clear depth across three planes: near, middle and far. No text, no letterforms, no numerals, no signature, no watermark, no logo, no border and no frame. Beams, halos, luminous ribbons, glowing fields, volumetric rays, reflections and radiant forms constructed primarily from illumination. Hard raking light through broken darkness, sharp highlights, deep shadows, high contrast and dense moisture-filled atmosphere. Gentle directional movement, softly displaced forms, subtle asymmetry and relaxed visual flow across the composition. Electric cyan, violet and emerald, luminous against midnight."
145,0145_glass_eclipse_drift_aurora.jpg,general,glass,eclipse,drift,aurora,,513873350,,,,failed,"flux timed out -- status=starting"
6,0006_cosmos_storm_drift_ember.jpg,general,cosmos,storm,drift,ember,,914489855,,,,failed,"flux timed out -- status=starting"
434,0434_light_twilight_flow_aurora.jpg,general,light,twilight,flow,aurora,,994146300,previews/studio/general/0434_light_twilight_flow_aurora.jpg,wallpapers/studio/general/0434_light_twilight_flow_aurora.jpg,64024,ok,"A single striking abstract artwork made as a mobile phone wallpaper. Vertical 9:16 mobile wallpaper, full-bleed edge to edge composition. The upper region of the frame is open and unadorned — atmosphere, gradient falloff or empty depth, no detail and no focal point there. The principal subject sits in the lower two thirds, weighted below centre and placed off the vertical axis. Clear depth across three planes: near, middle and far. No text, no letterforms, no numerals, no signature, no watermark, no logo, no border and no frame. Beams, halos, luminous ribbons, glowing fields, volumetric rays, reflections and radiant forms constructed primarily from illumination. Low directional light, long soft shadows, subdued highlights, layered atmospheric haze and a gradual transition between luminous and dark values. Continuous sweeping movement, interconnected forms, graceful curves and clear directional pathways carrying the eye through the composition. Electric cyan, violet and emerald, luminous against midnight."
146,0146_glass_midnight_flow_aurora.jpg,general,glass,midnight,flow,aurora,,1020825464,,,,failed,"prediction failed: Model execution failed (User Input Error): AiError: AiError: NSFW content detected. Try running it again, or try a different prompt. (67f10239-7453-4f86-bf6d-cf3b5f46d790)"
290,0290_liquid_dream_flow_aurora.jpg,general,liquid,dream,flow,aurora,,1007485882,,,,failed,"flux timed out -- status=starting"
7,0007_cosmos_twilight_flow_ember.jpg,general,cosmos,twilight,flow,ember,,1421441969,previews/studio/general/0007_cosmos_twilight_flow_ember.jpg,wallpapers/studio/general/0007_cosmos_twilight_flow_ember.jpg,32404,ok,"A single striking abstract artwork made as a mobile phone wallpaper. Vertical 9:16 mobile wallpaper, full-bleed edge to edge composition. The upper region of the frame is open and unadorned — atmosphere, gradient falloff or empty depth, no detail and no focal point there. The principal subject sits in the lower two thirds, weighted below centre and placed off the vertical axis. Clear depth across three planes: near, middle and far. No text, no letterforms, no numerals, no signature, no watermark, no logo, no border and no frame. Vast celestial forms, nebulae, star fields, cosmic dust, planetary curves, gravitational arcs and luminous interstellar structures. Low directional light, long soft shadows, subdued highlights, layered atmospheric haze and a gradual transition between luminous and dark values. Continuous sweeping movement, interconnected forms, graceful curves and clear directional pathways carrying the eye through the composition. Molten orange, crimson and amber against charcoal."
147,0147_glass_inferno_surge_aurora.jpg,general,glass,inferno,surge,aurora,,1527777578,,,,failed,"prediction failed: Model execution failed (User Input Error): AiError: AiError: NSFW content detected. Try running it again, or try a different prompt. (072cd80e-f5ad-4c9b-be09-6eaf8d8ff067)"
291,0291_liquid_storm_surge_aurora.jpg,general,liquid,storm,surge,aurora,,1514437996,previews/studio/general/0291_liquid_storm_surge_aurora.jpg,wallpapers/studio/general/0291_liquid_storm_surge_aurora.jpg,63834,ok,"A single striking abstract artwork made as a mobile phone wallpaper. Vertical 9:16 mobile wallpaper, full-bleed edge to edge composition. The upper region of the frame is open and unadorned — atmosphere, gradient falloff or empty depth, no detail and no focal point there. The principal subject sits in the lower two thirds, weighted below centre and placed off the vertical axis. Clear depth across three planes: near, middle and far. No text, no letterforms, no numerals, no signature, no watermark, no logo, no border and no frame. Flowing, suspended and colliding fluids; ribbons, droplets, splashes, folds, pools and smooth sculptural forms shaped by surface tension. Hard raking light through broken darkness, sharp highlights, deep shadows, high contrast and dense moisture-filled atmosphere. Forceful directional movement, strong diagonals, overlapping forms, dynamic scale changes and pronounced visual momentum. Electric cyan, violet and emerald, luminous against midnight."
435,0435_light_eclipse_surge_aurora.jpg,general,light,eclipse,surge,aurora,,1501098414,,,,failed,"flux timed out -- status=starting"
8,0008_cosmos_eclipse_surge_ember.jpg,general,cosmos,eclipse,surge,ember,,1928394083,previews/studio/general/0008_cosmos_eclipse_surge_ember.jpg,wallpapers/studio/general/0008_cosmos_eclipse_surge_ember.jpg,64070,ok,"A single striking abstract artwork made as a mobile phone wallpaper. Vertical 9:16 mobile wallpaper, full-bleed edge to edge composition. The upper region of the frame is open and unadorned — atmosphere, gradient falloff or empty depth, no detail and no focal point there. The principal subject sits in the lower two thirds, weighted below centre and placed off the vertical axis. Clear depth across three planes: near, middle and far. No text, no letterforms, no numerals, no signature, no watermark, no logo, no border and no frame. Vast celestial forms, nebulae, star fields, cosmic dust, planetary curves, gravitational arcs and luminous interstellar structures. Strong backlighting, deep silhouettes, narrow brilliant rim light, extreme separation between darkness and radiance, with restrained atmospheric glow. Forceful directional movement, strong diagonals, overlapping forms, dynamic scale changes and pronounced visual momentum. Molten orange, crimson and amber against charcoal."
148,0148_glass_dream_eruption_aurora.jpg,general,glass,dream,eruption,aurora,,2034729692,previews/studio/general/0148_glass_dream_eruption_aurora.jpg,wallpapers/studio/general/0148_glass_dream_eruption_aurora.jpg,20466,ok,"A single striking abstract artwork made as a mobile phone wallpaper. Vertical 9:16 mobile wallpaper, full-bleed edge to edge composition. The upper region of the frame is open and unadorned — atmosphere, gradient falloff or empty depth, no detail and no focal point there. The principal subject sits in the lower two thirds, weighted below centre and placed off the vertical axis. Clear depth across three planes: near, middle and far. No text, no letterforms, no numerals, no signature, no watermark, no logo, no border and no frame. Transparent and translucent glass, refraction, caustics, prisms, curved surfaces, crystalline edges, internal reflections and luminous optical depth. Soft diffused illumination, luminous haze, gentle tonal transitions, restrained contrast, subtle bloom and an ethereal atmospheric glow. Explosive outward movement, fragmented forms, dramatic displacement, extreme scale variation and dense controlled complexity radiating through the composition. Electric cyan, violet and emerald, luminous against midnight."
292,0292_liquid_twilight_eruption_aurora.jpg,general,liquid,twilight,eruption,aurora,,2021390110,previews/studio/general/0292_liquid_twilight_eruption_aurora.jpg,wallpapers/studio/general/0292_liquid_twilight_eruption_aurora.jpg,64224,ok,"A single striking abstract artwork made as a mobile phone wallpaper. Vertical 9:16 mobile wallpaper, full-bleed edge to edge composition. The upper region of the frame is open and unadorned — atmosphere, gradient falloff or empty depth, no detail and no focal point there. The principal subject sits in the lower two thirds, weighted below centre and placed off the vertical axis. Clear depth across three planes: near, middle and far. No text, no letterforms, no numerals, no signature, no watermark, no logo, no border and no frame. Flowing, suspended and colliding fluids; ribbons, droplets, splashes, folds, pools and smooth sculptural forms shaped by surface tension. Low directional light, long soft shadows, subdued highlights, layered atmospheric haze and a gradual transition between luminous and dark values. Explosive outward movement, fragmented forms, dramatic displacement, extreme scale variation and dense controlled complexity radiating through the composition. Electric cyan, violet and emerald, luminous against midnight."
436,0436_light_midnight_eruption_aurora.jpg,general,light,midnight,eruption,aurora,,2008050528,previews/studio/general/0436_light_midnight_eruption_aurora.jpg,wallpapers/studio/general/0436_light_midnight_eruption_aurora.jpg,64616,ok,"A single striking abstract artwork made as a mobile phone wallpaper. Vertical 9:16 mobile wallpaper, full-bleed edge to edge composition. The upper region of the frame is open and unadorned — atmosphere, gradient falloff or empty depth, no detail and no focal point there. The principal subject sits in the lower two thirds, weighted below centre and placed off the vertical axis. Clear depth across three planes: near, middle and far. No text, no letterforms, no numerals, no signature, no watermark, no logo, no border and no frame. Beams, halos, luminous ribbons, glowing fields, volumetric rays, reflections and radiant forms constructed primarily from illumination. Predominantly deep values, sparse concentrated illumination, rich shadows, isolated highlights and quiet low-light atmosphere. Explosive outward movement, fragmented forms, dramatic displacement, extreme scale variation and dense controlled complexity radiating through the composition. Electric cyan, violet and emerald, luminous against midnight."
9,0009_cosmos_midnight_eruption_ember.jpg,general,cosmos,midnight,eruption,ember,,287862550,previews/studio/general/0009_cosmos_midnight_eruption_ember.jpg,wallpapers/studio/general/0009_cosmos_midnight_eruption_ember.jpg,63952,ok,"A single striking abstract artwork made as a mobile phone wallpaper. Vertical 9:16 mobile wallpaper, full-bleed edge to edge composition. The upper region of the frame is open and unadorned — atmosphere, gradient falloff or empty depth, no detail and no focal point there. The principal subject sits in the lower two thirds, weighted below centre and placed off the vertical axis. Clear depth across three planes: near, middle and far. No text, no letterforms, no numerals, no signature, no watermark, no logo, no border and no frame. Vast celestial forms, nebulae, star fields, cosmic dust, planetary curves, gravitational arcs and luminous interstellar structures. Predominantly deep values, sparse concentrated illumination, rich shadows, isolated highlights and quiet low-light atmosphere. Explosive outward movement, fragmented forms, dramatic displacement, extreme scale variation and dense controlled complexity radiating through the composition. Molten orange, crimson and amber against charcoal."
149,0149_glass_storm_stillness_aurora.jpg,general,glass,storm,stillness,aurora,,394198159,,,,failed,"prediction failed: Model execution failed (User Input Error): AiError: AiError: NSFW content detected. Try running it again, or try a different prompt. (a226fc2b-3f08-4162-9e10-9aada9d745ae)"
293,0293_liquid_eclipse_stillness_aurora.jpg,general,liquid,eclipse,stillness,aurora,,380858577,previews/studio/general/0293_liquid_eclipse_stillness_aurora.jpg,wallpapers/studio/general/0293_liquid_eclipse_stillness_aurora.jpg,64181,ok,"A single striking abstract artwork made as a mobile phone wallpaper. Vertical 9:16 mobile wallpaper, full-bleed edge to edge composition. The upper region of the frame is open and unadorned — atmosphere, gradient falloff or empty depth, no detail and no focal point there. The principal subject sits in the lower two thirds, weighted below centre and placed off the vertical axis. Clear depth across three planes: near, middle and far. No text, no letterforms, no numerals, no signature, no watermark, no logo, no border and no frame. Flowing, suspended and colliding fluids; ribbons, droplets, splashes, folds, pools and smooth sculptural forms shaped by surface tension. Strong backlighting, deep silhouettes, narrow brilliant rim light, extreme separation between darkness and radiance, with restrained atmospheric glow. Centered, balanced composition with generous negative space, minimal directional movement, simple large forms and a strong sense of visual stability. Electric cyan, violet and emerald, luminous against midnight."
437,0437_light_inferno_stillness_aurora.jpg,general,light,inferno,stillness,aurora,,367518995,previews/studio/general/0437_light_inferno_stillness_aurora.jpg,wallpapers/studio/general/0437_light_inferno_stillness_aurora.jpg,63280,ok,"A single striking abstract artwork made as a mobile phone wallpaper. Vertical 9:16 mobile wallpaper, full-bleed edge to edge composition. The upper region of the frame is open and unadorned — atmosphere, gradient falloff or empty depth, no detail and no focal point there. The principal subject sits in the lower two thirds, weighted below centre and placed off the vertical axis. Clear depth across three planes: near, middle and far. No text, no letterforms, no numerals, no signature, no watermark, no logo, no border and no frame. Beams, halos, luminous ribbons, glowing fields, volumetric rays, reflections and radiant forms constructed primarily from illumination. Intense internal illumination, brilliant hot highlights, deep surrounding shadows, glowing atmospheric haze and aggressive high-contrast luminosity. Centered, balanced composition with generous negative space, minimal directional movement, simple large forms and a strong sense of visual stability. Electric cyan, violet and emerald, luminous against midnight."
10,0010_cosmos_inferno_stillness_ember.jpg,general,cosmos,inferno,stillness,ember,,794814664,previews/studio/general/0010_cosmos_inferno_stillness_ember.jpg,wallpapers/studio/general/0010_cosmos_inferno_stillness_ember.jpg,63684,ok,"A single striking abstract artwork made as a mobile phone wallpaper. Vertical 9:16 mobile wallpaper, full-bleed edge to edge composition. The upper region of the frame is open and unadorned — atmosphere, gradient falloff or empty depth, no detail and no focal point there. The principal subject sits in the lower two thirds, weighted below centre and placed off the vertical axis. Clear depth across three planes: near, middle and far. No text, no letterforms, no numerals, no signature, no watermark, no logo, no border and no frame. Vast celestial forms, nebulae, star fields, cosmic dust, planetary curves, gravitational arcs and luminous interstellar structures. Intense internal illumination, brilliant hot highlights, deep surrounding shadows, glowing atmospheric haze and aggressive high-contrast luminosity. Centered, balanced composition with generous negative space, minimal directional movement, simple large forms and a strong sense of visual stability. Molten orange, crimson and amber against charcoal."
150,0150_glass_eclipse_drift_ember.jpg,general,glass,eclipse,drift,ember,,901150273,previews/studio/general/0150_glass_eclipse_drift_ember.jpg,wallpapers/studio/general/0150_glass_eclipse_drift_ember.jpg,63990,ok,"A single striking abstract artwork made as a mobile phone wallpaper. Vertical 9:16 mobile wallpaper, full-bleed edge to edge composition. The upper region of the frame is open and unadorned — atmosphere, gradient falloff or empty depth, no detail and no focal point there. The principal subject sits in the lower two thirds, weighted below centre and placed off the vertical axis. Clear depth across three planes: near, middle and far. No text, no letterforms, no numerals, no signature, no watermark, no logo, no border and no frame. Transparent and translucent glass, refraction, caustics, prisms, curved surfaces, crystalline edges, internal reflections and luminous optical depth. Strong backlighting, deep silhouettes, narrow brilliant rim light, extreme separation between darkness and radiance, with restrained atmospheric glow. Gentle directional movement, softly displaced forms, subtle asymmetry and relaxed visual flow across the composition. Molten orange, crimson and amber against charcoal."
294,0294_liquid_inferno_drift_ember.jpg,general,liquid,inferno,drift,ember,,887810691,previews/studio/general/0294_liquid_inferno_drift_ember.jpg,wallpapers/studio/general/0294_liquid_inferno_drift_ember.jpg,64404,ok,"A single striking abstract artwork made as a mobile phone wallpaper. Vertical 9:16 mobile wallpaper, full-bleed edge to edge composition. The upper region of the frame is open and unadorned — atmosphere, gradient falloff or empty depth, no detail and no focal point there. The principal subject sits in the lower two thirds, weighted below centre and placed off the vertical axis. Clear depth across three planes: near, middle and far. No text, no letterforms, no numerals, no signature, no watermark, no logo, no border and no frame. Flowing, suspended and colliding fluids; ribbons, droplets, splashes, folds, pools and smooth sculptural forms shaped by surface tension. Intense internal illumination, brilliant hot highlights, deep surrounding shadows, glowing atmospheric haze and aggressive high-contrast luminosity. Gentle directional movement, softly displaced forms, subtle asymmetry and relaxed visual flow across the composition. Molten orange, crimson and amber against charcoal."
438,0438_light_storm_drift_ember.jpg,general,light,storm,drift,ember,,874471109,previews/studio/general/0438_light_storm_drift_ember.jpg,wallpapers/studio/general/0438_light_storm_drift_ember.jpg,63559,ok,"A single striking abstract artwork made as a mobile phone wallpaper. Vertical 9:16 mobile wallpaper, full-bleed edge to edge composition. The upper region of the frame is open and unadorned — atmosphere, gradient falloff or empty depth, no detail and no focal point there. The principal subject sits in the lower two thirds, weighted below centre and placed off the vertical axis. Clear depth across three planes: near, middle and far. No text, no letterforms, no numerals, no signature, no watermark, no logo, no border and no frame. Beams, halos, luminous ribbons, glowing fields, volumetric rays, reflections and radiant forms constructed primarily from illumination. Hard raking light through broken darkness, sharp highlights, deep shadows, high contrast and dense moisture-filled atmosphere. Gentle directional movement, softly displaced forms, subtle asymmetry and relaxed visual flow across the composition. Molten orange, crimson and amber against charcoal."
11,0011_cosmos_dream_drift_ember.jpg,general,cosmos,dream,drift,ember,,1301766778,previews/studio/general/0011_cosmos_dream_drift_ember.jpg,wallpapers/studio/general/0011_cosmos_dream_drift_ember.jpg,63469,ok,"A single striking abstract artwork made as a mobile phone wallpaper. Vertical 9:16 mobile wallpaper, full-bleed edge to edge composition. The upper region of the frame is open and unadorned — atmosphere, gradient falloff or empty depth, no detail and no focal point there. The principal subject sits in the lower two thirds, weighted below centre and placed off the vertical axis. Clear depth across three planes: near, middle and far. No text, no letterforms, no numerals, no signature, no watermark, no logo, no border and no frame. Vast celestial forms, nebulae, star fields, cosmic dust, planetary curves, gravitational arcs and luminous interstellar structures. Soft diffused illumination, luminous haze, gentle tonal transitions, restrained contrast, subtle bloom and an ethereal atmospheric glow. Gentle directional movement, softly displaced forms, subtle asymmetry and relaxed visual flow across the composition. Molten orange, crimson and amber against charcoal."
151,0151_glass_midnight_flow_ember.jpg,general,glass,midnight,flow,ember,,1408102387,previews/studio/general/0151_glass_midnight_flow_ember.jpg,wallpapers/studio/general/0151_glass_midnight_flow_ember.jpg,63817,ok,"A single striking abstract artwork made as a mobile phone wallpaper. Vertical 9:16 mobile wallpaper, full-bleed edge to edge composition. The upper region of the frame is open and unadorned — atmosphere, gradient falloff or empty depth, no detail and no focal point there. The principal subject sits in the lower two thirds, weighted below centre and placed off the vertical axis. Clear depth across three planes: near, middle and far. No text, no letterforms, no numerals, no signature, no watermark, no logo, no border and no frame. Transparent and translucent glass, refraction, caustics, prisms, curved surfaces, crystalline edges, internal reflections and luminous optical depth. Predominantly deep values, sparse concentrated illumination, rich shadows, isolated highlights and quiet low-light atmosphere. Continuous sweeping movement, interconnected forms, graceful curves and clear directional pathways carrying the eye through the composition. Molten orange, crimson and amber against charcoal."
12,0012_cosmos_twilight_flow_deep_ocean.jpg,general,cosmos,twilight,flow,deep_ocean,,1808718892,previews/studio/general/0012_cosmos_twilight_flow_deep_ocean.jpg,wallpapers/studio/general/0012_cosmos_twilight_flow_deep_ocean.jpg,2822,ok,"A single striking abstract artwork made as a mobile phone wallpaper. Vertical 9:16 mobile wallpaper, full-bleed edge to edge composition. The upper region of the frame is open and unadorned — atmosphere, gradient falloff or empty depth, no detail and no focal point there. The principal subject sits in the lower two thirds, weighted below centre and placed off the vertical axis. Clear depth across three planes: near, middle and far. No text, no letterforms, no numerals, no signature, no watermark, no logo, no border and no frame. Vast celestial forms, nebulae, star fields, cosmic dust, planetary curves, gravitational arcs and luminous interstellar structures. Low directional light, long soft shadows, subdued highlights, layered atmospheric haze and a gradual transition between luminous and dark values. Continuous sweeping movement, interconnected forms, graceful curves and clear directional pathways carrying the eye through the composition. Cobalt, teal and turquoise with tiny aqua highlights."
152,0152_glass_inferno_surge_ember.jpg,general,glass,inferno,surge,ember,,1915054501,previews/studio/general/0152_glass_inferno_surge_ember.jpg,wallpapers/studio/general/0152_glass_inferno_surge_ember.jpg,2094,ok,"A single striking abstract artwork made as a mobile phone wallpaper. Vertical 9:16 mobile wallpaper, full-bleed edge to edge composition. The upper region of the frame is open and unadorned — atmosphere, gradient falloff or empty depth, no detail and no focal point there. The principal subject sits in the lower two thirds, weighted below centre and placed off the vertical axis. Clear depth across three planes: near, middle and far. No text, no letterforms, no numerals, no signature, no watermark, no logo, no border and no frame. Transparent and translucent glass, refraction, caustics, prisms, curved surfaces, crystalline edges, internal reflections and luminous optical depth. Intense internal illumination, brilliant hot highlights, deep surrounding shadows, glowing atmospheric haze and aggressive high-contrast luminosity. Forceful directional movement, strong diagonals, overlapping forms, dynamic scale changes and pronounced visual momentum. Molten orange, crimson and amber against charcoal."
295,0295_liquid_dream_flow_ember.jpg,general,liquid,dream,flow,ember,,1394762805,previews/studio/general/0295_liquid_dream_flow_ember.jpg,wallpapers/studio/general/0295_liquid_dream_flow_ember.jpg,64045,ok,"A single striking abstract artwork made as a mobile phone wallpaper. Vertical 9:16 mobile wallpaper, full-bleed edge to edge composition. The upper region of the frame is open and unadorned — atmosphere, gradient falloff or empty depth, no detail and no focal point there. The principal subject sits in the lower two thirds, weighted below centre and placed off the vertical axis. Clear depth across three planes: near, middle and far. No text, no letterforms, no numerals, no signature, no watermark, no logo, no border and no frame. Flowing, suspended and colliding fluids; ribbons, droplets, splashes, folds, pools and smooth sculptural forms shaped by surface tension. Soft diffused illumination, luminous haze, gentle tonal transitions, restrained contrast, subtle bloom and an ethereal atmospheric glow. Continuous sweeping movement, interconnected forms, graceful curves and clear directional pathways carrying the eye through the composition. Molten orange, crimson and amber against charcoal."
296,0296_liquid_storm_surge_ember.jpg,general,liquid,storm,surge,ember,,1901714919,previews/studio/general/0296_liquid_storm_surge_ember.jpg,wallpapers/studio/general/0296_liquid_storm_surge_ember.jpg,1936,ok,"A single striking abstract artwork made as a mobile phone wallpaper. Vertical 9:16 mobile wallpaper, full-bleed edge to edge composition. The upper region of the frame is open and unadorned — atmosphere, gradient falloff or empty depth, no detail and no focal point there. The principal subject sits in the lower two thirds, weighted below centre and placed off the vertical axis. Clear depth across three planes: near, middle and far. No text, no letterforms, no numerals, no signature, no watermark, no logo, no border and no frame. Flowing, suspended and colliding fluids; ribbons, droplets, splashes, folds, pools and smooth sculptural forms shaped by surface tension. Hard raking light through broken darkness, sharp highlights, deep shadows, high contrast and dense moisture-filled atmosphere. Forceful directional movement, strong diagonals, overlapping forms, dynamic scale changes and pronounced visual momentum. Molten orange, crimson and amber against charcoal."
439,0439_light_twilight_flow_ember.jpg,general,light,twilight,flow,ember,,1381423223,previews/studio/general/0439_light_twilight_flow_ember.jpg,wallpapers/studio/general/0439_light_twilight_flow_ember.jpg,63700,ok,"A single striking abstract artwork made as a mobile phone wallpaper. Vertical 9:16 mobile wallpaper, full-bleed edge to edge composition. The upper region of the frame is open and unadorned — atmosphere, gradient falloff or empty depth, no detail and no focal point there. The principal subject sits in the lower two thirds, weighted below centre and placed off the vertical axis. Clear depth across three planes: near, middle and far. No text, no letterforms, no numerals, no signature, no watermark, no logo, no border and no frame. Beams, halos, luminous ribbons, glowing fields, volumetric rays, reflections and radiant forms constructed primarily from illumination. Low directional light, long soft shadows, subdued highlights, layered atmospheric haze and a gradual transition between luminous and dark values. Continuous sweeping movement, interconnected forms, graceful curves and clear directional pathways carrying the eye through the composition. Molten orange, crimson and amber against charcoal."
13,0013_cosmos_eclipse_surge_deep_ocean.jpg,general,cosmos,eclipse,surge,deep_ocean,,168187359,,,,failed,"prediction failed: Model execution failed (User Input Error): AiError: AiError: NSFW content detected. Try running it again, or try a different prompt. (3b187934-a1a0-413b-8c04-7ecc4c124618)"
153,0153_glass_dream_eruption_ember.jpg,general,glass,dream,eruption,ember,,274522968,previews/studio/general/0153_glass_dream_eruption_ember.jpg,wallpapers/studio/general/0153_glass_dream_eruption_ember.jpg,64817,ok,"A single striking abstract artwork made as a mobile phone wallpaper. Vertical 9:16 mobile wallpaper, full-bleed edge to edge composition. The upper region of the frame is open and unadorned — atmosphere, gradient falloff or empty depth, no detail and no focal point there. The principal subject sits in the lower two thirds, weighted below centre and placed off the vertical axis. Clear depth across three planes: near, middle and far. No text, no letterforms, no numerals, no signature, no watermark, no logo, no border and no frame. Transparent and translucent glass, refraction, caustics, prisms, curved surfaces, crystalline edges, internal reflections and luminous optical depth. Soft diffused illumination, luminous haze, gentle tonal transitions, restrained contrast, subtle bloom and an ethereal atmospheric glow. Explosive outward movement, fragmented forms, dramatic displacement, extreme scale variation and dense controlled complexity radiating through the composition. Molten orange, crimson and amber against charcoal."
297,0297_liquid_twilight_eruption_ember.jpg,general,liquid,twilight,eruption,ember,,261183386,previews/studio/general/0297_liquid_twilight_eruption_ember.jpg,wallpapers/studio/general/0297_liquid_twilight_eruption_ember.jpg,64505,ok,"A single striking abstract artwork made as a mobile phone wallpaper. Vertical 9:16 mobile wallpaper, full-bleed edge to edge composition. The upper region of the frame is open and unadorned — atmosphere, gradient falloff or empty depth, no detail and no focal point there. The principal subject sits in the lower two thirds, weighted below centre and placed off the vertical axis. Clear depth across three planes: near, middle and far. No text, no letterforms, no numerals, no signature, no watermark, no logo, no border and no frame. Flowing, suspended and colliding fluids; ribbons, droplets, splashes, folds, pools and smooth sculptural forms shaped by surface tension. Low directional light, long soft shadows, subdued highlights, layered atmospheric haze and a gradual transition between luminous and dark values. Explosive outward movement, fragmented forms, dramatic displacement, extreme scale variation and dense controlled complexity radiating through the composition. Molten orange, crimson and amber against charcoal."
440,0440_light_eclipse_surge_ember.jpg,general,light,eclipse,surge,ember,,1888375337,previews/studio/general/0440_light_eclipse_surge_ember.jpg,wallpapers/studio/general/0440_light_eclipse_surge_ember.jpg,63646,ok,"A single striking abstract artwork made as a mobile phone wallpaper. Vertical 9:16 mobile wallpaper, full-bleed edge to edge composition. The upper region of the frame is open and unadorned — atmosphere, gradient falloff or empty depth, no detail and no focal point there. The principal subject sits in the lower two thirds, weighted below centre and placed off the vertical axis. Clear depth across three planes: near, middle and far. No text, no letterforms, no numerals, no signature, no watermark, no logo, no border and no frame. Beams, halos, luminous ribbons, glowing fields, volumetric rays, reflections and radiant forms constructed primarily from illumination. Strong backlighting, deep silhouettes, narrow brilliant rim light, extreme separation between darkness and radiance, with restrained atmospheric glow. Forceful directional movement, strong diagonals, overlapping forms, dynamic scale changes and pronounced visual momentum. Molten orange, crimson and amber against charcoal."
441,0441_light_midnight_eruption_ember.jpg,general,light,midnight,eruption,ember,,247843804,previews/studio/general/0441_light_midnight_eruption_ember.jpg,wallpapers/studio/general/0441_light_midnight_eruption_ember.jpg,3120,ok,"A single striking abstract artwork made as a mobile phone wallpaper. Vertical 9:16 mobile wallpaper, full-bleed edge to edge composition. The upper region of the frame is open and unadorned — atmosphere, gradient falloff or empty depth, no detail and no focal point there. The principal subject sits in the lower two thirds, weighted below centre and placed off the vertical axis. Clear depth across three planes: near, middle and far. No text, no letterforms, no numerals, no signature, no watermark, no logo, no border and no frame. Beams, halos, luminous ribbons, glowing fields, volumetric rays, reflections and radiant forms constructed primarily from illumination. Predominantly deep values, sparse concentrated illumination, rich shadows, isolated highlights and quiet low-light atmosphere. Explosive outward movement, fragmented forms, dramatic displacement, extreme scale variation and dense controlled complexity radiating through the composition. Molten orange, crimson and amber against charcoal."
14,0014_cosmos_midnight_eruption_deep_ocean.jpg,general,cosmos,midnight,eruption,deep_ocean,,675139473,previews/studio/general/0014_cosmos_midnight_eruption_deep_ocean.jpg,wallpapers/studio/general/0014_cosmos_midnight_eruption_deep_ocean.jpg,64157,ok,"A single striking abstract artwork made as a mobile phone wallpaper. Vertical 9:16 mobile wallpaper, full-bleed edge to edge composition. The upper region of the frame is open and unadorned — atmosphere, gradient falloff or empty depth, no detail and no focal point there. The principal subject sits in the lower two thirds, weighted below centre and placed off the vertical axis. Clear depth across three planes: near, middle and far. No text, no letterforms, no numerals, no signature, no watermark, no logo, no border and no frame. Vast celestial forms, nebulae, star fields, cosmic dust, planetary curves, gravitational arcs and luminous interstellar structures. Predominantly deep values, sparse concentrated illumination, rich shadows, isolated highlights and quiet low-light atmosphere. Explosive outward movement, fragmented forms, dramatic displacement, extreme scale variation and dense controlled complexity radiating through the composition. Cobalt, teal and turquoise with tiny aqua highlights."
154,0154_glass_storm_stillness_ember.jpg,general,glass,storm,stillness,ember,,781475082,previews/studio/general/0154_glass_storm_stillness_ember.jpg,wallpapers/studio/general/0154_glass_storm_stillness_ember.jpg,63833,ok,"A single striking abstract artwork made as a mobile phone wallpaper. Vertical 9:16 mobile wallpaper, full-bleed edge to edge composition. The upper region of the frame is open and unadorned — atmosphere, gradient falloff or empty depth, no detail and no focal point there. The principal subject sits in the lower two thirds, weighted below centre and placed off the vertical axis. Clear depth across three planes: near, middle and far. No text, no letterforms, no numerals, no signature, no watermark, no logo, no border and no frame. Transparent and translucent glass, refraction, caustics, prisms, curved surfaces, crystalline edges, internal reflections and luminous optical depth. Hard raking light through broken darkness, sharp highlights, deep shadows, high contrast and dense moisture-filled atmosphere. Centered, balanced composition with generous negative space, minimal directional movement, simple large forms and a strong sense of visual stability. Molten orange, crimson and amber against charcoal."
298,0298_liquid_eclipse_stillness_ember.jpg,general,liquid,eclipse,stillness,ember,,768135500,previews/studio/general/0298_liquid_eclipse_stillness_ember.jpg,wallpapers/studio/general/0298_liquid_eclipse_stillness_ember.jpg,64566,ok,"A single striking abstract artwork made as a mobile phone wallpaper. Vertical 9:16 mobile wallpaper, full-bleed edge to edge composition. The upper region of the frame is open and unadorned — atmosphere, gradient falloff or empty depth, no detail and no focal point there. The principal subject sits in the lower two thirds, weighted below centre and placed off the vertical axis. Clear depth across three planes: near, middle and far. No text, no letterforms, no numerals, no signature, no watermark, no logo, no border and no frame. Flowing, suspended and colliding fluids; ribbons, droplets, splashes, folds, pools and smooth sculptural forms shaped by surface tension. Strong backlighting, deep silhouettes, narrow brilliant rim light, extreme separation between darkness and radiance, with restrained atmospheric glow. Centered, balanced composition with generous negative space, minimal directional movement, simple large forms and a strong sense of visual stability. Molten orange, crimson and amber against charcoal."
442,0442_light_inferno_stillness_ember.jpg,general,light,inferno,stillness,ember,,754795918,previews/studio/general/0442_light_inferno_stillness_ember.jpg,wallpapers/studio/general/0442_light_inferno_stillness_ember.jpg,64001,ok,"A single striking abstract artwork made as a mobile phone wallpaper. Vertical 9:16 mobile wallpaper, full-bleed edge to edge composition. The upper region of the frame is open and unadorned — atmosphere, gradient falloff or empty depth, no detail and no focal point there. The principal subject sits in the lower two thirds, weighted below centre and placed off the vertical axis. Clear depth across three planes: near, middle and far. No text, no letterforms, no numerals, no signature, no watermark, no logo, no border and no frame. Beams, halos, luminous ribbons, glowing fields, volumetric rays, reflections and radiant forms constructed primarily from illumination. Intense internal illumination, brilliant hot highlights, deep surrounding shadows, glowing atmospheric haze and aggressive high-contrast luminosity. Centered, balanced composition with generous negative space, minimal directional movement, simple large forms and a strong sense of visual stability. Molten orange, crimson and amber against charcoal."
15,0015_cosmos_inferno_stillness_deep_ocean.jpg,general,cosmos,inferno,stillness,deep_ocean,,1182091587,,,,failed,"prediction failed: Model execution failed (User Input Error): AiError: AiError: NSFW content detected. Try running it again, or try a different prompt. (dbdebfd0-3607-441a-a4af-56885384e78e)"
155,0155_glass_twilight_drift_ember.jpg,general,glass,twilight,drift,ember,,1288427196,previews/studio/general/0155_glass_twilight_drift_ember.jpg,wallpapers/studio/general/0155_glass_twilight_drift_ember.jpg,63390,ok,"A single striking abstract artwork made as a mobile phone wallpaper. Vertical 9:16 mobile wallpaper, full-bleed edge to edge composition. The upper region of the frame is open and unadorned — atmosphere, gradient falloff or empty depth, no detail and no focal point there. The principal subject sits in the lower two thirds, weighted below centre and placed off the vertical axis. Clear depth across three planes: near, middle and far. No text, no letterforms, no numerals, no signature, no watermark, no logo, no border and no frame. Transparent and translucent glass, refraction, caustics, prisms, curved surfaces, crystalline edges, internal reflections and luminous optical depth. Low directional light, long soft shadows, subdued highlights, layered atmospheric haze and a gradual transition between luminous and dark values. Gentle directional movement, softly displaced forms, subtle asymmetry and relaxed visual flow across the composition. Molten orange, crimson and amber against charcoal."
299,0299_liquid_midnight_drift_ember.jpg,general,liquid,midnight,drift,ember,,1275087614,previews/studio/general/0299_liquid_midnight_drift_ember.jpg,wallpapers/studio/general/0299_liquid_midnight_drift_ember.jpg,64921,ok,"A single striking abstract artwork made as a mobile phone wallpaper. Vertical 9:16 mobile wallpaper, full-bleed edge to edge composition. The upper region of the frame is open and unadorned — atmosphere, gradient falloff or empty depth, no detail and no focal point there. The principal subject sits in the lower two thirds, weighted below centre and placed off the vertical axis. Clear depth across three planes: near, middle and far. No text, no letterforms, no numerals, no signature, no watermark, no logo, no border and no frame. Flowing, suspended and colliding fluids; ribbons, droplets, splashes, folds, pools and smooth sculptural forms shaped by surface tension. Predominantly deep values, sparse concentrated illumination, rich shadows, isolated highlights and quiet low-light atmosphere. Gentle directional movement, softly displaced forms, subtle asymmetry and relaxed visual flow across the composition. Molten orange, crimson and amber against charcoal."
443,0443_light_dream_drift_ember.jpg,general,light,dream,drift,ember,,1261748032,previews/studio/general/0443_light_dream_drift_ember.jpg,wallpapers/studio/general/0443_light_dream_drift_ember.jpg,63448,ok,"A single striking abstract artwork made as a mobile phone wallpaper. Vertical 9:16 mobile wallpaper, full-bleed edge to edge composition. The upper region of the frame is open and unadorned — atmosphere, gradient falloff or empty depth, no detail and no focal point there. The principal subject sits in the lower two thirds, weighted below centre and placed off the vertical axis. Clear depth across three planes: near, middle and far. No text, no letterforms, no numerals, no signature, no watermark, no logo, no border and no frame. Beams, halos, luminous ribbons, glowing fields, volumetric rays, reflections and radiant forms constructed primarily from illumination. Soft diffused illumination, luminous haze, gentle tonal transitions, restrained contrast, subtle bloom and an ethereal atmospheric glow. Gentle directional movement, softly displaced forms, subtle asymmetry and relaxed visual flow across the composition. Molten orange, crimson and amber against charcoal."
16,0016_cosmos_dream_drift_deep_ocean.jpg,general,cosmos,dream,drift,deep_ocean,,1689043701,previews/studio/general/0016_cosmos_dream_drift_deep_ocean.jpg,wallpapers/studio/general/0016_cosmos_dream_drift_deep_ocean.jpg,64634,ok,"A single striking abstract artwork made as a mobile phone wallpaper. Vertical 9:16 mobile wallpaper, full-bleed edge to edge composition. The upper region of the frame is open and unadorned — atmosphere, gradient falloff or empty depth, no detail and no focal point there. The principal subject sits in the lower two thirds, weighted below centre and placed off the vertical axis. Clear depth across three planes: near, middle and far. No text, no letterforms, no numerals, no signature, no watermark, no logo, no border and no frame. Vast celestial forms, nebulae, star fields, cosmic dust, planetary curves, gravitational arcs and luminous interstellar structures. Soft diffused illumination, luminous haze, gentle tonal transitions, restrained contrast, subtle bloom and an ethereal atmospheric glow. Gentle directional movement, softly displaced forms, subtle asymmetry and relaxed visual flow across the composition. Cobalt, teal and turquoise with tiny aqua highlights."
156,0156_glass_midnight_flow_deep_ocean.jpg,general,glass,midnight,flow,deep_ocean,,1795379310,previews/studio/general/0156_glass_midnight_flow_deep_ocean.jpg,wallpapers/studio/general/0156_glass_midnight_flow_deep_ocean.jpg,63979,ok,"A single striking abstract artwork made as a mobile phone wallpaper. Vertical 9:16 mobile wallpaper, full-bleed edge to edge composition. The upper region of the frame is open and unadorned — atmosphere, gradient falloff or empty depth, no detail and no focal point there. The principal subject sits in the lower two thirds, weighted below centre and placed off the vertical axis. Clear depth across three planes: near, middle and far. No text, no letterforms, no numerals, no signature, no watermark, no logo, no border and no frame. Transparent and translucent glass, refraction, caustics, prisms, curved surfaces, crystalline edges, internal reflections and luminous optical depth. Predominantly deep values, sparse concentrated illumination, rich shadows, isolated highlights and quiet low-light atmosphere. Continuous sweeping movement, interconnected forms, graceful curves and clear directional pathways carrying the eye through the composition. Cobalt, teal and turquoise with tiny aqua highlights."
444,0444_light_twilight_flow_deep_ocean.jpg,general,light,twilight,flow,deep_ocean,,1768700146,previews/studio/general/0444_light_twilight_flow_deep_ocean.jpg,wallpapers/studio/general/0444_light_twilight_flow_deep_ocean.jpg,64458,ok,"A single striking abstract artwork made as a mobile phone wallpaper. Vertical 9:16 mobile wallpaper, full-bleed edge to edge composition. The upper region of the frame is open and unadorned — atmosphere, gradient falloff or empty depth, no detail and no focal point there. The principal subject sits in the lower two thirds, weighted below centre and placed off the vertical axis. Clear depth across three planes: near, middle and far. No text, no letterforms, no numerals, no signature, no watermark, no logo, no border and no frame. Beams, halos, luminous ribbons, glowing fields, volumetric rays, reflections and radiant forms constructed primarily from illumination. Low directional light, long soft shadows, subdued highlights, layered atmospheric haze and a gradual transition between luminous and dark values. Continuous sweeping movement, interconnected forms, graceful curves and clear directional pathways carrying the eye through the composition. Cobalt, teal and turquoise with tiny aqua highlights."
17,0017_cosmos_storm_flow_deep_ocean.jpg,general,cosmos,storm,flow,deep_ocean,,48512168,previews/studio/general/0017_cosmos_storm_flow_deep_ocean.jpg,wallpapers/studio/general/0017_cosmos_storm_flow_deep_ocean.jpg,64089,ok,"A single striking abstract artwork made as a mobile phone wallpaper. Vertical 9:16 mobile wallpaper, full-bleed edge to edge composition. The upper region of the frame is open and unadorned — atmosphere, gradient falloff or empty depth, no detail and no focal point there. The principal subject sits in the lower two thirds, weighted below centre and placed off the vertical axis. Clear depth across three planes: near, middle and far. No text, no letterforms, no numerals, no signature, no watermark, no logo, no border and no frame. Vast celestial forms, nebulae, star fields, cosmic dust, planetary curves, gravitational arcs and luminous interstellar structures. Hard raking light through broken darkness, sharp highlights, deep shadows, high contrast and dense moisture-filled atmosphere. Continuous sweeping movement, interconnected forms, graceful curves and clear directional pathways carrying the eye through the composition. Cobalt, teal and turquoise with tiny aqua highlights."
300,0300_liquid_dream_flow_deep_ocean.jpg,general,liquid,dream,flow,deep_ocean,,1782039728,,,,failed,"flux timed out -- status=starting"
157,0157_glass_inferno_surge_deep_ocean.jpg,general,glass,inferno,surge,deep_ocean,,154847777,,,,failed,"flux timed out -- status=starting"
445,0445_light_eclipse_surge_deep_ocean.jpg,general,light,eclipse,surge,deep_ocean,,128168613,previews/studio/general/0445_light_eclipse_surge_deep_ocean.jpg,wallpapers/studio/general/0445_light_eclipse_surge_deep_ocean.jpg,64140,ok,"A single striking abstract artwork made as a mobile phone wallpaper. Vertical 9:16 mobile wallpaper, full-bleed edge to edge composition. The upper region of the frame is open and unadorned — atmosphere, gradient falloff or empty depth, no detail and no focal point there. The principal subject sits in the lower two thirds, weighted below centre and placed off the vertical axis. Clear depth across three planes: near, middle and far. No text, no letterforms, no numerals, no signature, no watermark, no logo, no border and no frame. Beams, halos, luminous ribbons, glowing fields, volumetric rays, reflections and radiant forms constructed primarily from illumination. Strong backlighting, deep silhouettes, narrow brilliant rim light, extreme separation between darkness and radiance, with restrained atmospheric glow. Forceful directional movement, strong diagonals, overlapping forms, dynamic scale changes and pronounced visual momentum. Cobalt, teal and turquoise with tiny aqua highlights."
18,0018_cosmos_eclipse_surge_ultraviolet.jpg,general,cosmos,eclipse,surge,ultraviolet,,555464282,previews/studio/general/0018_cosmos_eclipse_surge_ultraviolet.jpg,wallpapers/studio/general/0018_cosmos_eclipse_surge_ultraviolet.jpg,63270,ok,"A single striking abstract artwork made as a mobile phone wallpaper. Vertical 9:16 mobile wallpaper, full-bleed edge to edge composition. The upper region of the frame is open and unadorned — atmosphere, gradient falloff or empty depth, no detail and no focal point there. The principal subject sits in the lower two thirds, weighted below centre and placed off the vertical axis. Clear depth across three planes: near, middle and far. No text, no letterforms, no numerals, no signature, no watermark, no logo, no border and no frame. Vast celestial forms, nebulae, star fields, cosmic dust, planetary curves, gravitational arcs and luminous interstellar structures. Strong backlighting, deep silhouettes, narrow brilliant rim light, extreme separation between darkness and radiance, with restrained atmospheric glow. Forceful directional movement, strong diagonals, overlapping forms, dynamic scale changes and pronounced visual momentum. Saturated violet, magenta and electric blue against black."
301,0301_liquid_storm_surge_deep_ocean.jpg,general,liquid,storm,surge,deep_ocean,,141508195,previews/studio/general/0301_liquid_storm_surge_deep_ocean.jpg,wallpapers/studio/general/0301_liquid_storm_surge_deep_ocean.jpg,64314,ok,"A single striking abstract artwork made as a mobile phone wallpaper. Vertical 9:16 mobile wallpaper, full-bleed edge to edge composition. The upper region of the frame is open and unadorned — atmosphere, gradient falloff or empty depth, no detail and no focal point there. The principal subject sits in the lower two thirds, weighted below centre and placed off the vertical axis. Clear depth across three planes: near, middle and far. No text, no letterforms, no numerals, no signature, no watermark, no logo, no border and no frame. Flowing, suspended and colliding fluids; ribbons, droplets, splashes, folds, pools and smooth sculptural forms shaped by surface tension. Hard raking light through broken darkness, sharp highlights, deep shadows, high contrast and dense moisture-filled atmosphere. Forceful directional movement, strong diagonals, overlapping forms, dynamic scale changes and pronounced visual momentum. Cobalt, teal and turquoise with tiny aqua highlights."
158,0158_glass_dream_eruption_deep_ocean.jpg,general,glass,dream,eruption,deep_ocean,,661799891,previews/studio/general/0158_glass_dream_eruption_deep_ocean.jpg,wallpapers/studio/general/0158_glass_dream_eruption_deep_ocean.jpg,64850,ok,"A single striking abstract artwork made as a mobile phone wallpaper. Vertical 9:16 mobile wallpaper, full-bleed edge to edge composition. The upper region of the frame is open and unadorned — atmosphere, gradient falloff or empty depth, no detail and no focal point there. The principal subject sits in the lower two thirds, weighted below centre and placed off the vertical axis. Clear depth across three planes: near, middle and far. No text, no letterforms, no numerals, no signature, no watermark, no logo, no border and no frame. Transparent and translucent glass, refraction, caustics, prisms, curved surfaces, crystalline edges, internal reflections and luminous optical depth. Soft diffused illumination, luminous haze, gentle tonal transitions, restrained contrast, subtle bloom and an ethereal atmospheric glow. Explosive outward movement, fragmented forms, dramatic displacement, extreme scale variation and dense controlled complexity radiating through the composition. Cobalt, teal and turquoise with tiny aqua highlights."
446,0446_light_midnight_eruption_deep_ocean.jpg,general,light,midnight,eruption,deep_ocean,,635120727,previews/studio/general/0446_light_midnight_eruption_deep_ocean.jpg,wallpapers/studio/general/0446_light_midnight_eruption_deep_ocean.jpg,64771,ok,"A single striking abstract artwork made as a mobile phone wallpaper. Vertical 9:16 mobile wallpaper, full-bleed edge to edge composition. The upper region of the frame is open and unadorned — atmosphere, gradient falloff or empty depth, no detail and no focal point there. The principal subject sits in the lower two thirds, weighted below centre and placed off the vertical axis. Clear depth across three planes: near, middle and far. No text, no letterforms, no numerals, no signature, no watermark, no logo, no border and no frame. Beams, halos, luminous ribbons, glowing fields, volumetric rays, reflections and radiant forms constructed primarily from illumination. Predominantly deep values, sparse concentrated illumination, rich shadows, isolated highlights and quiet low-light atmosphere. Explosive outward movement, fragmented forms, dramatic displacement, extreme scale variation and dense controlled complexity radiating through the composition. Cobalt, teal and turquoise with tiny aqua highlights."
19,0019_cosmos_midnight_eruption_ultraviolet.jpg,general,cosmos,midnight,eruption,ultraviolet,,1062416396,,,,failed,"prediction failed: Director: unexpected error handling prediction (E9828)"
302,0302_liquid_twilight_eruption_deep_ocean.jpg,general,liquid,twilight,eruption,deep_ocean,,648460309,previews/studio/general/0302_liquid_twilight_eruption_deep_ocean.jpg,wallpapers/studio/general/0302_liquid_twilight_eruption_deep_ocean.jpg,57517,ok,"A single striking abstract artwork made as a mobile phone wallpaper. Vertical 9:16 mobile wallpaper, full-bleed edge to edge composition. The upper region of the frame is open and unadorned — atmosphere, gradient falloff or empty depth, no detail and no focal point there. The principal subject sits in the lower two thirds, weighted below centre and placed off the vertical axis. Clear depth across three planes: near, middle and far. No text, no letterforms, no numerals, no signature, no watermark, no logo, no border and no frame. Flowing, suspended and colliding fluids; ribbons, droplets, splashes, folds, pools and smooth sculptural forms shaped by surface tension. Low directional light, long soft shadows, subdued highlights, layered atmospheric haze and a gradual transition between luminous and dark values. Explosive outward movement, fragmented forms, dramatic displacement, extreme scale variation and dense controlled complexity radiating through the composition. Cobalt, teal and turquoise with tiny aqua highlights."
159,0159_glass_storm_stillness_deep_ocean.jpg,general,glass,storm,stillness,deep_ocean,,1168752005,previews/studio/general/0159_glass_storm_stillness_deep_ocean.jpg,wallpapers/studio/general/0159_glass_storm_stillness_deep_ocean.jpg,65501,ok,"A single striking abstract artwork made as a mobile phone wallpaper. Vertical 9:16 mobile wallpaper, full-bleed edge to edge composition. The upper region of the frame is open and unadorned — atmosphere, gradient falloff or empty depth, no detail and no focal point there. The principal subject sits in the lower two thirds, weighted below centre and placed off the vertical axis. Clear depth across three planes: near, middle and far. No text, no letterforms, no numerals, no signature, no watermark, no logo, no border and no frame. Transparent and translucent glass, refraction, caustics, prisms, curved surfaces, crystalline edges, internal reflections and luminous optical depth. Hard raking light through broken darkness, sharp highlights, deep shadows, high contrast and dense moisture-filled atmosphere. Centered, balanced composition with generous negative space, minimal directional movement, simple large forms and a strong sense of visual stability. Cobalt, teal and turquoise with tiny aqua highlights."
447,0447_light_inferno_stillness_deep_ocean.jpg,general,light,inferno,stillness,deep_ocean,,1142072841,previews/studio/general/0447_light_inferno_stillness_deep_ocean.jpg,wallpapers/studio/general/0447_light_inferno_stillness_deep_ocean.jpg,65639,ok,"A single striking abstract artwork made as a mobile phone wallpaper. Vertical 9:16 mobile wallpaper, full-bleed edge to edge composition. The upper region of the frame is open and unadorned — atmosphere, gradient falloff or empty depth, no detail and no focal point there. The principal subject sits in the lower two thirds, weighted below centre and placed off the vertical axis. Clear depth across three planes: near, middle and far. No text, no letterforms, no numerals, no signature, no watermark, no logo, no border and no frame. Beams, halos, luminous ribbons, glowing fields, volumetric rays, reflections and radiant forms constructed primarily from illumination. Intense internal illumination, brilliant hot highlights, deep surrounding shadows, glowing atmospheric haze and aggressive high-contrast luminosity. Centered, balanced composition with generous negative space, minimal directional movement, simple large forms and a strong sense of visual stability. Cobalt, teal and turquoise with tiny aqua highlights."
20,0020_cosmos_inferno_stillness_ultraviolet.jpg,general,cosmos,inferno,stillness,ultraviolet,,1569368510,,,,failed,"prediction failed: Model execution failed (User Input Error): AiError: AiError: NSFW content detected. Try running it again, or try a different prompt. (45adfe8a-4388-4ac0-a078-8da9ed383a61)"
303,0303_liquid_eclipse_stillness_deep_ocean.jpg,general,liquid,eclipse,stillness,deep_ocean,,1155412423,previews/studio/general/0303_liquid_eclipse_stillness_deep_ocean.jpg,wallpapers/studio/general/0303_liquid_eclipse_stillness_deep_ocean.jpg,67151,ok,"A single striking abstract artwork made as a mobile phone wallpaper. Vertical 9:16 mobile wallpaper, full-bleed edge to edge composition. The upper region of the frame is open and unadorned — atmosphere, gradient falloff or empty depth, no detail and no focal point there. The principal subject sits in the lower two thirds, weighted below centre and placed off the vertical axis. Clear depth across three planes: near, middle and far. No text, no letterforms, no numerals, no signature, no watermark, no logo, no border and no frame. Flowing, suspended and colliding fluids; ribbons, droplets, splashes, folds, pools and smooth sculptural forms shaped by surface tension. Strong backlighting, deep silhouettes, narrow brilliant rim light, extreme separation between darkness and radiance, with restrained atmospheric glow. Centered, balanced composition with generous negative space, minimal directional movement, simple large forms and a strong sense of visual stability. Cobalt, teal and turquoise with tiny aqua highlights."
160,0160_glass_twilight_drift_deep_ocean.jpg,general,glass,twilight,drift,deep_ocean,,1675704119,previews/studio/general/0160_glass_twilight_drift_deep_ocean.jpg,wallpapers/studio/general/0160_glass_twilight_drift_deep_ocean.jpg,63794,ok,"A single striking abstract artwork made as a mobile phone wallpaper. Vertical 9:16 mobile wallpaper, full-bleed edge to edge composition. The upper region of the frame is open and unadorned — atmosphere, gradient falloff or empty depth, no detail and no focal point there. The principal subject sits in the lower two thirds, weighted below centre and placed off the vertical axis. Clear depth across three planes: near, middle and far. No text, no letterforms, no numerals, no signature, no watermark, no logo, no border and no frame. Transparent and translucent glass, refraction, caustics, prisms, curved surfaces, crystalline edges, internal reflections and luminous optical depth. Low directional light, long soft shadows, subdued highlights, layered atmospheric haze and a gradual transition between luminous and dark values. Gentle directional movement, softly displaced forms, subtle asymmetry and relaxed visual flow across the composition. Cobalt, teal and turquoise with tiny aqua highlights."
21,0021_cosmos_dream_drift_ultraviolet.jpg,general,cosmos,dream,drift,ultraviolet,,2076320624,,,,failed,"prediction failed: Model execution failed (User Input Error): AiError: AiError: NSFW content detected. Try running it again, or try a different prompt. (4cf9e13c-cf82-440d-9db4-c03f2ff96b5e)"
448,0448_light_dream_drift_deep_ocean.jpg,general,light,dream,drift,deep_ocean,,1649024955,previews/studio/general/0448_light_dream_drift_deep_ocean.jpg,wallpapers/studio/general/0448_light_dream_drift_deep_ocean.jpg,64517,ok,"A single striking abstract artwork made as a mobile phone wallpaper. Vertical 9:16 mobile wallpaper, full-bleed edge to edge composition. The upper region of the frame is open and unadorned — atmosphere, gradient falloff or empty depth, no detail and no focal point there. The principal subject sits in the lower two thirds, weighted below centre and placed off the vertical axis. Clear depth across three planes: near, middle and far. No text, no letterforms, no numerals, no signature, no watermark, no logo, no border and no frame. Beams, halos, luminous ribbons, glowing fields, volumetric rays, reflections and radiant forms constructed primarily from illumination. Soft diffused illumination, luminous haze, gentle tonal transitions, restrained contrast, subtle bloom and an ethereal atmospheric glow. Gentle directional movement, softly displaced forms, subtle asymmetry and relaxed visual flow across the composition. Cobalt, teal and turquoise with tiny aqua highlights."
22,0022_cosmos_storm_flow_ultraviolet.jpg,general,cosmos,storm,flow,ultraviolet,,435789091,previews/studio/general/0022_cosmos_storm_flow_ultraviolet.jpg,wallpapers/studio/general/0022_cosmos_storm_flow_ultraviolet.jpg,2966,ok,"A single striking abstract artwork made as a mobile phone wallpaper. Vertical 9:16 mobile wallpaper, full-bleed edge to edge composition. The upper region of the frame is open and unadorned — atmosphere, gradient falloff or empty depth, no detail and no focal point there. The principal subject sits in the lower two thirds, weighted below centre and placed off the vertical axis. Clear depth across three planes: near, middle and far. No text, no letterforms, no numerals, no signature, no watermark, no logo, no border and no frame. Vast celestial forms, nebulae, star fields, cosmic dust, planetary curves, gravitational arcs and luminous interstellar structures. Hard raking light through broken darkness, sharp highlights, deep shadows, high contrast and dense moisture-filled atmosphere. Continuous sweeping movement, interconnected forms, graceful curves and clear directional pathways carrying the eye through the composition. Saturated violet, magenta and electric blue against black."
304,0304_liquid_midnight_drift_deep_ocean.jpg,general,liquid,midnight,drift,deep_ocean,,1662364537,previews/studio/general/0304_liquid_midnight_drift_deep_ocean.jpg,wallpapers/studio/general/0304_liquid_midnight_drift_deep_ocean.jpg,63707,ok,"A single striking abstract artwork made as a mobile phone wallpaper. Vertical 9:16 mobile wallpaper, full-bleed edge to edge composition. The upper region of the frame is open and unadorned — atmosphere, gradient falloff or empty depth, no detail and no focal point there. The principal subject sits in the lower two thirds, weighted below centre and placed off the vertical axis. Clear depth across three planes: near, middle and far. No text, no letterforms, no numerals, no signature, no watermark, no logo, no border and no frame. Flowing, suspended and colliding fluids; ribbons, droplets, splashes, folds, pools and smooth sculptural forms shaped by surface tension. Predominantly deep values, sparse concentrated illumination, rich shadows, isolated highlights and quiet low-light atmosphere. Gentle directional movement, softly displaced forms, subtle asymmetry and relaxed visual flow across the composition. Cobalt, teal and turquoise with tiny aqua highlights."
161,0161_glass_eclipse_flow_deep_ocean.jpg,general,glass,eclipse,flow,deep_ocean,,35172586,previews/studio/general/0161_glass_eclipse_flow_deep_ocean.jpg,wallpapers/studio/general/0161_glass_eclipse_flow_deep_ocean.jpg,63267,ok,"A single striking abstract artwork made as a mobile phone wallpaper. Vertical 9:16 mobile wallpaper, full-bleed edge to edge composition. The upper region of the frame is open and unadorned — atmosphere, gradient falloff or empty depth, no detail and no focal point there. The principal subject sits in the lower two thirds, weighted below centre and placed off the vertical axis. Clear depth across three planes: near, middle and far. No text, no letterforms, no numerals, no signature, no watermark, no logo, no border and no frame. Transparent and translucent glass, refraction, caustics, prisms, curved surfaces, crystalline edges, internal reflections and luminous optical depth. Strong backlighting, deep silhouettes, narrow brilliant rim light, extreme separation between darkness and radiance, with restrained atmospheric glow. Continuous sweeping movement, interconnected forms, graceful curves and clear directional pathways carrying the eye through the composition. Cobalt, teal and turquoise with tiny aqua highlights."
449,0449_light_storm_flow_deep_ocean.jpg,general,light,storm,flow,deep_ocean,,8493422,previews/studio/general/0449_light_storm_flow_deep_ocean.jpg,wallpapers/studio/general/0449_light_storm_flow_deep_ocean.jpg,66571,ok,"A single striking abstract artwork made as a mobile phone wallpaper. Vertical 9:16 mobile wallpaper, full-bleed edge to edge composition. The upper region of the frame is open and unadorned — atmosphere, gradient falloff or empty depth, no detail and no focal point there. The principal subject sits in the lower two thirds, weighted below centre and placed off the vertical axis. Clear depth across three planes: near, middle and far. No text, no letterforms, no numerals, no signature, no watermark, no logo, no border and no frame. Beams, halos, luminous ribbons, glowing fields, volumetric rays, reflections and radiant forms constructed primarily from illumination. Hard raking light through broken darkness, sharp highlights, deep shadows, high contrast and dense moisture-filled atmosphere. Continuous sweeping movement, interconnected forms, graceful curves and clear directional pathways carrying the eye through the composition. Cobalt, teal and turquoise with tiny aqua highlights."
23,0023_cosmos_twilight_surge_ultraviolet.jpg,general,cosmos,twilight,surge,ultraviolet,,942741205,previews/studio/general/0023_cosmos_twilight_surge_ultraviolet.jpg,wallpapers/studio/general/0023_cosmos_twilight_surge_ultraviolet.jpg,64010,ok,"A single striking abstract artwork made as a mobile phone wallpaper. Vertical 9:16 mobile wallpaper, full-bleed edge to edge composition. The upper region of the frame is open and unadorned — atmosphere, gradient falloff or empty depth, no detail and no focal point there. The principal subject sits in the lower two thirds, weighted below centre and placed off the vertical axis. Clear depth across three planes: near, middle and far. No text, no letterforms, no numerals, no signature, no watermark, no logo, no border and no frame. Vast celestial forms, nebulae, star fields, cosmic dust, planetary curves, gravitational arcs and luminous interstellar structures. Low directional light, long soft shadows, subdued highlights, layered atmospheric haze and a gradual transition between luminous and dark values. Forceful directional movement, strong diagonals, overlapping forms, dynamic scale changes and pronounced visual momentum. Saturated violet, magenta and electric blue against black."
305,0305_liquid_inferno_flow_deep_ocean.jpg,general,liquid,inferno,flow,deep_ocean,,21833004,previews/studio/general/0305_liquid_inferno_flow_deep_ocean.jpg,wallpapers/studio/general/0305_liquid_inferno_flow_deep_ocean.jpg,64487,ok,"A single striking abstract artwork made as a mobile phone wallpaper. Vertical 9:16 mobile wallpaper, full-bleed edge to edge composition. The upper region of the frame is open and unadorned — atmosphere, gradient falloff or empty depth, no detail and no focal point there. The principal subject sits in the lower two thirds, weighted below centre and placed off the vertical axis. Clear depth across three planes: near, middle and far. No text, no letterforms, no numerals, no signature, no watermark, no logo, no border and no frame. Flowing, suspended and colliding fluids; ribbons, droplets, splashes, folds, pools and smooth sculptural forms shaped by surface tension. Intense internal illumination, brilliant hot highlights, deep surrounding shadows, glowing atmospheric haze and aggressive high-contrast luminosity. Continuous sweeping movement, interconnected forms, graceful curves and clear directional pathways carrying the eye through the composition. Cobalt, teal and turquoise with tiny aqua highlights."
162,0162_glass_inferno_surge_ultraviolet.jpg,general,glass,inferno,surge,ultraviolet,,542124700,previews/studio/general/0162_glass_inferno_surge_ultraviolet.jpg,wallpapers/studio/general/0162_glass_inferno_surge_ultraviolet.jpg,63871,ok,"A single striking abstract artwork made as a mobile phone wallpaper. Vertical 9:16 mobile wallpaper, full-bleed edge to edge composition. The upper region of the frame is open and unadorned — atmosphere, gradient falloff or empty depth, no detail and no focal point there. The principal subject sits in the lower two thirds, weighted below centre and placed off the vertical axis. Clear depth across three planes: near, middle and far. No text, no letterforms, no numerals, no signature, no watermark, no logo, no border and no frame. Transparent and translucent glass, refraction, caustics, prisms, curved surfaces, crystalline edges, internal reflections and luminous optical depth. Intense internal illumination, brilliant hot highlights, deep surrounding shadows, glowing atmospheric haze and aggressive high-contrast luminosity. Forceful directional movement, strong diagonals, overlapping forms, dynamic scale changes and pronounced visual momentum. Saturated violet, magenta and electric blue against black."
450,0450_light_eclipse_surge_ultraviolet.jpg,general,light,eclipse,surge,ultraviolet,,515445536,previews/studio/general/0450_light_eclipse_surge_ultraviolet.jpg,wallpapers/studio/general/0450_light_eclipse_surge_ultraviolet.jpg,64075,ok,"A single striking abstract artwork made as a mobile phone wallpaper. Vertical 9:16 mobile wallpaper, full-bleed edge to edge composition. The upper region of the frame is open and unadorned — atmosphere, gradient falloff or empty depth, no detail and no focal point there. The principal subject sits in the lower two thirds, weighted below centre and placed off the vertical axis. Clear depth across three planes: near, middle and far. No text, no letterforms, no numerals, no signature, no watermark, no logo, no border and no frame. Beams, halos, luminous ribbons, glowing fields, volumetric rays, reflections and radiant forms constructed primarily from illumination. Strong backlighting, deep silhouettes, narrow brilliant rim light, extreme separation between darkness and radiance, with restrained atmospheric glow. Forceful directional movement, strong diagonals, overlapping forms, dynamic scale changes and pronounced visual momentum. Saturated violet, magenta and electric blue against black."
24,0024_cosmos_midnight_eruption_solar.jpg,general,cosmos,midnight,eruption,solar,,1449693319,previews/studio/general/0024_cosmos_midnight_eruption_solar.jpg,wallpapers/studio/general/0024_cosmos_midnight_eruption_solar.jpg,64684,ok,"A single striking abstract artwork made as a mobile phone wallpaper. Vertical 9:16 mobile wallpaper, full-bleed edge to edge composition. The upper region of the frame is open and unadorned — atmosphere, gradient falloff or empty depth, no detail and no focal point there. The principal subject sits in the lower two thirds, weighted below centre and placed off the vertical axis. Clear depth across three planes: near, middle and far. No text, no letterforms, no numerals, no signature, no watermark, no logo, no border and no frame. Vast celestial forms, nebulae, star fields, cosmic dust, planetary curves, gravitational arcs and luminous interstellar structures. Predominantly deep values, sparse concentrated illumination, rich shadows, isolated highlights and quiet low-light atmosphere. Explosive outward movement, fragmented forms, dramatic displacement, extreme scale variation and dense controlled complexity radiating through the composition. Radiant gold, amber and warm ivory against deep bronze."
306,0306_liquid_storm_surge_ultraviolet.jpg,general,liquid,storm,surge,ultraviolet,,528785118,previews/studio/general/0306_liquid_storm_surge_ultraviolet.jpg,wallpapers/studio/general/0306_liquid_storm_surge_ultraviolet.jpg,63709,ok,"A single striking abstract artwork made as a mobile phone wallpaper. Vertical 9:16 mobile wallpaper, full-bleed edge to edge composition. The upper region of the frame is open and unadorned — atmosphere, gradient falloff or empty depth, no detail and no focal point there. The principal subject sits in the lower two thirds, weighted below centre and placed off the vertical axis. Clear depth across three planes: near, middle and far. No text, no letterforms, no numerals, no signature, no watermark, no logo, no border and no frame. Flowing, suspended and colliding fluids; ribbons, droplets, splashes, folds, pools and smooth sculptural forms shaped by surface tension. Hard raking light through broken darkness, sharp highlights, deep shadows, high contrast and dense moisture-filled atmosphere. Forceful directional movement, strong diagonals, overlapping forms, dynamic scale changes and pronounced visual momentum. Saturated violet, magenta and electric blue against black."
163,0163_glass_dream_eruption_ultraviolet.jpg,general,glass,dream,eruption,ultraviolet,,1049076814,previews/studio/general/0163_glass_dream_eruption_ultraviolet.jpg,wallpapers/studio/general/0163_glass_dream_eruption_ultraviolet.jpg,63682,ok,"A single striking abstract artwork made as a mobile phone wallpaper. Vertical 9:16 mobile wallpaper, full-bleed edge to edge composition. The upper region of the frame is open and unadorned — atmosphere, gradient falloff or empty depth, no detail and no focal point there. The principal subject sits in the lower two thirds, weighted below centre and placed off the vertical axis. Clear depth across three planes: near, middle and far. No text, no letterforms, no numerals, no signature, no watermark, no logo, no border and no frame. Transparent and translucent glass, refraction, caustics, prisms, curved surfaces, crystalline edges, internal reflections and luminous optical depth. Soft diffused illumination, luminous haze, gentle tonal transitions, restrained contrast, subtle bloom and an ethereal atmospheric glow. Explosive outward movement, fragmented forms, dramatic displacement, extreme scale variation and dense controlled complexity radiating through the composition. Saturated violet, magenta and electric blue against black."
451,0451_light_midnight_eruption_ultraviolet.jpg,general,light,midnight,eruption,ultraviolet,,1022397650,previews/studio/general/0451_light_midnight_eruption_ultraviolet.jpg,wallpapers/studio/general/0451_light_midnight_eruption_ultraviolet.jpg,64313,ok,"A single striking abstract artwork made as a mobile phone wallpaper. Vertical 9:16 mobile wallpaper, full-bleed edge to edge composition. The upper region of the frame is open and unadorned — atmosphere, gradient falloff or empty depth, no detail and no focal point there. The principal subject sits in the lower two thirds, weighted below centre and placed off the vertical axis. Clear depth across three planes: near, middle and far. No text, no letterforms, no numerals, no signature, no watermark, no logo, no border and no frame. Beams, halos, luminous ribbons, glowing fields, volumetric rays, reflections and radiant forms constructed primarily from illumination. Predominantly deep values, sparse concentrated illumination, rich shadows, isolated highlights and quiet low-light atmosphere. Explosive outward movement, fragmented forms, dramatic displacement, extreme scale variation and dense controlled complexity radiating through the composition. Saturated violet, magenta and electric blue against black."
307,0307_liquid_twilight_eruption_ultraviolet.jpg,general,liquid,twilight,eruption,ultraviolet,,1035737232,previews/studio/general/0307_liquid_twilight_eruption_ultraviolet.jpg,wallpapers/studio/general/0307_liquid_twilight_eruption_ultraviolet.jpg,63312,ok,"A single striking abstract artwork made as a mobile phone wallpaper. Vertical 9:16 mobile wallpaper, full-bleed edge to edge composition. The upper region of the frame is open and unadorned — atmosphere, gradient falloff or empty depth, no detail and no focal point there. The principal subject sits in the lower two thirds, weighted below centre and placed off the vertical axis. Clear depth across three planes: near, middle and far. No text, no letterforms, no numerals, no signature, no watermark, no logo, no border and no frame. Flowing, suspended and colliding fluids; ribbons, droplets, splashes, folds, pools and smooth sculptural forms shaped by surface tension. Low directional light, long soft shadows, subdued highlights, layered atmospheric haze and a gradual transition between luminous and dark values. Explosive outward movement, fragmented forms, dramatic displacement, extreme scale variation and dense controlled complexity radiating through the composition. Saturated violet, magenta and electric blue against black."
164,0164_glass_storm_stillness_ultraviolet.jpg,general,glass,storm,stillness,ultraviolet,,1556028928,previews/studio/general/0164_glass_storm_stillness_ultraviolet.jpg,wallpapers/studio/general/0164_glass_storm_stillness_ultraviolet.jpg,63176,ok,"A single striking abstract artwork made as a mobile phone wallpaper. Vertical 9:16 mobile wallpaper, full-bleed edge to edge composition. The upper region of the frame is open and unadorned — atmosphere, gradient falloff or empty depth, no detail and no focal point there. The principal subject sits in the lower two thirds, weighted below centre and placed off the vertical axis. Clear depth across three planes: near, middle and far. No text, no letterforms, no numerals, no signature, no watermark, no logo, no border and no frame. Transparent and translucent glass, refraction, caustics, prisms, curved surfaces, crystalline edges, internal reflections and luminous optical depth. Hard raking light through broken darkness, sharp highlights, deep shadows, high contrast and dense moisture-filled atmosphere. Centered, balanced composition with generous negative space, minimal directional movement, simple large forms and a strong sense of visual stability. Saturated violet, magenta and electric blue against black."
25,0025_cosmos_inferno_stillness_solar.jpg,general,cosmos,inferno,stillness,solar,,1956645433,,,,failed,"flux timed out -- status=starting"
452,0452_light_inferno_stillness_ultraviolet.jpg,general,light,inferno,stillness,ultraviolet,,1529349764,previews/studio/general/0452_light_inferno_stillness_ultraviolet.jpg,wallpapers/studio/general/0452_light_inferno_stillness_ultraviolet.jpg,63855,ok,"A single striking abstract artwork made as a mobile phone wallpaper. Vertical 9:16 mobile wallpaper, full-bleed edge to edge composition. The upper region of the frame is open and unadorned — atmosphere, gradient falloff or empty depth, no detail and no focal point there. The principal subject sits in the lower two thirds, weighted below centre and placed off the vertical axis. Clear depth across three planes: near, middle and far. No text, no letterforms, no numerals, no signature, no watermark, no logo, no border and no frame. Beams, halos, luminous ribbons, glowing fields, volumetric rays, reflections and radiant forms constructed primarily from illumination. Intense internal illumination, brilliant hot highlights, deep surrounding shadows, glowing atmospheric haze and aggressive high-contrast luminosity. Centered, balanced composition with generous negative space, minimal directional movement, simple large forms and a strong sense of visual stability. Saturated violet, magenta and electric blue against black."
308,0308_liquid_eclipse_stillness_ultraviolet.jpg,general,liquid,eclipse,stillness,ultraviolet,,1542689346,,,,failed,"prediction failed: Model execution failed (User Input Error): AiError: AiError: NSFW content detected. Try running it again, or try a different prompt. (8d73a545-9ea6-4446-bed0-83b499dda73f)"
165,0165_glass_twilight_drift_ultraviolet.jpg,general,glass,twilight,drift,ultraviolet,,2062981042,previews/studio/general/0165_glass_twilight_drift_ultraviolet.jpg,wallpapers/studio/general/0165_glass_twilight_drift_ultraviolet.jpg,63876,ok,"A single striking abstract artwork made as a mobile phone wallpaper. Vertical 9:16 mobile wallpaper, full-bleed edge to edge composition. The upper region of the frame is open and unadorned — atmosphere, gradient falloff or empty depth, no detail and no focal point there. The principal subject sits in the lower two thirds, weighted below centre and placed off the vertical axis. Clear depth across three planes: near, middle and far. No text, no letterforms, no numerals, no signature, no watermark, no logo, no border and no frame. Transparent and translucent glass, refraction, caustics, prisms, curved surfaces, crystalline edges, internal reflections and luminous optical depth. Low directional light, long soft shadows, subdued highlights, layered atmospheric haze and a gradual transition between luminous and dark values. Gentle directional movement, softly displaced forms, subtle asymmetry and relaxed visual flow across the composition. Saturated violet, magenta and electric blue against black."
26,0026_cosmos_dream_drift_solar.jpg,general,cosmos,dream,drift,solar,,316113900,,,,failed,"flux timed out -- status=starting"
453,0453_light_dream_drift_ultraviolet.jpg,general,light,dream,drift,ultraviolet,,2036301878,previews/studio/general/0453_light_dream_drift_ultraviolet.jpg,wallpapers/studio/general/0453_light_dream_drift_ultraviolet.jpg,63553,ok,"A single striking abstract artwork made as a mobile phone wallpaper. Vertical 9:16 mobile wallpaper, full-bleed edge to edge composition. The upper region of the frame is open and unadorned — atmosphere, gradient falloff or empty depth, no detail and no focal point there. The principal subject sits in the lower two thirds, weighted below centre and placed off the vertical axis. Clear depth across three planes: near, middle and far. No text, no letterforms, no numerals, no signature, no watermark, no logo, no border and no frame. Beams, halos, luminous ribbons, glowing fields, volumetric rays, reflections and radiant forms constructed primarily from illumination. Soft diffused illumination, luminous haze, gentle tonal transitions, restrained contrast, subtle bloom and an ethereal atmospheric glow. Gentle directional movement, softly displaced forms, subtle asymmetry and relaxed visual flow across the composition. Saturated violet, magenta and electric blue against black."
309,0309_liquid_midnight_drift_ultraviolet.jpg,general,liquid,midnight,drift,ultraviolet,,2049641460,previews/studio/general/0309_liquid_midnight_drift_ultraviolet.jpg,wallpapers/studio/general/0309_liquid_midnight_drift_ultraviolet.jpg,63613,ok,"A single striking abstract artwork made as a mobile phone wallpaper. Vertical 9:16 mobile wallpaper, full-bleed edge to edge composition. The upper region of the frame is open and unadorned — atmosphere, gradient falloff or empty depth, no detail and no focal point there. The principal subject sits in the lower two thirds, weighted below centre and placed off the vertical axis. Clear depth across three planes: near, middle and far. No text, no letterforms, no numerals, no signature, no watermark, no logo, no border and no frame. Flowing, suspended and colliding fluids; ribbons, droplets, splashes, folds, pools and smooth sculptural forms shaped by surface tension. Predominantly deep values, sparse concentrated illumination, rich shadows, isolated highlights and quiet low-light atmosphere. Gentle directional movement, softly displaced forms, subtle asymmetry and relaxed visual flow across the composition. Saturated violet, magenta and electric blue against black."
166,0166_glass_eclipse_flow_ultraviolet.jpg,general,glass,eclipse,flow,ultraviolet,,422449509,previews/studio/general/0166_glass_eclipse_flow_ultraviolet.jpg,wallpapers/studio/general/0166_glass_eclipse_flow_ultraviolet.jpg,63495,ok,"A single striking abstract artwork made as a mobile phone wallpaper. Vertical 9:16 mobile wallpaper, full-bleed edge to edge composition. The upper region of the frame is open and unadorned — atmosphere, gradient falloff or empty depth, no detail and no focal point there. The principal subject sits in the lower two thirds, weighted below centre and placed off the vertical axis. Clear depth across three planes: near, middle and far. No text, no letterforms, no numerals, no signature, no watermark, no logo, no border and no frame. Transparent and translucent glass, refraction, caustics, prisms, curved surfaces, crystalline edges, internal reflections and luminous optical depth. Strong backlighting, deep silhouettes, narrow brilliant rim light, extreme separation between darkness and radiance, with restrained atmospheric glow. Continuous sweeping movement, interconnected forms, graceful curves and clear directional pathways carrying the eye through the composition. Saturated violet, magenta and electric blue against black."
27,0027_cosmos_storm_flow_solar.jpg,general,cosmos,storm,flow,solar,,823066014,previews/studio/general/0027_cosmos_storm_flow_solar.jpg,wallpapers/studio/general/0027_cosmos_storm_flow_solar.jpg,64501,ok,"A single striking abstract artwork made as a mobile phone wallpaper. Vertical 9:16 mobile wallpaper, full-bleed edge to edge composition. The upper region of the frame is open and unadorned — atmosphere, gradient falloff or empty depth, no detail and no focal point there. The principal subject sits in the lower two thirds, weighted below centre and placed off the vertical axis. Clear depth across three planes: near, middle and far. No text, no letterforms, no numerals, no signature, no watermark, no logo, no border and no frame. Vast celestial forms, nebulae, star fields, cosmic dust, planetary curves, gravitational arcs and luminous interstellar structures. Hard raking light through broken darkness, sharp highlights, deep shadows, high contrast and dense moisture-filled atmosphere. Continuous sweeping movement, interconnected forms, graceful curves and clear directional pathways carrying the eye through the composition. Radiant gold, amber and warm ivory against deep bronze."
28,0028_cosmos_twilight_surge_solar.jpg,general,cosmos,twilight,surge,solar,,1330018128,previews/studio/general/0028_cosmos_twilight_surge_solar.jpg,wallpapers/studio/general/0028_cosmos_twilight_surge_solar.jpg,2687,ok,"A single striking abstract artwork made as a mobile phone wallpaper. Vertical 9:16 mobile wallpaper, full-bleed edge to edge composition. The upper region of the frame is open and unadorned — atmosphere, gradient falloff or empty depth, no detail and no focal point there. The principal subject sits in the lower two thirds, weighted below centre and placed off the vertical axis. Clear depth across three planes: near, middle and far. No text, no letterforms, no numerals, no signature, no watermark, no logo, no border and no frame. Vast celestial forms, nebulae, star fields, cosmic dust, planetary curves, gravitational arcs and luminous interstellar structures. Low directional light, long soft shadows, subdued highlights, layered atmospheric haze and a gradual transition between luminous and dark values. Forceful directional movement, strong diagonals, overlapping forms, dynamic scale changes and pronounced visual momentum. Radiant gold, amber and warm ivory against deep bronze."
454,0454_light_storm_flow_ultraviolet.jpg,general,light,storm,flow,ultraviolet,,395770345,previews/studio/general/0454_light_storm_flow_ultraviolet.jpg,wallpapers/studio/general/0454_light_storm_flow_ultraviolet.jpg,64082,ok,"A single striking abstract artwork made as a mobile phone wallpaper. Vertical 9:16 mobile wallpaper, full-bleed edge to edge composition. The upper region of the frame is open and unadorned — atmosphere, gradient falloff or empty depth, no detail and no focal point there. The principal subject sits in the lower two thirds, weighted below centre and placed off the vertical axis. Clear depth across three planes: near, middle and far. No text, no letterforms, no numerals, no signature, no watermark, no logo, no border and no frame. Beams, halos, luminous ribbons, glowing fields, volumetric rays, reflections and radiant forms constructed primarily from illumination. Hard raking light through broken darkness, sharp highlights, deep shadows, high contrast and dense moisture-filled atmosphere. Continuous sweeping movement, interconnected forms, graceful curves and clear directional pathways carrying the eye through the composition. Saturated violet, magenta and electric blue against black."
455,0455_light_twilight_surge_ultraviolet.jpg,general,light,twilight,surge,ultraviolet,,902722459,previews/studio/general/0455_light_twilight_surge_ultraviolet.jpg,wallpapers/studio/general/0455_light_twilight_surge_ultraviolet.jpg,2713,ok,"A single striking abstract artwork made as a mobile phone wallpaper. Vertical 9:16 mobile wallpaper, full-bleed edge to edge composition. The upper region of the frame is open and unadorned — atmosphere, gradient falloff or empty depth, no detail and no focal point there. The principal subject sits in the lower two thirds, weighted below centre and placed off the vertical axis. Clear depth across three planes: near, middle and far. No text, no letterforms, no numerals, no signature, no watermark, no logo, no border and no frame. Beams, halos, luminous ribbons, glowing fields, volumetric rays, reflections and radiant forms constructed primarily from illumination. Low directional light, long soft shadows, subdued highlights, layered atmospheric haze and a gradual transition between luminous and dark values. Forceful directional movement, strong diagonals, overlapping forms, dynamic scale changes and pronounced visual momentum. Saturated violet, magenta and electric blue against black."
310,0310_liquid_inferno_flow_ultraviolet.jpg,general,liquid,inferno,flow,ultraviolet,,409109927,,,,failed,"prediction failed: Model execution failed (User Input Error): AiError: AiError: NSFW content detected. Try running it again, or try a different prompt. (c8e6b605-d088-4fc9-99e1-e1c93b1f76b6)"
456,0456_light_midnight_eruption_solar.jpg,general,light,midnight,eruption,solar,,1409674573,previews/studio/general/0456_light_midnight_eruption_solar.jpg,wallpapers/studio/general/0456_light_midnight_eruption_solar.jpg,5005,ok,"A single striking abstract artwork made as a mobile phone wallpaper. Vertical 9:16 mobile wallpaper, full-bleed edge to edge composition. The upper region of the frame is open and unadorned — atmosphere, gradient falloff or empty depth, no detail and no focal point there. The principal subject sits in the lower two thirds, weighted below centre and placed off the vertical axis. Clear depth across three planes: near, middle and far. No text, no letterforms, no numerals, no signature, no watermark, no logo, no border and no frame. Beams, halos, luminous ribbons, glowing fields, volumetric rays, reflections and radiant forms constructed primarily from illumination. Predominantly deep values, sparse concentrated illumination, rich shadows, isolated highlights and quiet low-light atmosphere. Explosive outward movement, fragmented forms, dramatic displacement, extreme scale variation and dense controlled complexity radiating through the composition. Radiant gold, amber and warm ivory against deep bronze."
457,0457_light_inferno_stillness_solar.jpg,general,light,inferno,stillness,solar,,1916626687,previews/studio/general/0457_light_inferno_stillness_solar.jpg,wallpapers/studio/general/0457_light_inferno_stillness_solar.jpg,2501,ok,"A single striking abstract artwork made as a mobile phone wallpaper. Vertical 9:16 mobile wallpaper, full-bleed edge to edge composition. The upper region of the frame is open and unadorned — atmosphere, gradient falloff or empty depth, no detail and no focal point there. The principal subject sits in the lower two thirds, weighted below centre and placed off the vertical axis. Clear depth across three planes: near, middle and far. No text, no letterforms, no numerals, no signature, no watermark, no logo, no border and no frame. Beams, halos, luminous ribbons, glowing fields, volumetric rays, reflections and radiant forms constructed primarily from illumination. Intense internal illumination, brilliant hot highlights, deep surrounding shadows, glowing atmospheric haze and aggressive high-contrast luminosity. Centered, balanced composition with generous negative space, minimal directional movement, simple large forms and a strong sense of visual stability. Radiant gold, amber and warm ivory against deep bronze."
167,0167_glass_midnight_surge_ultraviolet.jpg,general,glass,midnight,surge,ultraviolet,,929401623,,,,failed,"prediction failed: Model execution failed (User Input Error): AiError: AiError: NSFW content detected. Try running it again, or try a different prompt. (47d2c14e-0af7-407e-bdbd-8ad19ad9c5cb)"
29,0029_cosmos_eclipse_eruption_solar.jpg,general,cosmos,eclipse,eruption,solar,,1836970242,previews/studio/general/0029_cosmos_eclipse_eruption_solar.jpg,wallpapers/studio/general/0029_cosmos_eclipse_eruption_solar.jpg,64730,ok,"A single striking abstract artwork made as a mobile phone wallpaper. Vertical 9:16 mobile wallpaper, full-bleed edge to edge composition. The upper region of the frame is open and unadorned — atmosphere, gradient falloff or empty depth, no detail and no focal point there. The principal subject sits in the lower two thirds, weighted below centre and placed off the vertical axis. Clear depth across three planes: near, middle and far. No text, no letterforms, no numerals, no signature, no watermark, no logo, no border and no frame. Vast celestial forms, nebulae, star fields, cosmic dust, planetary curves, gravitational arcs and luminous interstellar structures. Strong backlighting, deep silhouettes, narrow brilliant rim light, extreme separation between darkness and radiance, with restrained atmospheric glow. Explosive outward movement, fragmented forms, dramatic displacement, extreme scale variation and dense controlled complexity radiating through the composition. Radiant gold, amber and warm ivory against deep bronze."
311,0311_liquid_dream_surge_ultraviolet.jpg,general,liquid,dream,surge,ultraviolet,,916062041,,,,failed,"prediction failed: Model execution failed (User Input Error): AiError: AiError: NSFW content detected. Try running it again, or try a different prompt. (fcf9773c-0953-4954-8140-19e23b3603ec)"
458,0458_light_dream_drift_solar.jpg,general,light,dream,drift,solar,,276095154,previews/studio/general/0458_light_dream_drift_solar.jpg,wallpapers/studio/general/0458_light_dream_drift_solar.jpg,63452,ok,"A single striking abstract artwork made as a mobile phone wallpaper. Vertical 9:16 mobile wallpaper, full-bleed edge to edge composition. The upper region of the frame is open and unadorned — atmosphere, gradient falloff or empty depth, no detail and no focal point there. The principal subject sits in the lower two thirds, weighted below centre and placed off the vertical axis. Clear depth across three planes: near, middle and far. No text, no letterforms, no numerals, no signature, no watermark, no logo, no border and no frame. Beams, halos, luminous ribbons, glowing fields, volumetric rays, reflections and radiant forms constructed primarily from illumination. Soft diffused illumination, luminous haze, gentle tonal transitions, restrained contrast, subtle bloom and an ethereal atmospheric glow. Gentle directional movement, softly displaced forms, subtle asymmetry and relaxed visual flow across the composition. Radiant gold, amber and warm ivory against deep bronze."
168,0168_glass_dream_eruption_solar.jpg,general,glass,dream,eruption,solar,,1436353737,previews/studio/general/0168_glass_dream_eruption_solar.jpg,wallpapers/studio/general/0168_glass_dream_eruption_solar.jpg,63664,ok,"A single striking abstract artwork made as a mobile phone wallpaper. Vertical 9:16 mobile wallpaper, full-bleed edge to edge composition. The upper region of the frame is open and unadorned — atmosphere, gradient falloff or empty depth, no detail and no focal point there. The principal subject sits in the lower two thirds, weighted below centre and placed off the vertical axis. Clear depth across three planes: near, middle and far. No text, no letterforms, no numerals, no signature, no watermark, no logo, no border and no frame. Transparent and translucent glass, refraction, caustics, prisms, curved surfaces, crystalline edges, internal reflections and luminous optical depth. Soft diffused illumination, luminous haze, gentle tonal transitions, restrained contrast, subtle bloom and an ethereal atmospheric glow. Explosive outward movement, fragmented forms, dramatic displacement, extreme scale variation and dense controlled complexity radiating through the composition. Radiant gold, amber and warm ivory against deep bronze."
169,0169_glass_storm_stillness_solar.jpg,general,glass,storm,stillness,solar,,1943305851,previews/studio/general/0169_glass_storm_stillness_solar.jpg,wallpapers/studio/general/0169_glass_storm_stillness_solar.jpg,1817,ok,"A single striking abstract artwork made as a mobile phone wallpaper. Vertical 9:16 mobile wallpaper, full-bleed edge to edge composition. The upper region of the frame is open and unadorned — atmosphere, gradient falloff or empty depth, no detail and no focal point there. The principal subject sits in the lower two thirds, weighted below centre and placed off the vertical axis. Clear depth across three planes: near, middle and far. No text, no letterforms, no numerals, no signature, no watermark, no logo, no border and no frame. Transparent and translucent glass, refraction, caustics, prisms, curved surfaces, crystalline edges, internal reflections and luminous optical depth. Hard raking light through broken darkness, sharp highlights, deep shadows, high contrast and dense moisture-filled atmosphere. Centered, balanced composition with generous negative space, minimal directional movement, simple large forms and a strong sense of visual stability. Radiant gold, amber and warm ivory against deep bronze."
30,0030_cosmos_inferno_stillness_neon_noir.jpg,general,cosmos,inferno,stillness,neon_noir,,196438709,,,,failed,"prediction failed: Model execution failed (User Input Error): AiError: AiError: NSFW content detected. Try running it again, or try a different prompt. (d5e3f9c3-f3cf-43a4-89f0-5390dd5e419e)"
31,0031_cosmos_dream_drift_neon_noir.jpg,general,cosmos,dream,drift,neon_noir,,703390823,previews/studio/general/0031_cosmos_dream_drift_neon_noir.jpg,wallpapers/studio/general/0031_cosmos_dream_drift_neon_noir.jpg,2287,ok,"A single striking abstract artwork made as a mobile phone wallpaper. Vertical 9:16 mobile wallpaper, full-bleed edge to edge composition. The upper region of the frame is open and unadorned — atmosphere, gradient falloff or empty depth, no detail and no focal point there. The principal subject sits in the lower two thirds, weighted below centre and placed off the vertical axis. Clear depth across three planes: near, middle and far. No text, no letterforms, no numerals, no signature, no watermark, no logo, no border and no frame. Vast celestial forms, nebulae, star fields, cosmic dust, planetary curves, gravitational arcs and luminous interstellar structures. Soft diffused illumination, luminous haze, gentle tonal transitions, restrained contrast, subtle bloom and an ethereal atmospheric glow. Gentle directional movement, softly displaced forms, subtle asymmetry and relaxed visual flow across the composition. Hot magenta, cyan and violet against near-black."
312,0312_liquid_twilight_eruption_solar.jpg,general,liquid,twilight,eruption,solar,,1423014155,previews/studio/general/0312_liquid_twilight_eruption_solar.jpg,wallpapers/studio/general/0312_liquid_twilight_eruption_solar.jpg,65050,ok,"A single striking abstract artwork made as a mobile phone wallpaper. Vertical 9:16 mobile wallpaper, full-bleed edge to edge composition. The upper region of the frame is open and unadorned — atmosphere, gradient falloff or empty depth, no detail and no focal point there. The principal subject sits in the lower two thirds, weighted below centre and placed off the vertical axis. Clear depth across three planes: near, middle and far. No text, no letterforms, no numerals, no signature, no watermark, no logo, no border and no frame. Flowing, suspended and colliding fluids; ribbons, droplets, splashes, folds, pools and smooth sculptural forms shaped by surface tension. Low directional light, long soft shadows, subdued highlights, layered atmospheric haze and a gradual transition between luminous and dark values. Explosive outward movement, fragmented forms, dramatic displacement, extreme scale variation and dense controlled complexity radiating through the composition. Radiant gold, amber and warm ivory against deep bronze."
313,0313_liquid_eclipse_stillness_solar.jpg,general,liquid,eclipse,stillness,solar,,1929966269,previews/studio/general/0313_liquid_eclipse_stillness_solar.jpg,wallpapers/studio/general/0313_liquid_eclipse_stillness_solar.jpg,1849,ok,"A single striking abstract artwork made as a mobile phone wallpaper. Vertical 9:16 mobile wallpaper, full-bleed edge to edge composition. The upper region of the frame is open and unadorned — atmosphere, gradient falloff or empty depth, no detail and no focal point there. The principal subject sits in the lower two thirds, weighted below centre and placed off the vertical axis. Clear depth across three planes: near, middle and far. No text, no letterforms, no numerals, no signature, no watermark, no logo, no border and no frame. Flowing, suspended and colliding fluids; ribbons, droplets, splashes, folds, pools and smooth sculptural forms shaped by surface tension. Strong backlighting, deep silhouettes, narrow brilliant rim light, extreme separation between darkness and radiance, with restrained atmospheric glow. Centered, balanced composition with generous negative space, minimal directional movement, simple large forms and a strong sense of visual stability. Radiant gold, amber and warm ivory against deep bronze."
459,0459_light_storm_flow_solar.jpg,general,light,storm,flow,solar,,783047268,previews/studio/general/0459_light_storm_flow_solar.jpg,wallpapers/studio/general/0459_light_storm_flow_solar.jpg,64460,ok,"A single striking abstract artwork made as a mobile phone wallpaper. Vertical 9:16 mobile wallpaper, full-bleed edge to edge composition. The upper region of the frame is open and unadorned — atmosphere, gradient falloff or empty depth, no detail and no focal point there. The principal subject sits in the lower two thirds, weighted below centre and placed off the vertical axis. Clear depth across three planes: near, middle and far. No text, no letterforms, no numerals, no signature, no watermark, no logo, no border and no frame. Beams, halos, luminous ribbons, glowing fields, volumetric rays, reflections and radiant forms constructed primarily from illumination. Hard raking light through broken darkness, sharp highlights, deep shadows, high contrast and dense moisture-filled atmosphere. Continuous sweeping movement, interconnected forms, graceful curves and clear directional pathways carrying the eye through the composition. Radiant gold, amber and warm ivory against deep bronze."
170,0170_glass_twilight_drift_solar.jpg,general,glass,twilight,drift,solar,,302774318,previews/studio/general/0170_glass_twilight_drift_solar.jpg,wallpapers/studio/general/0170_glass_twilight_drift_solar.jpg,66719,ok,"A single striking abstract artwork made as a mobile phone wallpaper. Vertical 9:16 mobile wallpaper, full-bleed edge to edge composition. The upper region of the frame is open and unadorned — atmosphere, gradient falloff or empty depth, no detail and no focal point there. The principal subject sits in the lower two thirds, weighted below centre and placed off the vertical axis. Clear depth across three planes: near, middle and far. No text, no letterforms, no numerals, no signature, no watermark, no logo, no border and no frame. Transparent and translucent glass, refraction, caustics, prisms, curved surfaces, crystalline edges, internal reflections and luminous optical depth. Low directional light, long soft shadows, subdued highlights, layered atmospheric haze and a gradual transition between luminous and dark values. Gentle directional movement, softly displaced forms, subtle asymmetry and relaxed visual flow across the composition. Radiant gold, amber and warm ivory against deep bronze."
32,0032_cosmos_storm_flow_neon_noir.jpg,general,cosmos,storm,flow,neon_noir,,1210342937,,,,failed,"prediction failed: Model execution failed (User Input Error): AiError: AiError: NSFW content detected. Try running it again, or try a different prompt. (ebb6a4ec-408e-4554-adab-53690691e7d2)"
314,0314_liquid_midnight_drift_solar.jpg,general,liquid,midnight,drift,solar,,289434736,previews/studio/general/0314_liquid_midnight_drift_solar.jpg,wallpapers/studio/general/0314_liquid_midnight_drift_solar.jpg,63741,ok,"A single striking abstract artwork made as a mobile phone wallpaper. Vertical 9:16 mobile wallpaper, full-bleed edge to edge composition. The upper region of the frame is open and unadorned — atmosphere, gradient falloff or empty depth, no detail and no focal point there. The principal subject sits in the lower two thirds, weighted below centre and placed off the vertical axis. Clear depth across three planes: near, middle and far. No text, no letterforms, no numerals, no signature, no watermark, no logo, no border and no frame. Flowing, suspended and colliding fluids; ribbons, droplets, splashes, folds, pools and smooth sculptural forms shaped by surface tension. Predominantly deep values, sparse concentrated illumination, rich shadows, isolated highlights and quiet low-light atmosphere. Gentle directional movement, softly displaced forms, subtle asymmetry and relaxed visual flow across the composition. Radiant gold, amber and warm ivory against deep bronze."
460,0460_light_twilight_surge_solar.jpg,general,light,twilight,surge,solar,,1289999382,previews/studio/general/0460_light_twilight_surge_solar.jpg,wallpapers/studio/general/0460_light_twilight_surge_solar.jpg,64113,ok,"A single striking abstract artwork made as a mobile phone wallpaper. Vertical 9:16 mobile wallpaper, full-bleed edge to edge composition. The upper region of the frame is open and unadorned — atmosphere, gradient falloff or empty depth, no detail and no focal point there. The principal subject sits in the lower two thirds, weighted below centre and placed off the vertical axis. Clear depth across three planes: near, middle and far. No text, no letterforms, no numerals, no signature, no watermark, no logo, no border and no frame. Beams, halos, luminous ribbons, glowing fields, volumetric rays, reflections and radiant forms constructed primarily from illumination. Low directional light, long soft shadows, subdued highlights, layered atmospheric haze and a gradual transition between luminous and dark values. Forceful directional movement, strong diagonals, overlapping forms, dynamic scale changes and pronounced visual momentum. Radiant gold, amber and warm ivory against deep bronze."
171,0171_glass_eclipse_flow_solar.jpg,general,glass,eclipse,flow,solar,,809726432,previews/studio/general/0171_glass_eclipse_flow_solar.jpg,wallpapers/studio/general/0171_glass_eclipse_flow_solar.jpg,63674,ok,"A single striking abstract artwork made as a mobile phone wallpaper. Vertical 9:16 mobile wallpaper, full-bleed edge to edge composition. The upper region of the frame is open and unadorned — atmosphere, gradient falloff or empty depth, no detail and no focal point there. The principal subject sits in the lower two thirds, weighted below centre and placed off the vertical axis. Clear depth across three planes: near, middle and far. No text, no letterforms, no numerals, no signature, no watermark, no logo, no border and no frame. Transparent and translucent glass, refraction, caustics, prisms, curved surfaces, crystalline edges, internal reflections and luminous optical depth. Strong backlighting, deep silhouettes, narrow brilliant rim light, extreme separation between darkness and radiance, with restrained atmospheric glow. Continuous sweeping movement, interconnected forms, graceful curves and clear directional pathways carrying the eye through the composition. Radiant gold, amber and warm ivory against deep bronze."
33,0033_cosmos_twilight_surge_neon_noir.jpg,general,cosmos,twilight,surge,neon_noir,,1717295051,,,,failed,"prediction failed: Model execution failed (User Input Error): AiError: AiError: NSFW content detected. Try running it again, or try a different prompt. (05be93e6-8864-4e7f-9f9b-c01a23a176dc)"
34,0034_cosmos_eclipse_eruption_neon_noir.jpg,general,cosmos,eclipse,eruption,neon_noir,,76763518,previews/studio/general/0034_cosmos_eclipse_eruption_neon_noir.jpg,wallpapers/studio/general/0034_cosmos_eclipse_eruption_neon_noir.jpg,2253,ok,"A single striking abstract artwork made as a mobile phone wallpaper. Vertical 9:16 mobile wallpaper, full-bleed edge to edge composition. The upper region of the frame is open and unadorned — atmosphere, gradient falloff or empty depth, no detail and no focal point there. The principal subject sits in the lower two thirds, weighted below centre and placed off the vertical axis. Clear depth across three planes: near, middle and far. No text, no letterforms, no numerals, no signature, no watermark, no logo, no border and no frame. Vast celestial forms, nebulae, star fields, cosmic dust, planetary curves, gravitational arcs and luminous interstellar structures. Strong backlighting, deep silhouettes, narrow brilliant rim light, extreme separation between darkness and radiance, with restrained atmospheric glow. Explosive outward movement, fragmented forms, dramatic displacement, extreme scale variation and dense controlled complexity radiating through the composition. Hot magenta, cyan and violet against near-black."
315,0315_liquid_inferno_flow_solar.jpg,general,liquid,inferno,flow,solar,,796386850,previews/studio/general/0315_liquid_inferno_flow_solar.jpg,wallpapers/studio/general/0315_liquid_inferno_flow_solar.jpg,64198,ok,"A single striking abstract artwork made as a mobile phone wallpaper. Vertical 9:16 mobile wallpaper, full-bleed edge to edge composition. The upper region of the frame is open and unadorned — atmosphere, gradient falloff or empty depth, no detail and no focal point there. The principal subject sits in the lower two thirds, weighted below centre and placed off the vertical axis. Clear depth across three planes: near, middle and far. No text, no letterforms, no numerals, no signature, no watermark, no logo, no border and no frame. Flowing, suspended and colliding fluids; ribbons, droplets, splashes, folds, pools and smooth sculptural forms shaped by surface tension. Intense internal illumination, brilliant hot highlights, deep surrounding shadows, glowing atmospheric haze and aggressive high-contrast luminosity. Continuous sweeping movement, interconnected forms, graceful curves and clear directional pathways carrying the eye through the composition. Radiant gold, amber and warm ivory against deep bronze."
461,0461_light_eclipse_eruption_solar.jpg,general,light,eclipse,eruption,solar,,1796951496,previews/studio/general/0461_light_eclipse_eruption_solar.jpg,wallpapers/studio/general/0461_light_eclipse_eruption_solar.jpg,63931,ok,"A single striking abstract artwork made as a mobile phone wallpaper. Vertical 9:16 mobile wallpaper, full-bleed edge to edge composition. The upper region of the frame is open and unadorned — atmosphere, gradient falloff or empty depth, no detail and no focal point there. The principal subject sits in the lower two thirds, weighted below centre and placed off the vertical axis. Clear depth across three planes: near, middle and far. No text, no letterforms, no numerals, no signature, no watermark, no logo, no border and no frame. Beams, halos, luminous ribbons, glowing fields, volumetric rays, reflections and radiant forms constructed primarily from illumination. Strong backlighting, deep silhouettes, narrow brilliant rim light, extreme separation between darkness and radiance, with restrained atmospheric glow. Explosive outward movement, fragmented forms, dramatic displacement, extreme scale variation and dense controlled complexity radiating through the composition. Radiant gold, amber and warm ivory against deep bronze."
172,0172_glass_midnight_surge_solar.jpg,general,glass,midnight,surge,solar,,1316678546,previews/studio/general/0172_glass_midnight_surge_solar.jpg,wallpapers/studio/general/0172_glass_midnight_surge_solar.jpg,63433,ok,"A single striking abstract artwork made as a mobile phone wallpaper. Vertical 9:16 mobile wallpaper, full-bleed edge to edge composition. The upper region of the frame is open and unadorned — atmosphere, gradient falloff or empty depth, no detail and no focal point there. The principal subject sits in the lower two thirds, weighted below centre and placed off the vertical axis. Clear depth across three planes: near, middle and far. No text, no letterforms, no numerals, no signature, no watermark, no logo, no border and no frame. Transparent and translucent glass, refraction, caustics, prisms, curved surfaces, crystalline edges, internal reflections and luminous optical depth. Predominantly deep values, sparse concentrated illumination, rich shadows, isolated highlights and quiet low-light atmosphere. Forceful directional movement, strong diagonals, overlapping forms, dynamic scale changes and pronounced visual momentum. Radiant gold, amber and warm ivory against deep bronze."
35,0035_cosmos_midnight_stillness_neon_noir.jpg,general,cosmos,midnight,stillness,neon_noir,,583715632,,,,failed,"prediction failed: Model execution failed (User Input Error): AiError: AiError: NSFW content detected. Try running it again, or try a different prompt. (894eefe2-5e5d-40fc-b8ba-f2fc568682f6)"
316,0316_liquid_dream_surge_solar.jpg,general,liquid,dream,surge,solar,,1303338964,previews/studio/general/0316_liquid_dream_surge_solar.jpg,wallpapers/studio/general/0316_liquid_dream_surge_solar.jpg,64088,ok,"A single striking abstract artwork made as a mobile phone wallpaper. Vertical 9:16 mobile wallpaper, full-bleed edge to edge composition. The upper region of the frame is open and unadorned — atmosphere, gradient falloff or empty depth, no detail and no focal point there. The principal subject sits in the lower two thirds, weighted below centre and placed off the vertical axis. Clear depth across three planes: near, middle and far. No text, no letterforms, no numerals, no signature, no watermark, no logo, no border and no frame. Flowing, suspended and colliding fluids; ribbons, droplets, splashes, folds, pools and smooth sculptural forms shaped by surface tension. Soft diffused illumination, luminous haze, gentle tonal transitions, restrained contrast, subtle bloom and an ethereal atmospheric glow. Forceful directional movement, strong diagonals, overlapping forms, dynamic scale changes and pronounced visual momentum. Radiant gold, amber and warm ivory against deep bronze."
462,0462_light_inferno_stillness_neon_noir.jpg,general,light,inferno,stillness,neon_noir,,156419963,,,,failed,"prediction failed: Model execution failed (User Input Error): AiError: AiError: NSFW content detected. Try running it again, or try a different prompt. (ee121ae1-8ba3-460b-b229-8c62dbddb0eb)"
317,0317_liquid_storm_eruption_solar.jpg,general,liquid,storm,eruption,solar,,1810291078,previews/studio/general/0317_liquid_storm_eruption_solar.jpg,wallpapers/studio/general/0317_liquid_storm_eruption_solar.jpg,4883,ok,"A single striking abstract artwork made as a mobile phone wallpaper. Vertical 9:16 mobile wallpaper, full-bleed edge to edge composition. The upper region of the frame is open and unadorned — atmosphere, gradient falloff or empty depth, no detail and no focal point there. The principal subject sits in the lower two thirds, weighted below centre and placed off the vertical axis. Clear depth across three planes: near, middle and far. No text, no letterforms, no numerals, no signature, no watermark, no logo, no border and no frame. Flowing, suspended and colliding fluids; ribbons, droplets, splashes, folds, pools and smooth sculptural forms shaped by surface tension. Hard raking light through broken darkness, sharp highlights, deep shadows, high contrast and dense moisture-filled atmosphere. Explosive outward movement, fragmented forms, dramatic displacement, extreme scale variation and dense controlled complexity radiating through the composition. Radiant gold, amber and warm ivory against deep bronze."
318,0318_liquid_eclipse_stillness_neon_noir.jpg,general,liquid,eclipse,stillness,neon_noir,,169759545,previews/studio/general/0318_liquid_eclipse_stillness_neon_noir.jpg,wallpapers/studio/general/0318_liquid_eclipse_stillness_neon_noir.jpg,3056,ok,"A single striking abstract artwork made as a mobile phone wallpaper. Vertical 9:16 mobile wallpaper, full-bleed edge to edge composition. The upper region of the frame is open and unadorned — atmosphere, gradient falloff or empty depth, no detail and no focal point there. The principal subject sits in the lower two thirds, weighted below centre and placed off the vertical axis. Clear depth across three planes: near, middle and far. No text, no letterforms, no numerals, no signature, no watermark, no logo, no border and no frame. Flowing, suspended and colliding fluids; ribbons, droplets, splashes, folds, pools and smooth sculptural forms shaped by surface tension. Strong backlighting, deep silhouettes, narrow brilliant rim light, extreme separation between darkness and radiance, with restrained atmospheric glow. Centered, balanced composition with generous negative space, minimal directional movement, simple large forms and a strong sense of visual stability. Hot magenta, cyan and violet against near-black."
173,0173_glass_inferno_eruption_solar.jpg,general,glass,inferno,eruption,solar,,1823630660,previews/studio/general/0173_glass_inferno_eruption_solar.jpg,wallpapers/studio/general/0173_glass_inferno_eruption_solar.jpg,64540,ok,"A single striking abstract artwork made as a mobile phone wallpaper. Vertical 9:16 mobile wallpaper, full-bleed edge to edge composition. The upper region of the frame is open and unadorned — atmosphere, gradient falloff or empty depth, no detail and no focal point there. The principal subject sits in the lower two thirds, weighted below centre and placed off the vertical axis. Clear depth across three planes: near, middle and far. No text, no letterforms, no numerals, no signature, no watermark, no logo, no border and no frame. Transparent and translucent glass, refraction, caustics, prisms, curved surfaces, crystalline edges, internal reflections and luminous optical depth. Intense internal illumination, brilliant hot highlights, deep surrounding shadows, glowing atmospheric haze and aggressive high-contrast luminosity. Explosive outward movement, fragmented forms, dramatic displacement, extreme scale variation and dense controlled complexity radiating through the composition. Radiant gold, amber and warm ivory against deep bronze."
36,0036_cosmos_dream_drift_emerald.jpg,general,cosmos,dream,drift,emerald,,1090667746,previews/studio/general/0036_cosmos_dream_drift_emerald.jpg,wallpapers/studio/general/0036_cosmos_dream_drift_emerald.jpg,63746,ok,"A single striking abstract artwork made as a mobile phone wallpaper. Vertical 9:16 mobile wallpaper, full-bleed edge to edge composition. The upper region of the frame is open and unadorned — atmosphere, gradient falloff or empty depth, no detail and no focal point there. The principal subject sits in the lower two thirds, weighted below centre and placed off the vertical axis. Clear depth across three planes: near, middle and far. No text, no letterforms, no numerals, no signature, no watermark, no logo, no border and no frame. Vast celestial forms, nebulae, star fields, cosmic dust, planetary curves, gravitational arcs and luminous interstellar structures. Soft diffused illumination, luminous haze, gentle tonal transitions, restrained contrast, subtle bloom and an ethereal atmospheric glow. Gentle directional movement, softly displaced forms, subtle asymmetry and relaxed visual flow across the composition. Deep forest, emerald and jade with luminous chartreuse accents."
463,0463_light_dream_drift_neon_noir.jpg,general,light,dream,drift,neon_noir,,663372077,previews/studio/general/0463_light_dream_drift_neon_noir.jpg,wallpapers/studio/general/0463_light_dream_drift_neon_noir.jpg,64136,ok,"A single striking abstract artwork made as a mobile phone wallpaper. Vertical 9:16 mobile wallpaper, full-bleed edge to edge composition. The upper region of the frame is open and unadorned — atmosphere, gradient falloff or empty depth, no detail and no focal point there. The principal subject sits in the lower two thirds, weighted below centre and placed off the vertical axis. Clear depth across three planes: near, middle and far. No text, no letterforms, no numerals, no signature, no watermark, no logo, no border and no frame. Beams, halos, luminous ribbons, glowing fields, volumetric rays, reflections and radiant forms constructed primarily from illumination. Soft diffused illumination, luminous haze, gentle tonal transitions, restrained contrast, subtle bloom and an ethereal atmospheric glow. Gentle directional movement, softly displaced forms, subtle asymmetry and relaxed visual flow across the composition. Hot magenta, cyan and violet against near-black."
319,0319_liquid_midnight_drift_neon_noir.jpg,general,liquid,midnight,drift,neon_noir,,676711659,previews/studio/general/0319_liquid_midnight_drift_neon_noir.jpg,wallpapers/studio/general/0319_liquid_midnight_drift_neon_noir.jpg,63353,ok,"A single striking abstract artwork made as a mobile phone wallpaper. Vertical 9:16 mobile wallpaper, full-bleed edge to edge composition. The upper region of the frame is open and unadorned — atmosphere, gradient falloff or empty depth, no detail and no focal point there. The principal subject sits in the lower two thirds, weighted below centre and placed off the vertical axis. Clear depth across three planes: near, middle and far. No text, no letterforms, no numerals, no signature, no watermark, no logo, no border and no frame. Flowing, suspended and colliding fluids; ribbons, droplets, splashes, folds, pools and smooth sculptural forms shaped by surface tension. Predominantly deep values, sparse concentrated illumination, rich shadows, isolated highlights and quiet low-light atmosphere. Gentle directional movement, softly displaced forms, subtle asymmetry and relaxed visual flow across the composition. Hot magenta, cyan and violet against near-black."
174,0174_glass_storm_stillness_neon_noir.jpg,general,glass,storm,stillness,neon_noir,,183099127,previews/studio/general/0174_glass_storm_stillness_neon_noir.jpg,wallpapers/studio/general/0174_glass_storm_stillness_neon_noir.jpg,63397,ok,"A single striking abstract artwork made as a mobile phone wallpaper. Vertical 9:16 mobile wallpaper, full-bleed edge to edge composition. The upper region of the frame is open and unadorned — atmosphere, gradient falloff or empty depth, no detail and no focal point there. The principal subject sits in the lower two thirds, weighted below centre and placed off the vertical axis. Clear depth across three planes: near, middle and far. No text, no letterforms, no numerals, no signature, no watermark, no logo, no border and no frame. Transparent and translucent glass, refraction, caustics, prisms, curved surfaces, crystalline edges, internal reflections and luminous optical depth. Hard raking light through broken darkness, sharp highlights, deep shadows, high contrast and dense moisture-filled atmosphere. Centered, balanced composition with generous negative space, minimal directional movement, simple large forms and a strong sense of visual stability. Hot magenta, cyan and violet against near-black."
37,0037_cosmos_storm_flow_emerald.jpg,general,cosmos,storm,flow,emerald,,1597619860,previews/studio/general/0037_cosmos_storm_flow_emerald.jpg,wallpapers/studio/general/0037_cosmos_storm_flow_emerald.jpg,64211,ok,"A single striking abstract artwork made as a mobile phone wallpaper. Vertical 9:16 mobile wallpaper, full-bleed edge to edge composition. The upper region of the frame is open and unadorned — atmosphere, gradient falloff or empty depth, no detail and no focal point there. The principal subject sits in the lower two thirds, weighted below centre and placed off the vertical axis. Clear depth across three planes: near, middle and far. No text, no letterforms, no numerals, no signature, no watermark, no logo, no border and no frame. Vast celestial forms, nebulae, star fields, cosmic dust, planetary curves, gravitational arcs and luminous interstellar structures. Hard raking light through broken darkness, sharp highlights, deep shadows, high contrast and dense moisture-filled atmosphere. Continuous sweeping movement, interconnected forms, graceful curves and clear directional pathways carrying the eye through the composition. Deep forest, emerald and jade with luminous chartreuse accents."
464,0464_light_storm_flow_neon_noir.jpg,general,light,storm,flow,neon_noir,,1170324191,previews/studio/general/0464_light_storm_flow_neon_noir.jpg,wallpapers/studio/general/0464_light_storm_flow_neon_noir.jpg,64147,ok,"A single striking abstract artwork made as a mobile phone wallpaper. Vertical 9:16 mobile wallpaper, full-bleed edge to edge composition. The upper region of the frame is open and unadorned — atmosphere, gradient falloff or empty depth, no detail and no focal point there. The principal subject sits in the lower two thirds, weighted below centre and placed off the vertical axis. Clear depth across three planes: near, middle and far. No text, no letterforms, no numerals, no signature, no watermark, no logo, no border and no frame. Beams, halos, luminous ribbons, glowing fields, volumetric rays, reflections and radiant forms constructed primarily from illumination. Hard raking light through broken darkness, sharp highlights, deep shadows, high contrast and dense moisture-filled atmosphere. Continuous sweeping movement, interconnected forms, graceful curves and clear directional pathways carrying the eye through the composition. Hot magenta, cyan and violet against near-black."
320,0320_liquid_inferno_flow_neon_noir.jpg,general,liquid,inferno,flow,neon_noir,,1183663773,previews/studio/general/0320_liquid_inferno_flow_neon_noir.jpg,wallpapers/studio/general/0320_liquid_inferno_flow_neon_noir.jpg,63660,ok,"A single striking abstract artwork made as a mobile phone wallpaper. Vertical 9:16 mobile wallpaper, full-bleed edge to edge composition. The upper region of the frame is open and unadorned — atmosphere, gradient falloff or empty depth, no detail and no focal point there. The principal subject sits in the lower two thirds, weighted below centre and placed off the vertical axis. Clear depth across three planes: near, middle and far. No text, no letterforms, no numerals, no signature, no watermark, no logo, no border and no frame. Flowing, suspended and colliding fluids; ribbons, droplets, splashes, folds, pools and smooth sculptural forms shaped by surface tension. Intense internal illumination, brilliant hot highlights, deep surrounding shadows, glowing atmospheric haze and aggressive high-contrast luminosity. Continuous sweeping movement, interconnected forms, graceful curves and clear directional pathways carrying the eye through the composition. Hot magenta, cyan and violet against near-black."
175,0175_glass_twilight_drift_neon_noir.jpg,general,glass,twilight,drift,neon_noir,,690051241,,,,failed,"prediction failed: Model execution failed (User Input Error): AiError: AiError: NSFW content detected. Try running it again, or try a different prompt. (5bc9c798-6cd1-4adc-af53-8b7fab51370c)"
38,0038_cosmos_twilight_surge_emerald.jpg,general,cosmos,twilight,surge,emerald,,2104571974,previews/studio/general/0038_cosmos_twilight_surge_emerald.jpg,wallpapers/studio/general/0038_cosmos_twilight_surge_emerald.jpg,64339,ok,"A single striking abstract artwork made as a mobile phone wallpaper. Vertical 9:16 mobile wallpaper, full-bleed edge to edge composition. The upper region of the frame is open and unadorned — atmosphere, gradient falloff or empty depth, no detail and no focal point there. The principal subject sits in the lower two thirds, weighted below centre and placed off the vertical axis. Clear depth across three planes: near, middle and far. No text, no letterforms, no numerals, no signature, no watermark, no logo, no border and no frame. Vast celestial forms, nebulae, star fields, cosmic dust, planetary curves, gravitational arcs and luminous interstellar structures. Low directional light, long soft shadows, subdued highlights, layered atmospheric haze and a gradual transition between luminous and dark values. Forceful directional movement, strong diagonals, overlapping forms, dynamic scale changes and pronounced visual momentum. Deep forest, emerald and jade with luminous chartreuse accents."
465,0465_light_twilight_surge_neon_noir.jpg,general,light,twilight,surge,neon_noir,,1677276305,previews/studio/general/0465_light_twilight_surge_neon_noir.jpg,wallpapers/studio/general/0465_light_twilight_surge_neon_noir.jpg,64471,ok,"A single striking abstract artwork made as a mobile phone wallpaper. Vertical 9:16 mobile wallpaper, full-bleed edge to edge composition. The upper region of the frame is open and unadorned — atmosphere, gradient falloff or empty depth, no detail and no focal point there. The principal subject sits in the lower two thirds, weighted below centre and placed off the vertical axis. Clear depth across three planes: near, middle and far. No text, no letterforms, no numerals, no signature, no watermark, no logo, no border and no frame. Beams, halos, luminous ribbons, glowing fields, volumetric rays, reflections and radiant forms constructed primarily from illumination. Low directional light, long soft shadows, subdued highlights, layered atmospheric haze and a gradual transition between luminous and dark values. Forceful directional movement, strong diagonals, overlapping forms, dynamic scale changes and pronounced visual momentum. Hot magenta, cyan and violet against near-black."
176,0176_glass_eclipse_flow_neon_noir.jpg,general,glass,eclipse,flow,neon_noir,,1197003355,previews/studio/general/0176_glass_eclipse_flow_neon_noir.jpg,wallpapers/studio/general/0176_glass_eclipse_flow_neon_noir.jpg,64397,ok,"A single striking abstract artwork made as a mobile phone wallpaper. Vertical 9:16 mobile wallpaper, full-bleed edge to edge composition. The upper region of the frame is open and unadorned — atmosphere, gradient falloff or empty depth, no detail and no focal point there. The principal subject sits in the lower two thirds, weighted below centre and placed off the vertical axis. Clear depth across three planes: near, middle and far. No text, no letterforms, no numerals, no signature, no watermark, no logo, no border and no frame. Transparent and translucent glass, refraction, caustics, prisms, curved surfaces, crystalline edges, internal reflections and luminous optical depth. Strong backlighting, deep silhouettes, narrow brilliant rim light, extreme separation between darkness and radiance, with restrained atmospheric glow. Continuous sweeping movement, interconnected forms, graceful curves and clear directional pathways carrying the eye through the composition. Hot magenta, cyan and violet against near-black."
321,0321_liquid_dream_surge_neon_noir.jpg,general,liquid,dream,surge,neon_noir,,1690615887,,,,failed,"flux timed out -- status=starting"
39,0039_cosmos_eclipse_eruption_emerald.jpg,general,cosmos,eclipse,eruption,emerald,,464040441,,,,failed,"flux timed out -- status=starting"
466,0466_light_eclipse_eruption_neon_noir.jpg,general,light,eclipse,eruption,neon_noir,,36744772,previews/studio/general/0466_light_eclipse_eruption_neon_noir.jpg,wallpapers/studio/general/0466_light_eclipse_eruption_neon_noir.jpg,65781,ok,"A single striking abstract artwork made as a mobile phone wallpaper. Vertical 9:16 mobile wallpaper, full-bleed edge to edge composition. The upper region of the frame is open and unadorned — atmosphere, gradient falloff or empty depth, no detail and no focal point there. The principal subject sits in the lower two thirds, weighted below centre and placed off the vertical axis. Clear depth across three planes: near, middle and far. No text, no letterforms, no numerals, no signature, no watermark, no logo, no border and no frame. Beams, halos, luminous ribbons, glowing fields, volumetric rays, reflections and radiant forms constructed primarily from illumination. Strong backlighting, deep silhouettes, narrow brilliant rim light, extreme separation between darkness and radiance, with restrained atmospheric glow. Explosive outward movement, fragmented forms, dramatic displacement, extreme scale variation and dense controlled complexity radiating through the composition. Hot magenta, cyan and violet against near-black."
177,0177_glass_midnight_surge_neon_noir.jpg,general,glass,midnight,surge,neon_noir,,1703955469,previews/studio/general/0177_glass_midnight_surge_neon_noir.jpg,wallpapers/studio/general/0177_glass_midnight_surge_neon_noir.jpg,64146,ok,"A single striking abstract artwork made as a mobile phone wallpaper. Vertical 9:16 mobile wallpaper, full-bleed edge to edge composition. The upper region of the frame is open and unadorned — atmosphere, gradient falloff or empty depth, no detail and no focal point there. The principal subject sits in the lower two thirds, weighted below centre and placed off the vertical axis. Clear depth across three planes: near, middle and far. No text, no letterforms, no numerals, no signature, no watermark, no logo, no border and no frame. Transparent and translucent glass, refraction, caustics, prisms, curved surfaces, crystalline edges, internal reflections and luminous optical depth. Predominantly deep values, sparse concentrated illumination, rich shadows, isolated highlights and quiet low-light atmosphere. Forceful directional movement, strong diagonals, overlapping forms, dynamic scale changes and pronounced visual momentum. Hot magenta, cyan and violet against near-black."
322,0322_liquid_storm_eruption_neon_noir.jpg,general,liquid,storm,eruption,neon_noir,,50084354,,,,failed,"flux timed out -- status=starting"
40,0040_cosmos_midnight_stillness_emerald.jpg,general,cosmos,midnight,stillness,emerald,,970992555,previews/studio/general/0040_cosmos_midnight_stillness_emerald.jpg,wallpapers/studio/general/0040_cosmos_midnight_stillness_emerald.jpg,63537,ok,"A single striking abstract artwork made as a mobile phone wallpaper. Vertical 9:16 mobile wallpaper, full-bleed edge to edge composition. The upper region of the frame is open and unadorned — atmosphere, gradient falloff or empty depth, no detail and no focal point there. The principal subject sits in the lower two thirds, weighted below centre and placed off the vertical axis. Clear depth across three planes: near, middle and far. No text, no letterforms, no numerals, no signature, no watermark, no logo, no border and no frame. Vast celestial forms, nebulae, star fields, cosmic dust, planetary curves, gravitational arcs and luminous interstellar structures. Predominantly deep values, sparse concentrated illumination, rich shadows, isolated highlights and quiet low-light atmosphere. Centered, balanced composition with generous negative space, minimal directional movement, simple large forms and a strong sense of visual stability. Deep forest, emerald and jade with luminous chartreuse accents."
467,0467_light_midnight_stillness_neon_noir.jpg,general,light,midnight,stillness,neon_noir,,543696886,,,,failed,"prediction failed: Model execution failed (User Input Error): AiError: AiError: NSFW content detected. Try running it again, or try a different prompt. (9e5cbb12-97d9-4e36-a190-e5ade536f135)"
178,0178_glass_inferno_eruption_neon_noir.jpg,general,glass,inferno,eruption,neon_noir,,63423936,,,,failed,"flux timed out -- status=starting"
323,0323_liquid_twilight_stillness_neon_noir.jpg,general,liquid,twilight,stillness,neon_noir,,557036468,previews/studio/general/0323_liquid_twilight_stillness_neon_noir.jpg,wallpapers/studio/general/0323_liquid_twilight_stillness_neon_noir.jpg,64342,ok,"A single striking abstract artwork made as a mobile phone wallpaper. Vertical 9:16 mobile wallpaper, full-bleed edge to edge composition. The upper region of the frame is open and unadorned — atmosphere, gradient falloff or empty depth, no detail and no focal point there. The principal subject sits in the lower two thirds, weighted below centre and placed off the vertical axis. Clear depth across three planes: near, middle and far. No text, no letterforms, no numerals, no signature, no watermark, no logo, no border and no frame. Flowing, suspended and colliding fluids; ribbons, droplets, splashes, folds, pools and smooth sculptural forms shaped by surface tension. Low directional light, long soft shadows, subdued highlights, layered atmospheric haze and a gradual transition between luminous and dark values. Centered, balanced composition with generous negative space, minimal directional movement, simple large forms and a strong sense of visual stability. Hot magenta, cyan and violet against near-black."
41,0041_cosmos_inferno_drift_emerald.jpg,general,cosmos,inferno,drift,emerald,,1477944669,,,,failed,"prediction failed: Model execution failed (User Input Error): AiError: AiError: NSFW content detected. Try running it again, or try a different prompt. (8f6fe641-4e41-43b9-b605-ea0fff53508d)"
468,0468_light_dream_drift_emerald.jpg,general,light,dream,drift,emerald,,1050649000,previews/studio/general/0468_light_dream_drift_emerald.jpg,wallpapers/studio/general/0468_light_dream_drift_emerald.jpg,64698,ok,"A single striking abstract artwork made as a mobile phone wallpaper. Vertical 9:16 mobile wallpaper, full-bleed edge to edge composition. The upper region of the frame is open and unadorned — atmosphere, gradient falloff or empty depth, no detail and no focal point there. The principal subject sits in the lower two thirds, weighted below centre and placed off the vertical axis. Clear depth across three planes: near, middle and far. No text, no letterforms, no numerals, no signature, no watermark, no logo, no border and no frame. Beams, halos, luminous ribbons, glowing fields, volumetric rays, reflections and radiant forms constructed primarily from illumination. Soft diffused illumination, luminous haze, gentle tonal transitions, restrained contrast, subtle bloom and an ethereal atmospheric glow. Gentle directional movement, softly displaced forms, subtle asymmetry and relaxed visual flow across the composition. Deep forest, emerald and jade with luminous chartreuse accents."
179,0179_glass_dream_stillness_neon_noir.jpg,general,glass,dream,stillness,neon_noir,,570376050,previews/studio/general/0179_glass_dream_stillness_neon_noir.jpg,wallpapers/studio/general/0179_glass_dream_stillness_neon_noir.jpg,64269,ok,"A single striking abstract artwork made as a mobile phone wallpaper. Vertical 9:16 mobile wallpaper, full-bleed edge to edge composition. The upper region of the frame is open and unadorned — atmosphere, gradient falloff or empty depth, no detail and no focal point there. The principal subject sits in the lower two thirds, weighted below centre and placed off the vertical axis. Clear depth across three planes: near, middle and far. No text, no letterforms, no numerals, no signature, no watermark, no logo, no border and no frame. Transparent and translucent glass, refraction, caustics, prisms, curved surfaces, crystalline edges, internal reflections and luminous optical depth. Soft diffused illumination, luminous haze, gentle tonal transitions, restrained contrast, subtle bloom and an ethereal atmospheric glow. Centered, balanced composition with generous negative space, minimal directional movement, simple large forms and a strong sense of visual stability. Hot magenta, cyan and violet against near-black."
324,0324_liquid_midnight_drift_emerald.jpg,general,liquid,midnight,drift,emerald,,1063988582,previews/studio/general/0324_liquid_midnight_drift_emerald.jpg,wallpapers/studio/general/0324_liquid_midnight_drift_emerald.jpg,63420,ok,"A single striking abstract artwork made as a mobile phone wallpaper. Vertical 9:16 mobile wallpaper, full-bleed edge to edge composition. The upper region of the frame is open and unadorned — atmosphere, gradient falloff or empty depth, no detail and no focal point there. The principal subject sits in the lower two thirds, weighted below centre and placed off the vertical axis. Clear depth across three planes: near, middle and far. No text, no letterforms, no numerals, no signature, no watermark, no logo, no border and no frame. Flowing, suspended and colliding fluids; ribbons, droplets, splashes, folds, pools and smooth sculptural forms shaped by surface tension. Predominantly deep values, sparse concentrated illumination, rich shadows, isolated highlights and quiet low-light atmosphere. Gentle directional movement, softly displaced forms, subtle asymmetry and relaxed visual flow across the composition. Deep forest, emerald and jade with luminous chartreuse accents."
42,0042_cosmos_storm_flow_opal.jpg,general,cosmos,storm,flow,opal,,1984896783,previews/studio/general/0042_cosmos_storm_flow_opal.jpg,wallpapers/studio/general/0042_cosmos_storm_flow_opal.jpg,64070,ok,"A single striking abstract artwork made as a mobile phone wallpaper. Vertical 9:16 mobile wallpaper, full-bleed edge to edge composition. The upper region of the frame is open and unadorned — atmosphere, gradient falloff or empty depth, no detail and no focal point there. The principal subject sits in the lower two thirds, weighted below centre and placed off the vertical axis. Clear depth across three planes: near, middle and far. No text, no letterforms, no numerals, no signature, no watermark, no logo, no border and no frame. Vast celestial forms, nebulae, star fields, cosmic dust, planetary curves, gravitational arcs and luminous interstellar structures. Hard raking light through broken darkness, sharp highlights, deep shadows, high contrast and dense moisture-filled atmosphere. Continuous sweeping movement, interconnected forms, graceful curves and clear directional pathways carrying the eye through the composition. Pearl, lavender, pale cyan and blush with iridescent highlights."
469,0469_light_storm_flow_emerald.jpg,general,light,storm,flow,emerald,,1557601114,previews/studio/general/0469_light_storm_flow_emerald.jpg,wallpapers/studio/general/0469_light_storm_flow_emerald.jpg,64662,ok,"A single striking abstract artwork made as a mobile phone wallpaper. Vertical 9:16 mobile wallpaper, full-bleed edge to edge composition. The upper region of the frame is open and unadorned — atmosphere, gradient falloff or empty depth, no detail and no focal point there. The principal subject sits in the lower two thirds, weighted below centre and placed off the vertical axis. Clear depth across three planes: near, middle and far. No text, no letterforms, no numerals, no signature, no watermark, no logo, no border and no frame. Beams, halos, luminous ribbons, glowing fields, volumetric rays, reflections and radiant forms constructed primarily from illumination. Hard raking light through broken darkness, sharp highlights, deep shadows, high contrast and dense moisture-filled atmosphere. Continuous sweeping movement, interconnected forms, graceful curves and clear directional pathways carrying the eye through the composition. Deep forest, emerald and jade with luminous chartreuse accents."
180,0180_glass_twilight_drift_emerald.jpg,general,glass,twilight,drift,emerald,,1077328164,previews/studio/general/0180_glass_twilight_drift_emerald.jpg,wallpapers/studio/general/0180_glass_twilight_drift_emerald.jpg,63489,ok,"A single striking abstract artwork made as a mobile phone wallpaper. Vertical 9:16 mobile wallpaper, full-bleed edge to edge composition. The upper region of the frame is open and unadorned — atmosphere, gradient falloff or empty depth, no detail and no focal point there. The principal subject sits in the lower two thirds, weighted below centre and placed off the vertical axis. Clear depth across three planes: near, middle and far. No text, no letterforms, no numerals, no signature, no watermark, no logo, no border and no frame. Transparent and translucent glass, refraction, caustics, prisms, curved surfaces, crystalline edges, internal reflections and luminous optical depth. Low directional light, long soft shadows, subdued highlights, layered atmospheric haze and a gradual transition between luminous and dark values. Gentle directional movement, softly displaced forms, subtle asymmetry and relaxed visual flow across the composition. Deep forest, emerald and jade with luminous chartreuse accents."
325,0325_liquid_inferno_flow_emerald.jpg,general,liquid,inferno,flow,emerald,,1570940696,previews/studio/general/0325_liquid_inferno_flow_emerald.jpg,wallpapers/studio/general/0325_liquid_inferno_flow_emerald.jpg,63943,ok,"A single striking abstract artwork made as a mobile phone wallpaper. Vertical 9:16 mobile wallpaper, full-bleed edge to edge composition. The upper region of the frame is open and unadorned — atmosphere, gradient falloff or empty depth, no detail and no focal point there. The principal subject sits in the lower two thirds, weighted below centre and placed off the vertical axis. Clear depth across three planes: near, middle and far. No text, no letterforms, no numerals, no signature, no watermark, no logo, no border and no frame. Flowing, suspended and colliding fluids; ribbons, droplets, splashes, folds, pools and smooth sculptural forms shaped by surface tension. Intense internal illumination, brilliant hot highlights, deep surrounding shadows, glowing atmospheric haze and aggressive high-contrast luminosity. Continuous sweeping movement, interconnected forms, graceful curves and clear directional pathways carrying the eye through the composition. Deep forest, emerald and jade with luminous chartreuse accents."
43,0043_cosmos_twilight_surge_opal.jpg,general,cosmos,twilight,surge,opal,,344365250,,,,failed,"prediction failed: Model execution failed (User Input Error): AiError: AiError: NSFW content detected. Try running it again, or try a different prompt. (2918a1fe-6a74-47e3-ae89-118bf49b0629)"
470,0470_light_twilight_surge_emerald.jpg,general,light,twilight,surge,emerald,,2064553228,previews/studio/general/0470_light_twilight_surge_emerald.jpg,wallpapers/studio/general/0470_light_twilight_surge_emerald.jpg,64309,ok,"A single striking abstract artwork made as a mobile phone wallpaper. Vertical 9:16 mobile wallpaper, full-bleed edge to edge composition. The upper region of the frame is open and unadorned — atmosphere, gradient falloff or empty depth, no detail and no focal point there. The principal subject sits in the lower two thirds, weighted below centre and placed off the vertical axis. Clear depth across three planes: near, middle and far. No text, no letterforms, no numerals, no signature, no watermark, no logo, no border and no frame. Beams, halos, luminous ribbons, glowing fields, volumetric rays, reflections and radiant forms constructed primarily from illumination. Low directional light, long soft shadows, subdued highlights, layered atmospheric haze and a gradual transition between luminous and dark values. Forceful directional movement, strong diagonals, overlapping forms, dynamic scale changes and pronounced visual momentum. Deep forest, emerald and jade with luminous chartreuse accents."
181,0181_glass_eclipse_flow_emerald.jpg,general,glass,eclipse,flow,emerald,,1584280278,previews/studio/general/0181_glass_eclipse_flow_emerald.jpg,wallpapers/studio/general/0181_glass_eclipse_flow_emerald.jpg,64228,ok,"A single striking abstract artwork made as a mobile phone wallpaper. Vertical 9:16 mobile wallpaper, full-bleed edge to edge composition. The upper region of the frame is open and unadorned — atmosphere, gradient falloff or empty depth, no detail and no focal point there. The principal subject sits in the lower two thirds, weighted below centre and placed off the vertical axis. Clear depth across three planes: near, middle and far. No text, no letterforms, no numerals, no signature, no watermark, no logo, no border and no frame. Transparent and translucent glass, refraction, caustics, prisms, curved surfaces, crystalline edges, internal reflections and luminous optical depth. Strong backlighting, deep silhouettes, narrow brilliant rim light, extreme separation between darkness and radiance, with restrained atmospheric glow. Continuous sweeping movement, interconnected forms, graceful curves and clear directional pathways carrying the eye through the composition. Deep forest, emerald and jade with luminous chartreuse accents."
326,0326_liquid_dream_surge_emerald.jpg,general,liquid,dream,surge,emerald,,2077892810,previews/studio/general/0326_liquid_dream_surge_emerald.jpg,wallpapers/studio/general/0326_liquid_dream_surge_emerald.jpg,64123,ok,"A single striking abstract artwork made as a mobile phone wallpaper. Vertical 9:16 mobile wallpaper, full-bleed edge to edge composition. The upper region of the frame is open and unadorned — atmosphere, gradient falloff or empty depth, no detail and no focal point there. The principal subject sits in the lower two thirds, weighted below centre and placed off the vertical axis. Clear depth across three planes: near, middle and far. No text, no letterforms, no numerals, no signature, no watermark, no logo, no border and no frame. Flowing, suspended and colliding fluids; ribbons, droplets, splashes, folds, pools and smooth sculptural forms shaped by surface tension. Soft diffused illumination, luminous haze, gentle tonal transitions, restrained contrast, subtle bloom and an ethereal atmospheric glow. Forceful directional movement, strong diagonals, overlapping forms, dynamic scale changes and pronounced visual momentum. Deep forest, emerald and jade with luminous chartreuse accents."
44,0044_cosmos_eclipse_eruption_opal.jpg,general,cosmos,eclipse,eruption,opal,,851317364,previews/studio/general/0044_cosmos_eclipse_eruption_opal.jpg,wallpapers/studio/general/0044_cosmos_eclipse_eruption_opal.jpg,63835,ok,"A single striking abstract artwork made as a mobile phone wallpaper. Vertical 9:16 mobile wallpaper, full-bleed edge to edge composition. The upper region of the frame is open and unadorned — atmosphere, gradient falloff or empty depth, no detail and no focal point there. The principal subject sits in the lower two thirds, weighted below centre and placed off the vertical axis. Clear depth across three planes: near, middle and far. No text, no letterforms, no numerals, no signature, no watermark, no logo, no border and no frame. Vast celestial forms, nebulae, star fields, cosmic dust, planetary curves, gravitational arcs and luminous interstellar structures. Strong backlighting, deep silhouettes, narrow brilliant rim light, extreme separation between darkness and radiance, with restrained atmospheric glow. Explosive outward movement, fragmented forms, dramatic displacement, extreme scale variation and dense controlled complexity radiating through the composition. Pearl, lavender, pale cyan and blush with iridescent highlights."
471,0471_light_eclipse_eruption_emerald.jpg,general,light,eclipse,eruption,emerald,,424021695,previews/studio/general/0471_light_eclipse_eruption_emerald.jpg,wallpapers/studio/general/0471_light_eclipse_eruption_emerald.jpg,64514,ok,"A single striking abstract artwork made as a mobile phone wallpaper. Vertical 9:16 mobile wallpaper, full-bleed edge to edge composition. The upper region of the frame is open and unadorned — atmosphere, gradient falloff or empty depth, no detail and no focal point there. The principal subject sits in the lower two thirds, weighted below centre and placed off the vertical axis. Clear depth across three planes: near, middle and far. No text, no letterforms, no numerals, no signature, no watermark, no logo, no border and no frame. Beams, halos, luminous ribbons, glowing fields, volumetric rays, reflections and radiant forms constructed primarily from illumination. Strong backlighting, deep silhouettes, narrow brilliant rim light, extreme separation between darkness and radiance, with restrained atmospheric glow. Explosive outward movement, fragmented forms, dramatic displacement, extreme scale variation and dense controlled complexity radiating through the composition. Deep forest, emerald and jade with luminous chartreuse accents."
182,0182_glass_midnight_surge_emerald.jpg,general,glass,midnight,surge,emerald,,2091232392,previews/studio/general/0182_glass_midnight_surge_emerald.jpg,wallpapers/studio/general/0182_glass_midnight_surge_emerald.jpg,63205,ok,"A single striking abstract artwork made as a mobile phone wallpaper. Vertical 9:16 mobile wallpaper, full-bleed edge to edge composition. The upper region of the frame is open and unadorned — atmosphere, gradient falloff or empty depth, no detail and no focal point there. The principal subject sits in the lower two thirds, weighted below centre and placed off the vertical axis. Clear depth across three planes: near, middle and far. No text, no letterforms, no numerals, no signature, no watermark, no logo, no border and no frame. Transparent and translucent glass, refraction, caustics, prisms, curved surfaces, crystalline edges, internal reflections and luminous optical depth. Predominantly deep values, sparse concentrated illumination, rich shadows, isolated highlights and quiet low-light atmosphere. Forceful directional movement, strong diagonals, overlapping forms, dynamic scale changes and pronounced visual momentum. Deep forest, emerald and jade with luminous chartreuse accents."
327,0327_liquid_storm_eruption_emerald.jpg,general,liquid,storm,eruption,emerald,,437361277,previews/studio/general/0327_liquid_storm_eruption_emerald.jpg,wallpapers/studio/general/0327_liquid_storm_eruption_emerald.jpg,64855,ok,"A single striking abstract artwork made as a mobile phone wallpaper. Vertical 9:16 mobile wallpaper, full-bleed edge to edge composition. The upper region of the frame is open and unadorned — atmosphere, gradient falloff or empty depth, no detail and no focal point there. The principal subject sits in the lower two thirds, weighted below centre and placed off the vertical axis. Clear depth across three planes: near, middle and far. No text, no letterforms, no numerals, no signature, no watermark, no logo, no border and no frame. Flowing, suspended and colliding fluids; ribbons, droplets, splashes, folds, pools and smooth sculptural forms shaped by surface tension. Hard raking light through broken darkness, sharp highlights, deep shadows, high contrast and dense moisture-filled atmosphere. Explosive outward movement, fragmented forms, dramatic displacement, extreme scale variation and dense controlled complexity radiating through the composition. Deep forest, emerald and jade with luminous chartreuse accents."
45,0045_cosmos_midnight_stillness_opal.jpg,general,cosmos,midnight,stillness,opal,,1358269478,,,,failed,"prediction failed: Model execution failed (User Input Error): AiError: AiError: NSFW content detected. Try running it again, or try a different prompt. (a7c380cc-ea76-4cf0-b3f3-93c37bcfa317)"
46,0046_cosmos_inferno_drift_opal.jpg,general,cosmos,inferno,drift,opal,,1865221592,previews/studio/general/0046_cosmos_inferno_drift_opal.jpg,wallpapers/studio/general/0046_cosmos_inferno_drift_opal.jpg,2608,ok,"A single striking abstract artwork made as a mobile phone wallpaper. Vertical 9:16 mobile wallpaper, full-bleed edge to edge composition. The upper region of the frame is open and unadorned — atmosphere, gradient falloff or empty depth, no detail and no focal point there. The principal subject sits in the lower two thirds, weighted below centre and placed off the vertical axis. Clear depth across three planes: near, middle and far. No text, no letterforms, no numerals, no signature, no watermark, no logo, no border and no frame. Vast celestial forms, nebulae, star fields, cosmic dust, planetary curves, gravitational arcs and luminous interstellar structures. Intense internal illumination, brilliant hot highlights, deep surrounding shadows, glowing atmospheric haze and aggressive high-contrast luminosity. Gentle directional movement, softly displaced forms, subtle asymmetry and relaxed visual flow across the composition. Pearl, lavender, pale cyan and blush with iridescent highlights."
47,0047_cosmos_dream_flow_opal.jpg,general,cosmos,dream,flow,opal,,224690059,previews/studio/general/0047_cosmos_dream_flow_opal.jpg,wallpapers/studio/general/0047_cosmos_dream_flow_opal.jpg,2025,ok,"A single striking abstract artwork made as a mobile phone wallpaper. Vertical 9:16 mobile wallpaper, full-bleed edge to edge composition. The upper region of the frame is open and unadorned — atmosphere, gradient falloff or empty depth, no detail and no focal point there. The principal subject sits in the lower two thirds, weighted below centre and placed off the vertical axis. Clear depth across three planes: near, middle and far. No text, no letterforms, no numerals, no signature, no watermark, no logo, no border and no frame. Vast celestial forms, nebulae, star fields, cosmic dust, planetary curves, gravitational arcs and luminous interstellar structures. Soft diffused illumination, luminous haze, gentle tonal transitions, restrained contrast, subtle bloom and an ethereal atmospheric glow. Continuous sweeping movement, interconnected forms, graceful curves and clear directional pathways carrying the eye through the composition. Pearl, lavender, pale cyan and blush with iridescent highlights."
472,0472_light_midnight_stillness_emerald.jpg,general,light,midnight,stillness,emerald,,930973809,previews/studio/general/0472_light_midnight_stillness_emerald.jpg,wallpapers/studio/general/0472_light_midnight_stillness_emerald.jpg,63586,ok,"A single striking abstract artwork made as a mobile phone wallpaper. Vertical 9:16 mobile wallpaper, full-bleed edge to edge composition. The upper region of the frame is open and unadorned — atmosphere, gradient falloff or empty depth, no detail and no focal point there. The principal subject sits in the lower two thirds, weighted below centre and placed off the vertical axis. Clear depth across three planes: near, middle and far. No text, no letterforms, no numerals, no signature, no watermark, no logo, no border and no frame. Beams, halos, luminous ribbons, glowing fields, volumetric rays, reflections and radiant forms constructed primarily from illumination. Predominantly deep values, sparse concentrated illumination, rich shadows, isolated highlights and quiet low-light atmosphere. Centered, balanced composition with generous negative space, minimal directional movement, simple large forms and a strong sense of visual stability. Deep forest, emerald and jade with luminous chartreuse accents."
183,0183_glass_inferno_eruption_emerald.jpg,general,glass,inferno,eruption,emerald,,450700859,previews/studio/general/0183_glass_inferno_eruption_emerald.jpg,wallpapers/studio/general/0183_glass_inferno_eruption_emerald.jpg,63505,ok,"A single striking abstract artwork made as a mobile phone wallpaper. Vertical 9:16 mobile wallpaper, full-bleed edge to edge composition. The upper region of the frame is open and unadorned — atmosphere, gradient falloff or empty depth, no detail and no focal point there. The principal subject sits in the lower two thirds, weighted below centre and placed off the vertical axis. Clear depth across three planes: near, middle and far. No text, no letterforms, no numerals, no signature, no watermark, no logo, no border and no frame. Transparent and translucent glass, refraction, caustics, prisms, curved surfaces, crystalline edges, internal reflections and luminous optical depth. Intense internal illumination, brilliant hot highlights, deep surrounding shadows, glowing atmospheric haze and aggressive high-contrast luminosity. Explosive outward movement, fragmented forms, dramatic displacement, extreme scale variation and dense controlled complexity radiating through the composition. Deep forest, emerald and jade with luminous chartreuse accents."
328,0328_liquid_twilight_stillness_emerald.jpg,general,liquid,twilight,stillness,emerald,,944313391,previews/studio/general/0328_liquid_twilight_stillness_emerald.jpg,wallpapers/studio/general/0328_liquid_twilight_stillness_emerald.jpg,67320,ok,"A single striking abstract artwork made as a mobile phone wallpaper. Vertical 9:16 mobile wallpaper, full-bleed edge to edge composition. The upper region of the frame is open and unadorned — atmosphere, gradient falloff or empty depth, no detail and no focal point there. The principal subject sits in the lower two thirds, weighted below centre and placed off the vertical axis. Clear depth across three planes: near, middle and far. No text, no letterforms, no numerals, no signature, no watermark, no logo, no border and no frame. Flowing, suspended and colliding fluids; ribbons, droplets, splashes, folds, pools and smooth sculptural forms shaped by surface tension. Low directional light, long soft shadows, subdued highlights, layered atmospheric haze and a gradual transition between luminous and dark values. Centered, balanced composition with generous negative space, minimal directional movement, simple large forms and a strong sense of visual stability. Deep forest, emerald and jade with luminous chartreuse accents."
48,0048_cosmos_twilight_surge_inferno.jpg,general,cosmos,twilight,surge,inferno,,731642173,previews/studio/general/0048_cosmos_twilight_surge_inferno.jpg,wallpapers/studio/general/0048_cosmos_twilight_surge_inferno.jpg,64084,ok,"A single striking abstract artwork made as a mobile phone wallpaper. Vertical 9:16 mobile wallpaper, full-bleed edge to edge composition. The upper region of the frame is open and unadorned — atmosphere, gradient falloff or empty depth, no detail and no focal point there. The principal subject sits in the lower two thirds, weighted below centre and placed off the vertical axis. Clear depth across three planes: near, middle and far. No text, no letterforms, no numerals, no signature, no watermark, no logo, no border and no frame. Vast celestial forms, nebulae, star fields, cosmic dust, planetary curves, gravitational arcs and luminous interstellar structures. Low directional light, long soft shadows, subdued highlights, layered atmospheric haze and a gradual transition between luminous and dark values. Forceful directional movement, strong diagonals, overlapping forms, dynamic scale changes and pronounced visual momentum. Scarlet, vermilion and molten gold against black."
473,0473_light_inferno_drift_emerald.jpg,general,light,inferno,drift,emerald,,1437925923,previews/studio/general/0473_light_inferno_drift_emerald.jpg,wallpapers/studio/general/0473_light_inferno_drift_emerald.jpg,66337,ok,"A single striking abstract artwork made as a mobile phone wallpaper. Vertical 9:16 mobile wallpaper, full-bleed edge to edge composition. The upper region of the frame is open and unadorned — atmosphere, gradient falloff or empty depth, no detail and no focal point there. The principal subject sits in the lower two thirds, weighted below centre and placed off the vertical axis. Clear depth across three planes: near, middle and far. No text, no letterforms, no numerals, no signature, no watermark, no logo, no border and no frame. Beams, halos, luminous ribbons, glowing fields, volumetric rays, reflections and radiant forms constructed primarily from illumination. Intense internal illumination, brilliant hot highlights, deep surrounding shadows, glowing atmospheric haze and aggressive high-contrast luminosity. Gentle directional movement, softly displaced forms, subtle asymmetry and relaxed visual flow across the composition. Deep forest, emerald and jade with luminous chartreuse accents."
474,0474_light_storm_flow_opal.jpg,general,light,storm,flow,opal,,1944878037,previews/studio/general/0474_light_storm_flow_opal.jpg,wallpapers/studio/general/0474_light_storm_flow_opal.jpg,2536,ok,"A single striking abstract artwork made as a mobile phone wallpaper. Vertical 9:16 mobile wallpaper, full-bleed edge to edge composition. The upper region of the frame is open and unadorned — atmosphere, gradient falloff or empty depth, no detail and no focal point there. The principal subject sits in the lower two thirds, weighted below centre and placed off the vertical axis. Clear depth across three planes: near, middle and far. No text, no letterforms, no numerals, no signature, no watermark, no logo, no border and no frame. Beams, halos, luminous ribbons, glowing fields, volumetric rays, reflections and radiant forms constructed primarily from illumination. Hard raking light through broken darkness, sharp highlights, deep shadows, high contrast and dense moisture-filled atmosphere. Continuous sweeping movement, interconnected forms, graceful curves and clear directional pathways carrying the eye through the composition. Pearl, lavender, pale cyan and blush with iridescent highlights."
184,0184_glass_dream_stillness_emerald.jpg,general,glass,dream,stillness,emerald,,957652973,previews/studio/general/0184_glass_dream_stillness_emerald.jpg,wallpapers/studio/general/0184_glass_dream_stillness_emerald.jpg,62995,ok,"A single striking abstract artwork made as a mobile phone wallpaper. Vertical 9:16 mobile wallpaper, full-bleed edge to edge composition. The upper region of the frame is open and unadorned — atmosphere, gradient falloff or empty depth, no detail and no focal point there. The principal subject sits in the lower two thirds, weighted below centre and placed off the vertical axis. Clear depth across three planes: near, middle and far. No text, no letterforms, no numerals, no signature, no watermark, no logo, no border and no frame. Transparent and translucent glass, refraction, caustics, prisms, curved surfaces, crystalline edges, internal reflections and luminous optical depth. Soft diffused illumination, luminous haze, gentle tonal transitions, restrained contrast, subtle bloom and an ethereal atmospheric glow. Centered, balanced composition with generous negative space, minimal directional movement, simple large forms and a strong sense of visual stability. Deep forest, emerald and jade with luminous chartreuse accents."
329,0329_liquid_eclipse_drift_emerald.jpg,general,liquid,eclipse,drift,emerald,,1451265505,previews/studio/general/0329_liquid_eclipse_drift_emerald.jpg,wallpapers/studio/general/0329_liquid_eclipse_drift_emerald.jpg,63191,ok,"A single striking abstract artwork made as a mobile phone wallpaper. Vertical 9:16 mobile wallpaper, full-bleed edge to edge composition. The upper region of the frame is open and unadorned — atmosphere, gradient falloff or empty depth, no detail and no focal point there. The principal subject sits in the lower two thirds, weighted below centre and placed off the vertical axis. Clear depth across three planes: near, middle and far. No text, no letterforms, no numerals, no signature, no watermark, no logo, no border and no frame. Flowing, suspended and colliding fluids; ribbons, droplets, splashes, folds, pools and smooth sculptural forms shaped by surface tension. Strong backlighting, deep silhouettes, narrow brilliant rim light, extreme separation between darkness and radiance, with restrained atmospheric glow. Gentle directional movement, softly displaced forms, subtle asymmetry and relaxed visual flow across the composition. Deep forest, emerald and jade with luminous chartreuse accents."
49,0049_cosmos_eclipse_eruption_inferno.jpg,general,cosmos,eclipse,eruption,inferno,,1238594287,previews/studio/general/0049_cosmos_eclipse_eruption_inferno.jpg,wallpapers/studio/general/0049_cosmos_eclipse_eruption_inferno.jpg,64160,ok,"A single striking abstract artwork made as a mobile phone wallpaper. Vertical 9:16 mobile wallpaper, full-bleed edge to edge composition. The upper region of the frame is open and unadorned — atmosphere, gradient falloff or empty depth, no detail and no focal point there. The principal subject sits in the lower two thirds, weighted below centre and placed off the vertical axis. Clear depth across three planes: near, middle and far. No text, no letterforms, no numerals, no signature, no watermark, no logo, no border and no frame. Vast celestial forms, nebulae, star fields, cosmic dust, planetary curves, gravitational arcs and luminous interstellar structures. Strong backlighting, deep silhouettes, narrow brilliant rim light, extreme separation between darkness and radiance, with restrained atmospheric glow. Explosive outward movement, fragmented forms, dramatic displacement, extreme scale variation and dense controlled complexity radiating through the composition. Scarlet, vermilion and molten gold against black."
475,0475_light_twilight_surge_opal.jpg,general,light,twilight,surge,opal,,304346504,,,,failed,"prediction failed: Model execution failed (User Input Error): AiError: AiError: NSFW content detected. Try running it again, or try a different prompt. (05b184f4-328f-4a68-8e5f-f76437ce0fe0)"
185,0185_glass_storm_drift_emerald.jpg,general,glass,storm,drift,emerald,,1464605087,previews/studio/general/0185_glass_storm_drift_emerald.jpg,wallpapers/studio/general/0185_glass_storm_drift_emerald.jpg,63733,ok,"A single striking abstract artwork made as a mobile phone wallpaper. Vertical 9:16 mobile wallpaper, full-bleed edge to edge composition. The upper region of the frame is open and unadorned — atmosphere, gradient falloff or empty depth, no detail and no focal point there. The principal subject sits in the lower two thirds, weighted below centre and placed off the vertical axis. Clear depth across three planes: near, middle and far. No text, no letterforms, no numerals, no signature, no watermark, no logo, no border and no frame. Transparent and translucent glass, refraction, caustics, prisms, curved surfaces, crystalline edges, internal reflections and luminous optical depth. Hard raking light through broken darkness, sharp highlights, deep shadows, high contrast and dense moisture-filled atmosphere. Gentle directional movement, softly displaced forms, subtle asymmetry and relaxed visual flow across the composition. Deep forest, emerald and jade with luminous chartreuse accents."
330,0330_liquid_inferno_flow_opal.jpg,general,liquid,inferno,flow,opal,,1958217619,,,,failed,"flux timed out -- status=starting"
476,0476_light_eclipse_eruption_opal.jpg,general,light,eclipse,eruption,opal,,811298618,,,,failed,"prediction failed: Model execution failed (User Input Error): AiError: AiError: NSFW content detected. Try running it again, or try a different prompt. (6065b697-394e-4840-9ebe-b41982d62db1)"
50,0050_cosmos_midnight_stillness_inferno.jpg,general,cosmos,midnight,stillness,inferno,,1745546401,,,,failed,"flux timed out -- status=starting"
186,0186_glass_eclipse_flow_opal.jpg,general,glass,eclipse,flow,opal,,1971557201,previews/studio/general/0186_glass_eclipse_flow_opal.jpg,wallpapers/studio/general/0186_glass_eclipse_flow_opal.jpg,63362,ok,"A single striking abstract artwork made as a mobile phone wallpaper. Vertical 9:16 mobile wallpaper, full-bleed edge to edge composition. The upper region of the frame is open and unadorned — atmosphere, gradient falloff or empty depth, no detail and no focal point there. The principal subject sits in the lower two thirds, weighted below centre and placed off the vertical axis. Clear depth across three planes: near, middle and far. No text, no letterforms, no numerals, no signature, no watermark, no logo, no border and no frame. Transparent and translucent glass, refraction, caustics, prisms, curved surfaces, crystalline edges, internal reflections and luminous optical depth. Strong backlighting, deep silhouettes, narrow brilliant rim light, extreme separation between darkness and radiance, with restrained atmospheric glow. Continuous sweeping movement, interconnected forms, graceful curves and clear directional pathways carrying the eye through the composition. Pearl, lavender, pale cyan and blush with iridescent highlights."
331,0331_liquid_dream_surge_opal.jpg,general,liquid,dream,surge,opal,,317686086,previews/studio/general/0331_liquid_dream_surge_opal.jpg,wallpapers/studio/general/0331_liquid_dream_surge_opal.jpg,63697,ok,"A single striking abstract artwork made as a mobile phone wallpaper. Vertical 9:16 mobile wallpaper, full-bleed edge to edge composition. The upper region of the frame is open and unadorned — atmosphere, gradient falloff or empty depth, no detail and no focal point there. The principal subject sits in the lower two thirds, weighted below centre and placed off the vertical axis. Clear depth across three planes: near, middle and far. No text, no letterforms, no numerals, no signature, no watermark, no logo, no border and no frame. Flowing, suspended and colliding fluids; ribbons, droplets, splashes, folds, pools and smooth sculptural forms shaped by surface tension. Soft diffused illumination, luminous haze, gentle tonal transitions, restrained contrast, subtle bloom and an ethereal atmospheric glow. Forceful directional movement, strong diagonals, overlapping forms, dynamic scale changes and pronounced visual momentum. Pearl, lavender, pale cyan and blush with iridescent highlights."
477,0477_light_midnight_stillness_opal.jpg,general,light,midnight,stillness,opal,,1318250732,,,,failed,"prediction failed: Model execution failed (User Input Error): AiError: AiError: NSFW content detected. Try running it again, or try a different prompt. (ec3433c9-9f54-47a2-80de-2f1a871f3bc0)"
51,0051_cosmos_inferno_drift_inferno.jpg,general,cosmos,inferno,drift,inferno,,105014868,previews/studio/general/0051_cosmos_inferno_drift_inferno.jpg,wallpapers/studio/general/0051_cosmos_inferno_drift_inferno.jpg,64123,ok,"A single striking abstract artwork made as a mobile phone wallpaper. Vertical 9:16 mobile wallpaper, full-bleed edge to edge composition. The upper region of the frame is open and unadorned — atmosphere, gradient falloff or empty depth, no detail and no focal point there. The principal subject sits in the lower two thirds, weighted below centre and placed off the vertical axis. Clear depth across three planes: near, middle and far. No text, no letterforms, no numerals, no signature, no watermark, no logo, no border and no frame. Vast celestial forms, nebulae, star fields, cosmic dust, planetary curves, gravitational arcs and luminous interstellar structures. Intense internal illumination, brilliant hot highlights, deep surrounding shadows, glowing atmospheric haze and aggressive high-contrast luminosity. Gentle directional movement, softly displaced forms, subtle asymmetry and relaxed visual flow across the composition. Scarlet, vermilion and molten gold against black."
187,0187_glass_midnight_surge_opal.jpg,general,glass,midnight,surge,opal,,331025668,,,,failed,"flux timed out -- status=starting"
478,0478_light_inferno_drift_opal.jpg,general,light,inferno,drift,opal,,1825202846,previews/studio/general/0478_light_inferno_drift_opal.jpg,wallpapers/studio/general/0478_light_inferno_drift_opal.jpg,63951,ok,"A single striking abstract artwork made as a mobile phone wallpaper. Vertical 9:16 mobile wallpaper, full-bleed edge to edge composition. The upper region of the frame is open and unadorned — atmosphere, gradient falloff or empty depth, no detail and no focal point there. The principal subject sits in the lower two thirds, weighted below centre and placed off the vertical axis. Clear depth across three planes: near, middle and far. No text, no letterforms, no numerals, no signature, no watermark, no logo, no border and no frame. Beams, halos, luminous ribbons, glowing fields, volumetric rays, reflections and radiant forms constructed primarily from illumination. Intense internal illumination, brilliant hot highlights, deep surrounding shadows, glowing atmospheric haze and aggressive high-contrast luminosity. Gentle directional movement, softly displaced forms, subtle asymmetry and relaxed visual flow across the composition. Pearl, lavender, pale cyan and blush with iridescent highlights."
52,0052_cosmos_dream_flow_inferno.jpg,general,cosmos,dream,flow,inferno,,611966982,previews/studio/general/0052_cosmos_dream_flow_inferno.jpg,wallpapers/studio/general/0052_cosmos_dream_flow_inferno.jpg,63981,ok,"A single striking abstract artwork made as a mobile phone wallpaper. Vertical 9:16 mobile wallpaper, full-bleed edge to edge composition. The upper region of the frame is open and unadorned — atmosphere, gradient falloff or empty depth, no detail and no focal point there. The principal subject sits in the lower two thirds, weighted below centre and placed off the vertical axis. Clear depth across three planes: near, middle and far. No text, no letterforms, no numerals, no signature, no watermark, no logo, no border and no frame. Vast celestial forms, nebulae, star fields, cosmic dust, planetary curves, gravitational arcs and luminous interstellar structures. Soft diffused illumination, luminous haze, gentle tonal transitions, restrained contrast, subtle bloom and an ethereal atmospheric glow. Continuous sweeping movement, interconnected forms, graceful curves and clear directional pathways carrying the eye through the composition. Scarlet, vermilion and molten gold against black."
332,0332_liquid_storm_eruption_opal.jpg,general,liquid,storm,eruption,opal,,824638200,,,,failed,"flux timed out -- status=starting"
479,0479_light_dream_flow_opal.jpg,general,light,dream,flow,opal,,184671313,previews/studio/general/0479_light_dream_flow_opal.jpg,wallpapers/studio/general/0479_light_dream_flow_opal.jpg,32047,ok,"A single striking abstract artwork made as a mobile phone wallpaper. Vertical 9:16 mobile wallpaper, full-bleed edge to edge composition. The upper region of the frame is open and unadorned — atmosphere, gradient falloff or empty depth, no detail and no focal point there. The principal subject sits in the lower two thirds, weighted below centre and placed off the vertical axis. Clear depth across three planes: near, middle and far. No text, no letterforms, no numerals, no signature, no watermark, no logo, no border and no frame. Beams, halos, luminous ribbons, glowing fields, volumetric rays, reflections and radiant forms constructed primarily from illumination. Soft diffused illumination, luminous haze, gentle tonal transitions, restrained contrast, subtle bloom and an ethereal atmospheric glow. Continuous sweeping movement, interconnected forms, graceful curves and clear directional pathways carrying the eye through the composition. Pearl, lavender, pale cyan and blush with iridescent highlights."
188,0188_glass_inferno_eruption_opal.jpg,general,glass,inferno,eruption,opal,,837977782,previews/studio/general/0188_glass_inferno_eruption_opal.jpg,wallpapers/studio/general/0188_glass_inferno_eruption_opal.jpg,64180,ok,"A single striking abstract artwork made as a mobile phone wallpaper. Vertical 9:16 mobile wallpaper, full-bleed edge to edge composition. The upper region of the frame is open and unadorned — atmosphere, gradient falloff or empty depth, no detail and no focal point there. The principal subject sits in the lower two thirds, weighted below centre and placed off the vertical axis. Clear depth across three planes: near, middle and far. No text, no letterforms, no numerals, no signature, no watermark, no logo, no border and no frame. Transparent and translucent glass, refraction, caustics, prisms, curved surfaces, crystalline edges, internal reflections and luminous optical depth. Intense internal illumination, brilliant hot highlights, deep surrounding shadows, glowing atmospheric haze and aggressive high-contrast luminosity. Explosive outward movement, fragmented forms, dramatic displacement, extreme scale variation and dense controlled complexity radiating through the composition. Pearl, lavender, pale cyan and blush with iridescent highlights."
53,0053_cosmos_storm_surge_inferno.jpg,general,cosmos,storm,surge,inferno,,1118919096,previews/studio/general/0053_cosmos_storm_surge_inferno.jpg,wallpapers/studio/general/0053_cosmos_storm_surge_inferno.jpg,64733,ok,"A single striking abstract artwork made as a mobile phone wallpaper. Vertical 9:16 mobile wallpaper, full-bleed edge to edge composition. The upper region of the frame is open and unadorned — atmosphere, gradient falloff or empty depth, no detail and no focal point there. The principal subject sits in the lower two thirds, weighted below centre and placed off the vertical axis. Clear depth across three planes: near, middle and far. No text, no letterforms, no numerals, no signature, no watermark, no logo, no border and no frame. Vast celestial forms, nebulae, star fields, cosmic dust, planetary curves, gravitational arcs and luminous interstellar structures. Hard raking light through broken darkness, sharp highlights, deep shadows, high contrast and dense moisture-filled atmosphere. Forceful directional movement, strong diagonals, overlapping forms, dynamic scale changes and pronounced visual momentum. Scarlet, vermilion and molten gold against black."
333,0333_liquid_twilight_stillness_opal.jpg,general,liquid,twilight,stillness,opal,,1331590314,previews/studio/general/0333_liquid_twilight_stillness_opal.jpg,wallpapers/studio/general/0333_liquid_twilight_stillness_opal.jpg,63851,ok,"A single striking abstract artwork made as a mobile phone wallpaper. Vertical 9:16 mobile wallpaper, full-bleed edge to edge composition. The upper region of the frame is open and unadorned — atmosphere, gradient falloff or empty depth, no detail and no focal point there. The principal subject sits in the lower two thirds, weighted below centre and placed off the vertical axis. Clear depth across three planes: near, middle and far. No text, no letterforms, no numerals, no signature, no watermark, no logo, no border and no frame. Flowing, suspended and colliding fluids; ribbons, droplets, splashes, folds, pools and smooth sculptural forms shaped by surface tension. Low directional light, long soft shadows, subdued highlights, layered atmospheric haze and a gradual transition between luminous and dark values. Centered, balanced composition with generous negative space, minimal directional movement, simple large forms and a strong sense of visual stability. Pearl, lavender, pale cyan and blush with iridescent highlights."
480,0480_light_twilight_surge_inferno.jpg,general,light,twilight,surge,inferno,,691623427,previews/studio/general/0480_light_twilight_surge_inferno.jpg,wallpapers/studio/general/0480_light_twilight_surge_inferno.jpg,63474,ok,"A single striking abstract artwork made as a mobile phone wallpaper. Vertical 9:16 mobile wallpaper, full-bleed edge to edge composition. The upper region of the frame is open and unadorned — atmosphere, gradient falloff or empty depth, no detail and no focal point there. The principal subject sits in the lower two thirds, weighted below centre and placed off the vertical axis. Clear depth across three planes: near, middle and far. No text, no letterforms, no numerals, no signature, no watermark, no logo, no border and no frame. Beams, halos, luminous ribbons, glowing fields, volumetric rays, reflections and radiant forms constructed primarily from illumination. Low directional light, long soft shadows, subdued highlights, layered atmospheric haze and a gradual transition between luminous and dark values. Forceful directional movement, strong diagonals, overlapping forms, dynamic scale changes and pronounced visual momentum. Scarlet, vermilion and molten gold against black."
189,0189_glass_dream_stillness_opal.jpg,general,glass,dream,stillness,opal,,1344929896,previews/studio/general/0189_glass_dream_stillness_opal.jpg,wallpapers/studio/general/0189_glass_dream_stillness_opal.jpg,63777,ok,"A single striking abstract artwork made as a mobile phone wallpaper. Vertical 9:16 mobile wallpaper, full-bleed edge to edge composition. The upper region of the frame is open and unadorned — atmosphere, gradient falloff or empty depth, no detail and no focal point there. The principal subject sits in the lower two thirds, weighted below centre and placed off the vertical axis. Clear depth across three planes: near, middle and far. No text, no letterforms, no numerals, no signature, no watermark, no logo, no border and no frame. Transparent and translucent glass, refraction, caustics, prisms, curved surfaces, crystalline edges, internal reflections and luminous optical depth. Soft diffused illumination, luminous haze, gentle tonal transitions, restrained contrast, subtle bloom and an ethereal atmospheric glow. Centered, balanced composition with generous negative space, minimal directional movement, simple large forms and a strong sense of visual stability. Pearl, lavender, pale cyan and blush with iridescent highlights."
54,0054_cosmos_eclipse_eruption_arctic.jpg,general,cosmos,eclipse,eruption,arctic,,1625871210,previews/studio/general/0054_cosmos_eclipse_eruption_arctic.jpg,wallpapers/studio/general/0054_cosmos_eclipse_eruption_arctic.jpg,64796,ok,"A single striking abstract artwork made as a mobile phone wallpaper. Vertical 9:16 mobile wallpaper, full-bleed edge to edge composition. The upper region of the frame is open and unadorned — atmosphere, gradient falloff or empty depth, no detail and no focal point there. The principal subject sits in the lower two thirds, weighted below centre and placed off the vertical axis. Clear depth across three planes: near, middle and far. No text, no letterforms, no numerals, no signature, no watermark, no logo, no border and no frame. Vast celestial forms, nebulae, star fields, cosmic dust, planetary curves, gravitational arcs and luminous interstellar structures. Strong backlighting, deep silhouettes, narrow brilliant rim light, extreme separation between darkness and radiance, with restrained atmospheric glow. Explosive outward movement, fragmented forms, dramatic displacement, extreme scale variation and dense controlled complexity radiating through the composition. Ice blue, silver and white with restrained cobalt shadows."
334,0334_liquid_eclipse_drift_opal.jpg,general,liquid,eclipse,drift,opal,,1838542428,previews/studio/general/0334_liquid_eclipse_drift_opal.jpg,wallpapers/studio/general/0334_liquid_eclipse_drift_opal.jpg,63749,ok,"A single striking abstract artwork made as a mobile phone wallpaper. Vertical 9:16 mobile wallpaper, full-bleed edge to edge composition. The upper region of the frame is open and unadorned — atmosphere, gradient falloff or empty depth, no detail and no focal point there. The principal subject sits in the lower two thirds, weighted below centre and placed off the vertical axis. Clear depth across three planes: near, middle and far. No text, no letterforms, no numerals, no signature, no watermark, no logo, no border and no frame. Flowing, suspended and colliding fluids; ribbons, droplets, splashes, folds, pools and smooth sculptural forms shaped by surface tension. Strong backlighting, deep silhouettes, narrow brilliant rim light, extreme separation between darkness and radiance, with restrained atmospheric glow. Gentle directional movement, softly displaced forms, subtle asymmetry and relaxed visual flow across the composition. Pearl, lavender, pale cyan and blush with iridescent highlights."
481,0481_light_eclipse_eruption_inferno.jpg,general,light,eclipse,eruption,inferno,,1198575541,previews/studio/general/0481_light_eclipse_eruption_inferno.jpg,wallpapers/studio/general/0481_light_eclipse_eruption_inferno.jpg,64358,ok,"A single striking abstract artwork made as a mobile phone wallpaper. Vertical 9:16 mobile wallpaper, full-bleed edge to edge composition. The upper region of the frame is open and unadorned — atmosphere, gradient falloff or empty depth, no detail and no focal point there. The principal subject sits in the lower two thirds, weighted below centre and placed off the vertical axis. Clear depth across three planes: near, middle and far. No text, no letterforms, no numerals, no signature, no watermark, no logo, no border and no frame. Beams, halos, luminous ribbons, glowing fields, volumetric rays, reflections and radiant forms constructed primarily from illumination. Strong backlighting, deep silhouettes, narrow brilliant rim light, extreme separation between darkness and radiance, with restrained atmospheric glow. Explosive outward movement, fragmented forms, dramatic displacement, extreme scale variation and dense controlled complexity radiating through the composition. Scarlet, vermilion and molten gold against black."
190,0190_glass_storm_drift_opal.jpg,general,glass,storm,drift,opal,,1851882010,previews/studio/general/0190_glass_storm_drift_opal.jpg,wallpapers/studio/general/0190_glass_storm_drift_opal.jpg,63532,ok,"A single striking abstract artwork made as a mobile phone wallpaper. Vertical 9:16 mobile wallpaper, full-bleed edge to edge composition. The upper region of the frame is open and unadorned — atmosphere, gradient falloff or empty depth, no detail and no focal point there. The principal subject sits in the lower two thirds, weighted below centre and placed off the vertical axis. Clear depth across three planes: near, middle and far. No text, no letterforms, no numerals, no signature, no watermark, no logo, no border and no frame. Transparent and translucent glass, refraction, caustics, prisms, curved surfaces, crystalline edges, internal reflections and luminous optical depth. Hard raking light through broken darkness, sharp highlights, deep shadows, high contrast and dense moisture-filled atmosphere. Gentle directional movement, softly displaced forms, subtle asymmetry and relaxed visual flow across the composition. Pearl, lavender, pale cyan and blush with iridescent highlights."
55,0055_cosmos_midnight_stillness_arctic.jpg,general,cosmos,midnight,stillness,arctic,,2132823324,previews/studio/general/0055_cosmos_midnight_stillness_arctic.jpg,wallpapers/studio/general/0055_cosmos_midnight_stillness_arctic.jpg,64893,ok,"A single striking abstract artwork made as a mobile phone wallpaper. Vertical 9:16 mobile wallpaper, full-bleed edge to edge composition. The upper region of the frame is open and unadorned — atmosphere, gradient falloff or empty depth, no detail and no focal point there. The principal subject sits in the lower two thirds, weighted below centre and placed off the vertical axis. Clear depth across three planes: near, middle and far. No text, no letterforms, no numerals, no signature, no watermark, no logo, no border and no frame. Vast celestial forms, nebulae, star fields, cosmic dust, planetary curves, gravitational arcs and luminous interstellar structures. Predominantly deep values, sparse concentrated illumination, rich shadows, isolated highlights and quiet low-light atmosphere. Centered, balanced composition with generous negative space, minimal directional movement, simple large forms and a strong sense of visual stability. Ice blue, silver and white with restrained cobalt shadows."
335,0335_liquid_midnight_flow_opal.jpg,general,liquid,midnight,flow,opal,,198010895,previews/studio/general/0335_liquid_midnight_flow_opal.jpg,wallpapers/studio/general/0335_liquid_midnight_flow_opal.jpg,63870,ok,"A single striking abstract artwork made as a mobile phone wallpaper. Vertical 9:16 mobile wallpaper, full-bleed edge to edge composition. The upper region of the frame is open and unadorned — atmosphere, gradient falloff or empty depth, no detail and no focal point there. The principal subject sits in the lower two thirds, weighted below centre and placed off the vertical axis. Clear depth across three planes: near, middle and far. No text, no letterforms, no numerals, no signature, no watermark, no logo, no border and no frame. Flowing, suspended and colliding fluids; ribbons, droplets, splashes, folds, pools and smooth sculptural forms shaped by surface tension. Predominantly deep values, sparse concentrated illumination, rich shadows, isolated highlights and quiet low-light atmosphere. Continuous sweeping movement, interconnected forms, graceful curves and clear directional pathways carrying the eye through the composition. Pearl, lavender, pale cyan and blush with iridescent highlights."
482,0482_light_midnight_stillness_inferno.jpg,general,light,midnight,stillness,inferno,,1705527655,,,,failed,"prediction failed: Model execution failed (User Input Error): AiError: AiError: NSFW content detected. Try running it again, or try a different prompt. (d93f36ac-d89f-4f6a-abfc-d9df924f84d3)"
483,0483_light_inferno_drift_inferno.jpg,general,light,inferno,drift,inferno,,64996122,previews/studio/general/0483_light_inferno_drift_inferno.jpg,wallpapers/studio/general/0483_light_inferno_drift_inferno.jpg,2078,ok,"A single striking abstract artwork made as a mobile phone wallpaper. Vertical 9:16 mobile wallpaper, full-bleed edge to edge composition. The upper region of the frame is open and unadorned — atmosphere, gradient falloff or empty depth, no detail and no focal point there. The principal subject sits in the lower two thirds, weighted below centre and placed off the vertical axis. Clear depth across three planes: near, middle and far. No text, no letterforms, no numerals, no signature, no watermark, no logo, no border and no frame. Beams, halos, luminous ribbons, glowing fields, volumetric rays, reflections and radiant forms constructed primarily from illumination. Intense internal illumination, brilliant hot highlights, deep surrounding shadows, glowing atmospheric haze and aggressive high-contrast luminosity. Gentle directional movement, softly displaced forms, subtle asymmetry and relaxed visual flow across the composition. Scarlet, vermilion and molten gold against black."
484,0484_light_dream_flow_inferno.jpg,general,light,dream,flow,inferno,,571948236,previews/studio/general/0484_light_dream_flow_inferno.jpg,wallpapers/studio/general/0484_light_dream_flow_inferno.jpg,2540,ok,"A single striking abstract artwork made as a mobile phone wallpaper. Vertical 9:16 mobile wallpaper, full-bleed edge to edge composition. The upper region of the frame is open and unadorned — atmosphere, gradient falloff or empty depth, no detail and no focal point there. The principal subject sits in the lower two thirds, weighted below centre and placed off the vertical axis. Clear depth across three planes: near, middle and far. No text, no letterforms, no numerals, no signature, no watermark, no logo, no border and no frame. Beams, halos, luminous ribbons, glowing fields, volumetric rays, reflections and radiant forms constructed primarily from illumination. Soft diffused illumination, luminous haze, gentle tonal transitions, restrained contrast, subtle bloom and an ethereal atmospheric glow. Continuous sweeping movement, interconnected forms, graceful curves and clear directional pathways carrying the eye through the composition. Scarlet, vermilion and molten gold against black."
191,0191_glass_twilight_flow_opal.jpg,general,glass,twilight,flow,opal,,211350477,previews/studio/general/0191_glass_twilight_flow_opal.jpg,wallpapers/studio/general/0191_glass_twilight_flow_opal.jpg,63775,ok,"A single striking abstract artwork made as a mobile phone wallpaper. Vertical 9:16 mobile wallpaper, full-bleed edge to edge composition. The upper region of the frame is open and unadorned — atmosphere, gradient falloff or empty depth, no detail and no focal point there. The principal subject sits in the lower two thirds, weighted below centre and placed off the vertical axis. Clear depth across three planes: near, middle and far. No text, no letterforms, no numerals, no signature, no watermark, no logo, no border and no frame. Transparent and translucent glass, refraction, caustics, prisms, curved surfaces, crystalline edges, internal reflections and luminous optical depth. Low directional light, long soft shadows, subdued highlights, layered atmospheric haze and a gradual transition between luminous and dark values. Continuous sweeping movement, interconnected forms, graceful curves and clear directional pathways carrying the eye through the composition. Pearl, lavender, pale cyan and blush with iridescent highlights."
56,0056_cosmos_inferno_drift_arctic.jpg,general,cosmos,inferno,drift,arctic,,492291791,previews/studio/general/0056_cosmos_inferno_drift_arctic.jpg,wallpapers/studio/general/0056_cosmos_inferno_drift_arctic.jpg,65058,ok,"A single striking abstract artwork made as a mobile phone wallpaper. Vertical 9:16 mobile wallpaper, full-bleed edge to edge composition. The upper region of the frame is open and unadorned — atmosphere, gradient falloff or empty depth, no detail and no focal point there. The principal subject sits in the lower two thirds, weighted below centre and placed off the vertical axis. Clear depth across three planes: near, middle and far. No text, no letterforms, no numerals, no signature, no watermark, no logo, no border and no frame. Vast celestial forms, nebulae, star fields, cosmic dust, planetary curves, gravitational arcs and luminous interstellar structures. Intense internal illumination, brilliant hot highlights, deep surrounding shadows, glowing atmospheric haze and aggressive high-contrast luminosity. Gentle directional movement, softly displaced forms, subtle asymmetry and relaxed visual flow across the composition. Ice blue, silver and white with restrained cobalt shadows."
336,0336_liquid_dream_surge_inferno.jpg,general,liquid,dream,surge,inferno,,704963009,previews/studio/general/0336_liquid_dream_surge_inferno.jpg,wallpapers/studio/general/0336_liquid_dream_surge_inferno.jpg,63547,ok,"A single striking abstract artwork made as a mobile phone wallpaper. Vertical 9:16 mobile wallpaper, full-bleed edge to edge composition. The upper region of the frame is open and unadorned — atmosphere, gradient falloff or empty depth, no detail and no focal point there. The principal subject sits in the lower two thirds, weighted below centre and placed off the vertical axis. Clear depth across three planes: near, middle and far. No text, no letterforms, no numerals, no signature, no watermark, no logo, no border and no frame. Flowing, suspended and colliding fluids; ribbons, droplets, splashes, folds, pools and smooth sculptural forms shaped by surface tension. Soft diffused illumination, luminous haze, gentle tonal transitions, restrained contrast, subtle bloom and an ethereal atmospheric glow. Forceful directional movement, strong diagonals, overlapping forms, dynamic scale changes and pronounced visual momentum. Scarlet, vermilion and molten gold against black."
485,0485_light_storm_surge_inferno.jpg,general,light,storm,surge,inferno,,1078900350,previews/studio/general/0485_light_storm_surge_inferno.jpg,wallpapers/studio/general/0485_light_storm_surge_inferno.jpg,63922,ok,"A single striking abstract artwork made as a mobile phone wallpaper. Vertical 9:16 mobile wallpaper, full-bleed edge to edge composition. The upper region of the frame is open and unadorned — atmosphere, gradient falloff or empty depth, no detail and no focal point there. The principal subject sits in the lower two thirds, weighted below centre and placed off the vertical axis. Clear depth across three planes: near, middle and far. No text, no letterforms, no numerals, no signature, no watermark, no logo, no border and no frame. Beams, halos, luminous ribbons, glowing fields, volumetric rays, reflections and radiant forms constructed primarily from illumination. Hard raking light through broken darkness, sharp highlights, deep shadows, high contrast and dense moisture-filled atmosphere. Forceful directional movement, strong diagonals, overlapping forms, dynamic scale changes and pronounced visual momentum. Scarlet, vermilion and molten gold against black."
192,0192_glass_midnight_surge_inferno.jpg,general,glass,midnight,surge,inferno,,718302591,previews/studio/general/0192_glass_midnight_surge_inferno.jpg,wallpapers/studio/general/0192_glass_midnight_surge_inferno.jpg,64116,ok,"A single striking abstract artwork made as a mobile phone wallpaper. Vertical 9:16 mobile wallpaper, full-bleed edge to edge composition. The upper region of the frame is open and unadorned — atmosphere, gradient falloff or empty depth, no detail and no focal point there. The principal subject sits in the lower two thirds, weighted below centre and placed off the vertical axis. Clear depth across three planes: near, middle and far. No text, no letterforms, no numerals, no signature, no watermark, no logo, no border and no frame. Transparent and translucent glass, refraction, caustics, prisms, curved surfaces, crystalline edges, internal reflections and luminous optical depth. Predominantly deep values, sparse concentrated illumination, rich shadows, isolated highlights and quiet low-light atmosphere. Forceful directional movement, strong diagonals, overlapping forms, dynamic scale changes and pronounced visual momentum. Scarlet, vermilion and molten gold against black."
193,0193_glass_inferno_eruption_inferno.jpg,general,glass,inferno,eruption,inferno,,1225254705,previews/studio/general/0193_glass_inferno_eruption_inferno.jpg,wallpapers/studio/general/0193_glass_inferno_eruption_inferno.jpg,2208,ok,"A single striking abstract artwork made as a mobile phone wallpaper. Vertical 9:16 mobile wallpaper, full-bleed edge to edge composition. The upper region of the frame is open and unadorned — atmosphere, gradient falloff or empty depth, no detail and no focal point there. The principal subject sits in the lower two thirds, weighted below centre and placed off the vertical axis. Clear depth across three planes: near, middle and far. No text, no letterforms, no numerals, no signature, no watermark, no logo, no border and no frame. Transparent and translucent glass, refraction, caustics, prisms, curved surfaces, crystalline edges, internal reflections and luminous optical depth. Intense internal illumination, brilliant hot highlights, deep surrounding shadows, glowing atmospheric haze and aggressive high-contrast luminosity. Explosive outward movement, fragmented forms, dramatic displacement, extreme scale variation and dense controlled complexity radiating through the composition. Scarlet, vermilion and molten gold against black."
194,0194_glass_dream_stillness_inferno.jpg,general,glass,dream,stillness,inferno,,1732206819,previews/studio/general/0194_glass_dream_stillness_inferno.jpg,wallpapers/studio/general/0194_glass_dream_stillness_inferno.jpg,1645,ok,"A single striking abstract artwork made as a mobile phone wallpaper. Vertical 9:16 mobile wallpaper, full-bleed edge to edge composition. The upper region of the frame is open and unadorned — atmosphere, gradient falloff or empty depth, no detail and no focal point there. The principal subject sits in the lower two thirds, weighted below centre and placed off the vertical axis. Clear depth across three planes: near, middle and far. No text, no letterforms, no numerals, no signature, no watermark, no logo, no border and no frame. Transparent and translucent glass, refraction, caustics, prisms, curved surfaces, crystalline edges, internal reflections and luminous optical depth. Soft diffused illumination, luminous haze, gentle tonal transitions, restrained contrast, subtle bloom and an ethereal atmospheric glow. Centered, balanced composition with generous negative space, minimal directional movement, simple large forms and a strong sense of visual stability. Scarlet, vermilion and molten gold against black."
195,0195_glass_storm_drift_inferno.jpg,general,glass,storm,drift,inferno,,91675286,previews/studio/general/0195_glass_storm_drift_inferno.jpg,wallpapers/studio/general/0195_glass_storm_drift_inferno.jpg,1619,ok,"A single striking abstract artwork made as a mobile phone wallpaper. Vertical 9:16 mobile wallpaper, full-bleed edge to edge composition. The upper region of the frame is open and unadorned — atmosphere, gradient falloff or empty depth, no detail and no focal point there. The principal subject sits in the lower two thirds, weighted below centre and placed off the vertical axis. Clear depth across three planes: near, middle and far. No text, no letterforms, no numerals, no signature, no watermark, no logo, no border and no frame. Transparent and translucent glass, refraction, caustics, prisms, curved surfaces, crystalline edges, internal reflections and luminous optical depth. Hard raking light through broken darkness, sharp highlights, deep shadows, high contrast and dense moisture-filled atmosphere. Gentle directional movement, softly displaced forms, subtle asymmetry and relaxed visual flow across the composition. Scarlet, vermilion and molten gold against black."
57,0057_cosmos_dream_flow_arctic.jpg,general,cosmos,dream,flow,arctic,,999243905,previews/studio/general/0057_cosmos_dream_flow_arctic.jpg,wallpapers/studio/general/0057_cosmos_dream_flow_arctic.jpg,65370,ok,"A single striking abstract artwork made as a mobile phone wallpaper. Vertical 9:16 mobile wallpaper, full-bleed edge to edge composition. The upper region of the frame is open and unadorned — atmosphere, gradient falloff or empty depth, no detail and no focal point there. The principal subject sits in the lower two thirds, weighted below centre and placed off the vertical axis. Clear depth across three planes: near, middle and far. No text, no letterforms, no numerals, no signature, no watermark, no logo, no border and no frame. Vast celestial forms, nebulae, star fields, cosmic dust, planetary curves, gravitational arcs and luminous interstellar structures. Soft diffused illumination, luminous haze, gentle tonal transitions, restrained contrast, subtle bloom and an ethereal atmospheric glow. Continuous sweeping movement, interconnected forms, graceful curves and clear directional pathways carrying the eye through the composition. Ice blue, silver and white with restrained cobalt shadows."
337,0337_liquid_storm_eruption_inferno.jpg,general,liquid,storm,eruption,inferno,,1211915123,previews/studio/general/0337_liquid_storm_eruption_inferno.jpg,wallpapers/studio/general/0337_liquid_storm_eruption_inferno.jpg,64267,ok,"A single striking abstract artwork made as a mobile phone wallpaper. Vertical 9:16 mobile wallpaper, full-bleed edge to edge composition. The upper region of the frame is open and unadorned — atmosphere, gradient falloff or empty depth, no detail and no focal point there. The principal subject sits in the lower two thirds, weighted below centre and placed off the vertical axis. Clear depth across three planes: near, middle and far. No text, no letterforms, no numerals, no signature, no watermark, no logo, no border and no frame. Flowing, suspended and colliding fluids; ribbons, droplets, splashes, folds, pools and smooth sculptural forms shaped by surface tension. Hard raking light through broken darkness, sharp highlights, deep shadows, high contrast and dense moisture-filled atmosphere. Explosive outward movement, fragmented forms, dramatic displacement, extreme scale variation and dense controlled complexity radiating through the composition. Scarlet, vermilion and molten gold against black."
486,0486_light_eclipse_eruption_arctic.jpg,general,light,eclipse,eruption,arctic,,1585852464,previews/studio/general/0486_light_eclipse_eruption_arctic.jpg,wallpapers/studio/general/0486_light_eclipse_eruption_arctic.jpg,65504,ok,"A single striking abstract artwork made as a mobile phone wallpaper. Vertical 9:16 mobile wallpaper, full-bleed edge to edge composition. The upper region of the frame is open and unadorned — atmosphere, gradient falloff or empty depth, no detail and no focal point there. The principal subject sits in the lower two thirds, weighted below centre and placed off the vertical axis. Clear depth across three planes: near, middle and far. No text, no letterforms, no numerals, no signature, no watermark, no logo, no border and no frame. Beams, halos, luminous ribbons, glowing fields, volumetric rays, reflections and radiant forms constructed primarily from illumination. Strong backlighting, deep silhouettes, narrow brilliant rim light, extreme separation between darkness and radiance, with restrained atmospheric glow. Explosive outward movement, fragmented forms, dramatic displacement, extreme scale variation and dense controlled complexity radiating through the composition. Ice blue, silver and white with restrained cobalt shadows."
487,0487_light_midnight_stillness_arctic.jpg,general,light,midnight,stillness,arctic,,2092804578,previews/studio/general/0487_light_midnight_stillness_arctic.jpg,wallpapers/studio/general/0487_light_midnight_stillness_arctic.jpg,3778,ok,"A single striking abstract artwork made as a mobile phone wallpaper. Vertical 9:16 mobile wallpaper, full-bleed edge to edge composition. The upper region of the frame is open and unadorned — atmosphere, gradient falloff or empty depth, no detail and no focal point there. The principal subject sits in the lower two thirds, weighted below centre and placed off the vertical axis. Clear depth across three planes: near, middle and far. No text, no letterforms, no numerals, no signature, no watermark, no logo, no border and no frame. Beams, halos, luminous ribbons, glowing fields, volumetric rays, reflections and radiant forms constructed primarily from illumination. Predominantly deep values, sparse concentrated illumination, rich shadows, isolated highlights and quiet low-light atmosphere. Centered, balanced composition with generous negative space, minimal directional movement, simple large forms and a strong sense of visual stability. Ice blue, silver and white with restrained cobalt shadows."
196,0196_glass_twilight_flow_inferno.jpg,general,glass,twilight,flow,inferno,,598627400,previews/studio/general/0196_glass_twilight_flow_inferno.jpg,wallpapers/studio/general/0196_glass_twilight_flow_inferno.jpg,63652,ok,"A single striking abstract artwork made as a mobile phone wallpaper. Vertical 9:16 mobile wallpaper, full-bleed edge to edge composition. The upper region of the frame is open and unadorned — atmosphere, gradient falloff or empty depth, no detail and no focal point there. The principal subject sits in the lower two thirds, weighted below centre and placed off the vertical axis. Clear depth across three planes: near, middle and far. No text, no letterforms, no numerals, no signature, no watermark, no logo, no border and no frame. Transparent and translucent glass, refraction, caustics, prisms, curved surfaces, crystalline edges, internal reflections and luminous optical depth. Low directional light, long soft shadows, subdued highlights, layered atmospheric haze and a gradual transition between luminous and dark values. Continuous sweeping movement, interconnected forms, graceful curves and clear directional pathways carrying the eye through the composition. Scarlet, vermilion and molten gold against black."
58,0058_cosmos_storm_surge_arctic.jpg,general,cosmos,storm,surge,arctic,,1506196019,previews/studio/general/0058_cosmos_storm_surge_arctic.jpg,wallpapers/studio/general/0058_cosmos_storm_surge_arctic.jpg,64528,ok,"A single striking abstract artwork made as a mobile phone wallpaper. Vertical 9:16 mobile wallpaper, full-bleed edge to edge composition. The upper region of the frame is open and unadorned — atmosphere, gradient falloff or empty depth, no detail and no focal point there. The principal subject sits in the lower two thirds, weighted below centre and placed off the vertical axis. Clear depth across three planes: near, middle and far. No text, no letterforms, no numerals, no signature, no watermark, no logo, no border and no frame. Vast celestial forms, nebulae, star fields, cosmic dust, planetary curves, gravitational arcs and luminous interstellar structures. Hard raking light through broken darkness, sharp highlights, deep shadows, high contrast and dense moisture-filled atmosphere. Forceful directional movement, strong diagonals, overlapping forms, dynamic scale changes and pronounced visual momentum. Ice blue, silver and white with restrained cobalt shadows."
338,0338_liquid_twilight_stillness_inferno.jpg,general,liquid,twilight,stillness,inferno,,1718867237,previews/studio/general/0338_liquid_twilight_stillness_inferno.jpg,wallpapers/studio/general/0338_liquid_twilight_stillness_inferno.jpg,63557,ok,"A single striking abstract artwork made as a mobile phone wallpaper. Vertical 9:16 mobile wallpaper, full-bleed edge to edge composition. The upper region of the frame is open and unadorned — atmosphere, gradient falloff or empty depth, no detail and no focal point there. The principal subject sits in the lower two thirds, weighted below centre and placed off the vertical axis. Clear depth across three planes: near, middle and far. No text, no letterforms, no numerals, no signature, no watermark, no logo, no border and no frame. Flowing, suspended and colliding fluids; ribbons, droplets, splashes, folds, pools and smooth sculptural forms shaped by surface tension. Low directional light, long soft shadows, subdued highlights, layered atmospheric haze and a gradual transition between luminous and dark values. Centered, balanced composition with generous negative space, minimal directional movement, simple large forms and a strong sense of visual stability. Scarlet, vermilion and molten gold against black."
488,0488_light_inferno_drift_arctic.jpg,general,light,inferno,drift,arctic,,452273045,previews/studio/general/0488_light_inferno_drift_arctic.jpg,wallpapers/studio/general/0488_light_inferno_drift_arctic.jpg,63900,ok,"A single striking abstract artwork made as a mobile phone wallpaper. Vertical 9:16 mobile wallpaper, full-bleed edge to edge composition. The upper region of the frame is open and unadorned — atmosphere, gradient falloff or empty depth, no detail and no focal point there. The principal subject sits in the lower two thirds, weighted below centre and placed off the vertical axis. Clear depth across three planes: near, middle and far. No text, no letterforms, no numerals, no signature, no watermark, no logo, no border and no frame. Beams, halos, luminous ribbons, glowing fields, volumetric rays, reflections and radiant forms constructed primarily from illumination. Intense internal illumination, brilliant hot highlights, deep surrounding shadows, glowing atmospheric haze and aggressive high-contrast luminosity. Gentle directional movement, softly displaced forms, subtle asymmetry and relaxed visual flow across the composition. Ice blue, silver and white with restrained cobalt shadows."
197,0197_glass_eclipse_surge_inferno.jpg,general,glass,eclipse,surge,inferno,,1105579514,,,,failed,"prediction failed: Model execution failed (User Input Error): AiError: AiError: NSFW content detected. Try running it again, or try a different prompt. (c622e6e1-a42e-473d-86ff-d1ae697746d2)"
59,0059_cosmos_twilight_eruption_arctic.jpg,general,cosmos,twilight,eruption,arctic,,2013148133,previews/studio/general/0059_cosmos_twilight_eruption_arctic.jpg,wallpapers/studio/general/0059_cosmos_twilight_eruption_arctic.jpg,64957,ok,"A single striking abstract artwork made as a mobile phone wallpaper. Vertical 9:16 mobile wallpaper, full-bleed edge to edge composition. The upper region of the frame is open and unadorned — atmosphere, gradient falloff or empty depth, no detail and no focal point there. The principal subject sits in the lower two thirds, weighted below centre and placed off the vertical axis. Clear depth across three planes: near, middle and far. No text, no letterforms, no numerals, no signature, no watermark, no logo, no border and no frame. Vast celestial forms, nebulae, star fields, cosmic dust, planetary curves, gravitational arcs and luminous interstellar structures. Low directional light, long soft shadows, subdued highlights, layered atmospheric haze and a gradual transition between luminous and dark values. Explosive outward movement, fragmented forms, dramatic displacement, extreme scale variation and dense controlled complexity radiating through the composition. Ice blue, silver and white with restrained cobalt shadows."
60,0060_cosmos_midnight_stillness_midnight.jpg,general,cosmos,midnight,stillness,midnight,,372616600,previews/studio/general/0060_cosmos_midnight_stillness_midnight.jpg,wallpapers/studio/general/0060_cosmos_midnight_stillness_midnight.jpg,2351,ok,"A single striking abstract artwork made as a mobile phone wallpaper. Vertical 9:16 mobile wallpaper, full-bleed edge to edge composition. The upper region of the frame is open and unadorned — atmosphere, gradient falloff or empty depth, no detail and no focal point there. The principal subject sits in the lower two thirds, weighted below centre and placed off the vertical axis. Clear depth across three planes: near, middle and far. No text, no letterforms, no numerals, no signature, no watermark, no logo, no border and no frame. Vast celestial forms, nebulae, star fields, cosmic dust, planetary curves, gravitational arcs and luminous interstellar structures. Predominantly deep values, sparse concentrated illumination, rich shadows, isolated highlights and quiet low-light atmosphere. Centered, balanced composition with generous negative space, minimal directional movement, simple large forms and a strong sense of visual stability. Navy, indigo and black with sparse electric-blue illumination."
339,0339_liquid_eclipse_drift_inferno.jpg,general,liquid,eclipse,drift,inferno,,78335704,previews/studio/general/0339_liquid_eclipse_drift_inferno.jpg,wallpapers/studio/general/0339_liquid_eclipse_drift_inferno.jpg,63926,ok,"A single striking abstract artwork made as a mobile phone wallpaper. Vertical 9:16 mobile wallpaper, full-bleed edge to edge composition. The upper region of the frame is open and unadorned — atmosphere, gradient falloff or empty depth, no detail and no focal point there. The principal subject sits in the lower two thirds, weighted below centre and placed off the vertical axis. Clear depth across three planes: near, middle and far. No text, no letterforms, no numerals, no signature, no watermark, no logo, no border and no frame. Flowing, suspended and colliding fluids; ribbons, droplets, splashes, folds, pools and smooth sculptural forms shaped by surface tension. Strong backlighting, deep silhouettes, narrow brilliant rim light, extreme separation between darkness and radiance, with restrained atmospheric glow. Gentle directional movement, softly displaced forms, subtle asymmetry and relaxed visual flow across the composition. Scarlet, vermilion and molten gold against black."
489,0489_light_dream_flow_arctic.jpg,general,light,dream,flow,arctic,,959225159,previews/studio/general/0489_light_dream_flow_arctic.jpg,wallpapers/studio/general/0489_light_dream_flow_arctic.jpg,64855,ok,"A single striking abstract artwork made as a mobile phone wallpaper. Vertical 9:16 mobile wallpaper, full-bleed edge to edge composition. The upper region of the frame is open and unadorned — atmosphere, gradient falloff or empty depth, no detail and no focal point there. The principal subject sits in the lower two thirds, weighted below centre and placed off the vertical axis. Clear depth across three planes: near, middle and far. No text, no letterforms, no numerals, no signature, no watermark, no logo, no border and no frame. Beams, halos, luminous ribbons, glowing fields, volumetric rays, reflections and radiant forms constructed primarily from illumination. Soft diffused illumination, luminous haze, gentle tonal transitions, restrained contrast, subtle bloom and an ethereal atmospheric glow. Continuous sweeping movement, interconnected forms, graceful curves and clear directional pathways carrying the eye through the composition. Ice blue, silver and white with restrained cobalt shadows."
198,0198_glass_inferno_eruption_arctic.jpg,general,glass,inferno,eruption,arctic,,1612531628,previews/studio/general/0198_glass_inferno_eruption_arctic.jpg,wallpapers/studio/general/0198_glass_inferno_eruption_arctic.jpg,64900,ok,"A single striking abstract artwork made as a mobile phone wallpaper. Vertical 9:16 mobile wallpaper, full-bleed edge to edge composition. The upper region of the frame is open and unadorned — atmosphere, gradient falloff or empty depth, no detail and no focal point there. The principal subject sits in the lower two thirds, weighted below centre and placed off the vertical axis. Clear depth across three planes: near, middle and far. No text, no letterforms, no numerals, no signature, no watermark, no logo, no border and no frame. Transparent and translucent glass, refraction, caustics, prisms, curved surfaces, crystalline edges, internal reflections and luminous optical depth. Intense internal illumination, brilliant hot highlights, deep surrounding shadows, glowing atmospheric haze and aggressive high-contrast luminosity. Explosive outward movement, fragmented forms, dramatic displacement, extreme scale variation and dense controlled complexity radiating through the composition. Ice blue, silver and white with restrained cobalt shadows."
61,0061_cosmos_inferno_drift_midnight.jpg,general,cosmos,inferno,drift,midnight,,879568714,previews/studio/general/0061_cosmos_inferno_drift_midnight.jpg,wallpapers/studio/general/0061_cosmos_inferno_drift_midnight.jpg,64354,ok,"A single striking abstract artwork made as a mobile phone wallpaper. Vertical 9:16 mobile wallpaper, full-bleed edge to edge composition. The upper region of the frame is open and unadorned — atmosphere, gradient falloff or empty depth, no detail and no focal point there. The principal subject sits in the lower two thirds, weighted below centre and placed off the vertical axis. Clear depth across three planes: near, middle and far. No text, no letterforms, no numerals, no signature, no watermark, no logo, no border and no frame. Vast celestial forms, nebulae, star fields, cosmic dust, planetary curves, gravitational arcs and luminous interstellar structures. Intense internal illumination, brilliant hot highlights, deep surrounding shadows, glowing atmospheric haze and aggressive high-contrast luminosity. Gentle directional movement, softly displaced forms, subtle asymmetry and relaxed visual flow across the composition. Navy, indigo and black with sparse electric-blue illumination."
340,0340_liquid_midnight_flow_inferno.jpg,general,liquid,midnight,flow,inferno,,585287818,previews/studio/general/0340_liquid_midnight_flow_inferno.jpg,wallpapers/studio/general/0340_liquid_midnight_flow_inferno.jpg,64220,ok,"A single striking abstract artwork made as a mobile phone wallpaper. Vertical 9:16 mobile wallpaper, full-bleed edge to edge composition. The upper region of the frame is open and unadorned — atmosphere, gradient falloff or empty depth, no detail and no focal point there. The principal subject sits in the lower two thirds, weighted below centre and placed off the vertical axis. Clear depth across three planes: near, middle and far. No text, no letterforms, no numerals, no signature, no watermark, no logo, no border and no frame. Flowing, suspended and colliding fluids; ribbons, droplets, splashes, folds, pools and smooth sculptural forms shaped by surface tension. Predominantly deep values, sparse concentrated illumination, rich shadows, isolated highlights and quiet low-light atmosphere. Continuous sweeping movement, interconnected forms, graceful curves and clear directional pathways carrying the eye through the composition. Scarlet, vermilion and molten gold against black."
490,0490_light_storm_surge_arctic.jpg,general,light,storm,surge,arctic,,1466177273,previews/studio/general/0490_light_storm_surge_arctic.jpg,wallpapers/studio/general/0490_light_storm_surge_arctic.jpg,64258,ok,"A single striking abstract artwork made as a mobile phone wallpaper. Vertical 9:16 mobile wallpaper, full-bleed edge to edge composition. The upper region of the frame is open and unadorned — atmosphere, gradient falloff or empty depth, no detail and no focal point there. The principal subject sits in the lower two thirds, weighted below centre and placed off the vertical axis. Clear depth across three planes: near, middle and far. No text, no letterforms, no numerals, no signature, no watermark, no logo, no border and no frame. Beams, halos, luminous ribbons, glowing fields, volumetric rays, reflections and radiant forms constructed primarily from illumination. Hard raking light through broken darkness, sharp highlights, deep shadows, high contrast and dense moisture-filled atmosphere. Forceful directional movement, strong diagonals, overlapping forms, dynamic scale changes and pronounced visual momentum. Ice blue, silver and white with restrained cobalt shadows."
199,0199_glass_dream_stillness_arctic.jpg,general,glass,dream,stillness,arctic,,2119483742,previews/studio/general/0199_glass_dream_stillness_arctic.jpg,wallpapers/studio/general/0199_glass_dream_stillness_arctic.jpg,63873,ok,"A single striking abstract artwork made as a mobile phone wallpaper. Vertical 9:16 mobile wallpaper, full-bleed edge to edge composition. The upper region of the frame is open and unadorned — atmosphere, gradient falloff or empty depth, no detail and no focal point there. The principal subject sits in the lower two thirds, weighted below centre and placed off the vertical axis. Clear depth across three planes: near, middle and far. No text, no letterforms, no numerals, no signature, no watermark, no logo, no border and no frame. Transparent and translucent glass, refraction, caustics, prisms, curved surfaces, crystalline edges, internal reflections and luminous optical depth. Soft diffused illumination, luminous haze, gentle tonal transitions, restrained contrast, subtle bloom and an ethereal atmospheric glow. Centered, balanced composition with generous negative space, minimal directional movement, simple large forms and a strong sense of visual stability. Ice blue, silver and white with restrained cobalt shadows."
62,0062_cosmos_dream_flow_midnight.jpg,general,cosmos,dream,flow,midnight,,1386520828,previews/studio/general/0062_cosmos_dream_flow_midnight.jpg,wallpapers/studio/general/0062_cosmos_dream_flow_midnight.jpg,64225,ok,"A single striking abstract artwork made as a mobile phone wallpaper. Vertical 9:16 mobile wallpaper, full-bleed edge to edge composition. The upper region of the frame is open and unadorned — atmosphere, gradient falloff or empty depth, no detail and no focal point there. The principal subject sits in the lower two thirds, weighted below centre and placed off the vertical axis. Clear depth across three planes: near, middle and far. No text, no letterforms, no numerals, no signature, no watermark, no logo, no border and no frame. Vast celestial forms, nebulae, star fields, cosmic dust, planetary curves, gravitational arcs and luminous interstellar structures. Soft diffused illumination, luminous haze, gentle tonal transitions, restrained contrast, subtle bloom and an ethereal atmospheric glow. Continuous sweeping movement, interconnected forms, graceful curves and clear directional pathways carrying the eye through the composition. Navy, indigo and black with sparse electric-blue illumination."
341,0341_liquid_inferno_surge_inferno.jpg,general,liquid,inferno,surge,inferno,,1092239932,previews/studio/general/0341_liquid_inferno_surge_inferno.jpg,wallpapers/studio/general/0341_liquid_inferno_surge_inferno.jpg,64228,ok,"A single striking abstract artwork made as a mobile phone wallpaper. Vertical 9:16 mobile wallpaper, full-bleed edge to edge composition. The upper region of the frame is open and unadorned — atmosphere, gradient falloff or empty depth, no detail and no focal point there. The principal subject sits in the lower two thirds, weighted below centre and placed off the vertical axis. Clear depth across three planes: near, middle and far. No text, no letterforms, no numerals, no signature, no watermark, no logo, no border and no frame. Flowing, suspended and colliding fluids; ribbons, droplets, splashes, folds, pools and smooth sculptural forms shaped by surface tension. Intense internal illumination, brilliant hot highlights, deep surrounding shadows, glowing atmospheric haze and aggressive high-contrast luminosity. Forceful directional movement, strong diagonals, overlapping forms, dynamic scale changes and pronounced visual momentum. Scarlet, vermilion and molten gold against black."
200,0200_glass_storm_drift_arctic.jpg,general,glass,storm,drift,arctic,,478952209,previews/studio/general/0200_glass_storm_drift_arctic.jpg,wallpapers/studio/general/0200_glass_storm_drift_arctic.jpg,63244,ok,"A single striking abstract artwork made as a mobile phone wallpaper. Vertical 9:16 mobile wallpaper, full-bleed edge to edge composition. The upper region of the frame is open and unadorned — atmosphere, gradient falloff or empty depth, no detail and no focal point there. The principal subject sits in the lower two thirds, weighted below centre and placed off the vertical axis. Clear depth across three planes: near, middle and far. No text, no letterforms, no numerals, no signature, no watermark, no logo, no border and no frame. Transparent and translucent glass, refraction, caustics, prisms, curved surfaces, crystalline edges, internal reflections and luminous optical depth. Hard raking light through broken darkness, sharp highlights, deep shadows, high contrast and dense moisture-filled atmosphere. Gentle directional movement, softly displaced forms, subtle asymmetry and relaxed visual flow across the composition. Ice blue, silver and white with restrained cobalt shadows."
491,0491_light_twilight_eruption_arctic.jpg,general,light,twilight,eruption,arctic,,1973129387,,,,failed,"flux timed out -- status=starting"
63,0063_cosmos_storm_surge_midnight.jpg,general,cosmos,storm,surge,midnight,,1893472942,,,,failed,"prediction failed: Model execution failed (User Input Error): AiError: AiError: NSFW content detected. Try running it again, or try a different prompt. (65eb814b-d800-42a4-93b9-296dda51ca5b)"
342,0342_liquid_storm_eruption_arctic.jpg,general,liquid,storm,eruption,arctic,,1599192046,previews/studio/general/0342_liquid_storm_eruption_arctic.jpg,wallpapers/studio/general/0342_liquid_storm_eruption_arctic.jpg,64268,ok,"A single striking abstract artwork made as a mobile phone wallpaper. Vertical 9:16 mobile wallpaper, full-bleed edge to edge composition. The upper region of the frame is open and unadorned — atmosphere, gradient falloff or empty depth, no detail and no focal point there. The principal subject sits in the lower two thirds, weighted below centre and placed off the vertical axis. Clear depth across three planes: near, middle and far. No text, no letterforms, no numerals, no signature, no watermark, no logo, no border and no frame. Flowing, suspended and colliding fluids; ribbons, droplets, splashes, folds, pools and smooth sculptural forms shaped by surface tension. Hard raking light through broken darkness, sharp highlights, deep shadows, high contrast and dense moisture-filled atmosphere. Explosive outward movement, fragmented forms, dramatic displacement, extreme scale variation and dense controlled complexity radiating through the composition. Ice blue, silver and white with restrained cobalt shadows."
201,0201_glass_twilight_flow_arctic.jpg,general,glass,twilight,flow,arctic,,985904323,previews/studio/general/0201_glass_twilight_flow_arctic.jpg,wallpapers/studio/general/0201_glass_twilight_flow_arctic.jpg,63779,ok,"A single striking abstract artwork made as a mobile phone wallpaper. Vertical 9:16 mobile wallpaper, full-bleed edge to edge composition. The upper region of the frame is open and unadorned — atmosphere, gradient falloff or empty depth, no detail and no focal point there. The principal subject sits in the lower two thirds, weighted below centre and placed off the vertical axis. Clear depth across three planes: near, middle and far. No text, no letterforms, no numerals, no signature, no watermark, no logo, no border and no frame. Transparent and translucent glass, refraction, caustics, prisms, curved surfaces, crystalline edges, internal reflections and luminous optical depth. Low directional light, long soft shadows, subdued highlights, layered atmospheric haze and a gradual transition between luminous and dark values. Continuous sweeping movement, interconnected forms, graceful curves and clear directional pathways carrying the eye through the composition. Ice blue, silver and white with restrained cobalt shadows."
492,0492_light_midnight_stillness_midnight.jpg,general,light,midnight,stillness,midnight,,332597854,previews/studio/general/0492_light_midnight_stillness_midnight.jpg,wallpapers/studio/general/0492_light_midnight_stillness_midnight.jpg,63511,ok,"A single striking abstract artwork made as a mobile phone wallpaper. Vertical 9:16 mobile wallpaper, full-bleed edge to edge composition. The upper region of the frame is open and unadorned — atmosphere, gradient falloff or empty depth, no detail and no focal point there. The principal subject sits in the lower two thirds, weighted below centre and placed off the vertical axis. Clear depth across three planes: near, middle and far. No text, no letterforms, no numerals, no signature, no watermark, no logo, no border and no frame. Beams, halos, luminous ribbons, glowing fields, volumetric rays, reflections and radiant forms constructed primarily from illumination. Predominantly deep values, sparse concentrated illumination, rich shadows, isolated highlights and quiet low-light atmosphere. Centered, balanced composition with generous negative space, minimal directional movement, simple large forms and a strong sense of visual stability. Navy, indigo and black with sparse electric-blue illumination."
493,0493_light_inferno_drift_midnight.jpg,general,light,inferno,drift,midnight,,839549968,previews/studio/general/0493_light_inferno_drift_midnight.jpg,wallpapers/studio/general/0493_light_inferno_drift_midnight.jpg,2123,ok,"A single striking abstract artwork made as a mobile phone wallpaper. Vertical 9:16 mobile wallpaper, full-bleed edge to edge composition. The upper region of the frame is open and unadorned — atmosphere, gradient falloff or empty depth, no detail and no focal point there. The principal subject sits in the lower two thirds, weighted below centre and placed off the vertical axis. Clear depth across three planes: near, middle and far. No text, no letterforms, no numerals, no signature, no watermark, no logo, no border and no frame. Beams, halos, luminous ribbons, glowing fields, volumetric rays, reflections and radiant forms constructed primarily from illumination. Intense internal illumination, brilliant hot highlights, deep surrounding shadows, glowing atmospheric haze and aggressive high-contrast luminosity. Gentle directional movement, softly displaced forms, subtle asymmetry and relaxed visual flow across the composition. Navy, indigo and black with sparse electric-blue illumination."
343,0343_liquid_twilight_stillness_arctic.jpg,general,liquid,twilight,stillness,arctic,,2106144160,previews/studio/general/0343_liquid_twilight_stillness_arctic.jpg,wallpapers/studio/general/0343_liquid_twilight_stillness_arctic.jpg,64448,ok,"A single striking abstract artwork made as a mobile phone wallpaper. Vertical 9:16 mobile wallpaper, full-bleed edge to edge composition. The upper region of the frame is open and unadorned — atmosphere, gradient falloff or empty depth, no detail and no focal point there. The principal subject sits in the lower two thirds, weighted below centre and placed off the vertical axis. Clear depth across three planes: near, middle and far. No text, no letterforms, no numerals, no signature, no watermark, no logo, no border and no frame. Flowing, suspended and colliding fluids; ribbons, droplets, splashes, folds, pools and smooth sculptural forms shaped by surface tension. Low directional light, long soft shadows, subdued highlights, layered atmospheric haze and a gradual transition between luminous and dark values. Centered, balanced composition with generous negative space, minimal directional movement, simple large forms and a strong sense of visual stability. Ice blue, silver and white with restrained cobalt shadows."
64,0064_cosmos_twilight_eruption_midnight.jpg,general,cosmos,twilight,eruption,midnight,,252941409,,,,failed,"prediction failed: Director: unexpected error handling prediction (E9828)"
202,0202_glass_eclipse_surge_arctic.jpg,general,glass,eclipse,surge,arctic,,1492856437,previews/studio/general/0202_glass_eclipse_surge_arctic.jpg,wallpapers/studio/general/0202_glass_eclipse_surge_arctic.jpg,64129,ok,"A single striking abstract artwork made as a mobile phone wallpaper. Vertical 9:16 mobile wallpaper, full-bleed edge to edge composition. The upper region of the frame is open and unadorned — atmosphere, gradient falloff or empty depth, no detail and no focal point there. The principal subject sits in the lower two thirds, weighted below centre and placed off the vertical axis. Clear depth across three planes: near, middle and far. No text, no letterforms, no numerals, no signature, no watermark, no logo, no border and no frame. Transparent and translucent glass, refraction, caustics, prisms, curved surfaces, crystalline edges, internal reflections and luminous optical depth. Strong backlighting, deep silhouettes, narrow brilliant rim light, extreme separation between darkness and radiance, with restrained atmospheric glow. Forceful directional movement, strong diagonals, overlapping forms, dynamic scale changes and pronounced visual momentum. Ice blue, silver and white with restrained cobalt shadows."
203,0203_glass_midnight_eruption_arctic.jpg,general,glass,midnight,eruption,arctic,,1999808551,previews/studio/general/0203_glass_midnight_eruption_arctic.jpg,wallpapers/studio/general/0203_glass_midnight_eruption_arctic.jpg,2006,ok,"A single striking abstract artwork made as a mobile phone wallpaper. Vertical 9:16 mobile wallpaper, full-bleed edge to edge composition. The upper region of the frame is open and unadorned — atmosphere, gradient falloff or empty depth, no detail and no focal point there. The principal subject sits in the lower two thirds, weighted below centre and placed off the vertical axis. Clear depth across three planes: near, middle and far. No text, no letterforms, no numerals, no signature, no watermark, no logo, no border and no frame. Transparent and translucent glass, refraction, caustics, prisms, curved surfaces, crystalline edges, internal reflections and luminous optical depth. Predominantly deep values, sparse concentrated illumination, rich shadows, isolated highlights and quiet low-light atmosphere. Explosive outward movement, fragmented forms, dramatic displacement, extreme scale variation and dense controlled complexity radiating through the composition. Ice blue, silver and white with restrained cobalt shadows."
494,0494_light_dream_flow_midnight.jpg,general,light,dream,flow,midnight,,1346502082,previews/studio/general/0494_light_dream_flow_midnight.jpg,wallpapers/studio/general/0494_light_dream_flow_midnight.jpg,63618,ok,"A single striking abstract artwork made as a mobile phone wallpaper. Vertical 9:16 mobile wallpaper, full-bleed edge to edge composition. The upper region of the frame is open and unadorned — atmosphere, gradient falloff or empty depth, no detail and no focal point there. The principal subject sits in the lower two thirds, weighted below centre and placed off the vertical axis. Clear depth across three planes: near, middle and far. No text, no letterforms, no numerals, no signature, no watermark, no logo, no border and no frame. Beams, halos, luminous ribbons, glowing fields, volumetric rays, reflections and radiant forms constructed primarily from illumination. Soft diffused illumination, luminous haze, gentle tonal transitions, restrained contrast, subtle bloom and an ethereal atmospheric glow. Continuous sweeping movement, interconnected forms, graceful curves and clear directional pathways carrying the eye through the composition. Navy, indigo and black with sparse electric-blue illumination."
344,0344_liquid_eclipse_drift_arctic.jpg,general,liquid,eclipse,drift,arctic,,465612627,previews/studio/general/0344_liquid_eclipse_drift_arctic.jpg,wallpapers/studio/general/0344_liquid_eclipse_drift_arctic.jpg,63890,ok,"A single striking abstract artwork made as a mobile phone wallpaper. Vertical 9:16 mobile wallpaper, full-bleed edge to edge composition. The upper region of the frame is open and unadorned — atmosphere, gradient falloff or empty depth, no detail and no focal point there. The principal subject sits in the lower two thirds, weighted below centre and placed off the vertical axis. Clear depth across three planes: near, middle and far. No text, no letterforms, no numerals, no signature, no watermark, no logo, no border and no frame. Flowing, suspended and colliding fluids; ribbons, droplets, splashes, folds, pools and smooth sculptural forms shaped by surface tension. Strong backlighting, deep silhouettes, narrow brilliant rim light, extreme separation between darkness and radiance, with restrained atmospheric glow. Gentle directional movement, softly displaced forms, subtle asymmetry and relaxed visual flow across the composition. Ice blue, silver and white with restrained cobalt shadows."
65,0065_cosmos_eclipse_stillness_midnight.jpg,general,cosmos,eclipse,stillness,midnight,,759893523,previews/studio/general/0065_cosmos_eclipse_stillness_midnight.jpg,wallpapers/studio/general/0065_cosmos_eclipse_stillness_midnight.jpg,64186,ok,"A single striking abstract artwork made as a mobile phone wallpaper. Vertical 9:16 mobile wallpaper, full-bleed edge to edge composition. The upper region of the frame is open and unadorned — atmosphere, gradient falloff or empty depth, no detail and no focal point there. The principal subject sits in the lower two thirds, weighted below centre and placed off the vertical axis. Clear depth across three planes: near, middle and far. No text, no letterforms, no numerals, no signature, no watermark, no logo, no border and no frame. Vast celestial forms, nebulae, star fields, cosmic dust, planetary curves, gravitational arcs and luminous interstellar structures. Strong backlighting, deep silhouettes, narrow brilliant rim light, extreme separation between darkness and radiance, with restrained atmospheric glow. Centered, balanced composition with generous negative space, minimal directional movement, simple large forms and a strong sense of visual stability. Navy, indigo and black with sparse electric-blue illumination."
66,0066_cosmos_inferno_drift_prismatic.jpg,general,cosmos,inferno,drift,prismatic,,1266845637,previews/studio/general/0066_cosmos_inferno_drift_prismatic.jpg,wallpapers/studio/general/0066_cosmos_inferno_drift_prismatic.jpg,2236,ok,"A single striking abstract artwork made as a mobile phone wallpaper. Vertical 9:16 mobile wallpaper, full-bleed edge to edge composition. The upper region of the frame is open and unadorned — atmosphere, gradient falloff or empty depth, no detail and no focal point there. The principal subject sits in the lower two thirds, weighted below centre and placed off the vertical axis. Clear depth across three planes: near, middle and far. No text, no letterforms, no numerals, no signature, no watermark, no logo, no border and no frame. Vast celestial forms, nebulae, star fields, cosmic dust, planetary curves, gravitational arcs and luminous interstellar structures. Intense internal illumination, brilliant hot highlights, deep surrounding shadows, glowing atmospheric haze and aggressive high-contrast luminosity. Gentle directional movement, softly displaced forms, subtle asymmetry and relaxed visual flow across the composition. Controlled spectrum colour, rich refraction, luminous transitions."
67,0067_cosmos_dream_flow_prismatic.jpg,general,cosmos,dream,flow,prismatic,,1773797751,previews/studio/general/0067_cosmos_dream_flow_prismatic.jpg,wallpapers/studio/general/0067_cosmos_dream_flow_prismatic.jpg,1978,ok,"A single striking abstract artwork made as a mobile phone wallpaper. Vertical 9:16 mobile wallpaper, full-bleed edge to edge composition. The upper region of the frame is open and unadorned — atmosphere, gradient falloff or empty depth, no detail and no focal point there. The principal subject sits in the lower two thirds, weighted below centre and placed off the vertical axis. Clear depth across three planes: near, middle and far. No text, no letterforms, no numerals, no signature, no watermark, no logo, no border and no frame. Vast celestial forms, nebulae, star fields, cosmic dust, planetary curves, gravitational arcs and luminous interstellar structures. Soft diffused illumination, luminous haze, gentle tonal transitions, restrained contrast, subtle bloom and an ethereal atmospheric glow. Continuous sweeping movement, interconnected forms, graceful curves and clear directional pathways carrying the eye through the composition. Controlled spectrum colour, rich refraction, luminous transitions."
204,0204_glass_dream_stillness_midnight.jpg,general,glass,dream,stillness,midnight,,359277018,previews/studio/general/0204_glass_dream_stillness_midnight.jpg,wallpapers/studio/general/0204_glass_dream_stillness_midnight.jpg,63755,ok,"A single striking abstract artwork made as a mobile phone wallpaper. Vertical 9:16 mobile wallpaper, full-bleed edge to edge composition. The upper region of the frame is open and unadorned — atmosphere, gradient falloff or empty depth, no detail and no focal point there. The principal subject sits in the lower two thirds, weighted below centre and placed off the vertical axis. Clear depth across three planes: near, middle and far. No text, no letterforms, no numerals, no signature, no watermark, no logo, no border and no frame. Transparent and translucent glass, refraction, caustics, prisms, curved surfaces, crystalline edges, internal reflections and luminous optical depth. Soft diffused illumination, luminous haze, gentle tonal transitions, restrained contrast, subtle bloom and an ethereal atmospheric glow. Centered, balanced composition with generous negative space, minimal directional movement, simple large forms and a strong sense of visual stability. Navy, indigo and black with sparse electric-blue illumination."
495,0495_light_storm_surge_midnight.jpg,general,light,storm,surge,midnight,,1853454196,previews/studio/general/0495_light_storm_surge_midnight.jpg,wallpapers/studio/general/0495_light_storm_surge_midnight.jpg,64159,ok,"A single striking abstract artwork made as a mobile phone wallpaper. Vertical 9:16 mobile wallpaper, full-bleed edge to edge composition. The upper region of the frame is open and unadorned — atmosphere, gradient falloff or empty depth, no detail and no focal point there. The principal subject sits in the lower two thirds, weighted below centre and placed off the vertical axis. Clear depth across three planes: near, middle and far. No text, no letterforms, no numerals, no signature, no watermark, no logo, no border and no frame. Beams, halos, luminous ribbons, glowing fields, volumetric rays, reflections and radiant forms constructed primarily from illumination. Hard raking light through broken darkness, sharp highlights, deep shadows, high contrast and dense moisture-filled atmosphere. Forceful directional movement, strong diagonals, overlapping forms, dynamic scale changes and pronounced visual momentum. Navy, indigo and black with sparse electric-blue illumination."
345,0345_liquid_midnight_flow_arctic.jpg,general,liquid,midnight,flow,arctic,,972564741,previews/studio/general/0345_liquid_midnight_flow_arctic.jpg,wallpapers/studio/general/0345_liquid_midnight_flow_arctic.jpg,64332,ok,"A single striking abstract artwork made as a mobile phone wallpaper. Vertical 9:16 mobile wallpaper, full-bleed edge to edge composition. The upper region of the frame is open and unadorned — atmosphere, gradient falloff or empty depth, no detail and no focal point there. The principal subject sits in the lower two thirds, weighted below centre and placed off the vertical axis. Clear depth across three planes: near, middle and far. No text, no letterforms, no numerals, no signature, no watermark, no logo, no border and no frame. Flowing, suspended and colliding fluids; ribbons, droplets, splashes, folds, pools and smooth sculptural forms shaped by surface tension. Predominantly deep values, sparse concentrated illumination, rich shadows, isolated highlights and quiet low-light atmosphere. Continuous sweeping movement, interconnected forms, graceful curves and clear directional pathways carrying the eye through the composition. Ice blue, silver and white with restrained cobalt shadows."
346,0346_liquid_inferno_surge_arctic.jpg,general,liquid,inferno,surge,arctic,,1479516855,previews/studio/general/0346_liquid_inferno_surge_arctic.jpg,wallpapers/studio/general/0346_liquid_inferno_surge_arctic.jpg,2214,ok,"A single striking abstract artwork made as a mobile phone wallpaper. Vertical 9:16 mobile wallpaper, full-bleed edge to edge composition. The upper region of the frame is open and unadorned — atmosphere, gradient falloff or empty depth, no detail and no focal point there. The principal subject sits in the lower two thirds, weighted below centre and placed off the vertical axis. Clear depth across three planes: near, middle and far. No text, no letterforms, no numerals, no signature, no watermark, no logo, no border and no frame. Flowing, suspended and colliding fluids; ribbons, droplets, splashes, folds, pools and smooth sculptural forms shaped by surface tension. Intense internal illumination, brilliant hot highlights, deep surrounding shadows, glowing atmospheric haze and aggressive high-contrast luminosity. Forceful directional movement, strong diagonals, overlapping forms, dynamic scale changes and pronounced visual momentum. Ice blue, silver and white with restrained cobalt shadows."
347,0347_liquid_dream_eruption_arctic.jpg,general,liquid,dream,eruption,arctic,,1986468969,previews/studio/general/0347_liquid_dream_eruption_arctic.jpg,wallpapers/studio/general/0347_liquid_dream_eruption_arctic.jpg,2011,ok,"A single striking abstract artwork made as a mobile phone wallpaper. Vertical 9:16 mobile wallpaper, full-bleed edge to edge composition. The upper region of the frame is open and unadorned — atmosphere, gradient falloff or empty depth, no detail and no focal point there. The principal subject sits in the lower two thirds, weighted below centre and placed off the vertical axis. Clear depth across three planes: near, middle and far. No text, no letterforms, no numerals, no signature, no watermark, no logo, no border and no frame. Flowing, suspended and colliding fluids; ribbons, droplets, splashes, folds, pools and smooth sculptural forms shaped by surface tension. Soft diffused illumination, luminous haze, gentle tonal transitions, restrained contrast, subtle bloom and an ethereal atmospheric glow. Explosive outward movement, fragmented forms, dramatic displacement, extreme scale variation and dense controlled complexity radiating through the composition. Ice blue, silver and white with restrained cobalt shadows."
68,0068_cosmos_storm_surge_prismatic.jpg,general,cosmos,storm,surge,prismatic,,133266218,previews/studio/general/0068_cosmos_storm_surge_prismatic.jpg,wallpapers/studio/general/0068_cosmos_storm_surge_prismatic.jpg,63106,ok,"A single striking abstract artwork made as a mobile phone wallpaper. Vertical 9:16 mobile wallpaper, full-bleed edge to edge composition. The upper region of the frame is open and unadorned — atmosphere, gradient falloff or empty depth, no detail and no focal point there. The principal subject sits in the lower two thirds, weighted below centre and placed off the vertical axis. Clear depth across three planes: near, middle and far. No text, no letterforms, no numerals, no signature, no watermark, no logo, no border and no frame. Vast celestial forms, nebulae, star fields, cosmic dust, planetary curves, gravitational arcs and luminous interstellar structures. Hard raking light through broken darkness, sharp highlights, deep shadows, high contrast and dense moisture-filled atmosphere. Forceful directional movement, strong diagonals, overlapping forms, dynamic scale changes and pronounced visual momentum. Controlled spectrum colour, rich refraction, luminous transitions."
205,0205_glass_storm_drift_midnight.jpg,general,glass,storm,drift,midnight,,866229132,previews/studio/general/0205_glass_storm_drift_midnight.jpg,wallpapers/studio/general/0205_glass_storm_drift_midnight.jpg,63620,ok,"A single striking abstract artwork made as a mobile phone wallpaper. Vertical 9:16 mobile wallpaper, full-bleed edge to edge composition. The upper region of the frame is open and unadorned — atmosphere, gradient falloff or empty depth, no detail and no focal point there. The principal subject sits in the lower two thirds, weighted below centre and placed off the vertical axis. Clear depth across three planes: near, middle and far. No text, no letterforms, no numerals, no signature, no watermark, no logo, no border and no frame. Transparent and translucent glass, refraction, caustics, prisms, curved surfaces, crystalline edges, internal reflections and luminous optical depth. Hard raking light through broken darkness, sharp highlights, deep shadows, high contrast and dense moisture-filled atmosphere. Gentle directional movement, softly displaced forms, subtle asymmetry and relaxed visual flow across the composition. Navy, indigo and black with sparse electric-blue illumination."
206,0206_glass_twilight_flow_midnight.jpg,general,glass,twilight,flow,midnight,,1373181246,previews/studio/general/0206_glass_twilight_flow_midnight.jpg,wallpapers/studio/general/0206_glass_twilight_flow_midnight.jpg,2114,ok,"A single striking abstract artwork made as a mobile phone wallpaper. Vertical 9:16 mobile wallpaper, full-bleed edge to edge composition. The upper region of the frame is open and unadorned — atmosphere, gradient falloff or empty depth, no detail and no focal point there. The principal subject sits in the lower two thirds, weighted below centre and placed off the vertical axis. Clear depth across three planes: near, middle and far. No text, no letterforms, no numerals, no signature, no watermark, no logo, no border and no frame. Transparent and translucent glass, refraction, caustics, prisms, curved surfaces, crystalline edges, internal reflections and luminous optical depth. Low directional light, long soft shadows, subdued highlights, layered atmospheric haze and a gradual transition between luminous and dark values. Continuous sweeping movement, interconnected forms, graceful curves and clear directional pathways carrying the eye through the composition. Navy, indigo and black with sparse electric-blue illumination."
496,0496_light_twilight_eruption_midnight.jpg,general,light,twilight,eruption,midnight,,212922663,previews/studio/general/0496_light_twilight_eruption_midnight.jpg,wallpapers/studio/general/0496_light_twilight_eruption_midnight.jpg,64325,ok,"A single striking abstract artwork made as a mobile phone wallpaper. Vertical 9:16 mobile wallpaper, full-bleed edge to edge composition. The upper region of the frame is open and unadorned — atmosphere, gradient falloff or empty depth, no detail and no focal point there. The principal subject sits in the lower two thirds, weighted below centre and placed off the vertical axis. Clear depth across three planes: near, middle and far. No text, no letterforms, no numerals, no signature, no watermark, no logo, no border and no frame. Beams, halos, luminous ribbons, glowing fields, volumetric rays, reflections and radiant forms constructed primarily from illumination. Low directional light, long soft shadows, subdued highlights, layered atmospheric haze and a gradual transition between luminous and dark values. Explosive outward movement, fragmented forms, dramatic displacement, extreme scale variation and dense controlled complexity radiating through the composition. Navy, indigo and black with sparse electric-blue illumination."
497,0497_light_eclipse_stillness_midnight.jpg,general,light,eclipse,stillness,midnight,,719874777,previews/studio/general/0497_light_eclipse_stillness_midnight.jpg,wallpapers/studio/general/0497_light_eclipse_stillness_midnight.jpg,1964,ok,"A single striking abstract artwork made as a mobile phone wallpaper. Vertical 9:16 mobile wallpaper, full-bleed edge to edge composition. The upper region of the frame is open and unadorned — atmosphere, gradient falloff or empty depth, no detail and no focal point there. The principal subject sits in the lower two thirds, weighted below centre and placed off the vertical axis. Clear depth across three planes: near, middle and far. No text, no letterforms, no numerals, no signature, no watermark, no logo, no border and no frame. Beams, halos, luminous ribbons, glowing fields, volumetric rays, reflections and radiant forms constructed primarily from illumination. Strong backlighting, deep silhouettes, narrow brilliant rim light, extreme separation between darkness and radiance, with restrained atmospheric glow. Centered, balanced composition with generous negative space, minimal directional movement, simple large forms and a strong sense of visual stability. Navy, indigo and black with sparse electric-blue illumination."
348,0348_liquid_twilight_stillness_midnight.jpg,general,liquid,twilight,stillness,midnight,,345937436,previews/studio/general/0348_liquid_twilight_stillness_midnight.jpg,wallpapers/studio/general/0348_liquid_twilight_stillness_midnight.jpg,63621,ok,"A single striking abstract artwork made as a mobile phone wallpaper. Vertical 9:16 mobile wallpaper, full-bleed edge to edge composition. The upper region of the frame is open and unadorned — atmosphere, gradient falloff or empty depth, no detail and no focal point there. The principal subject sits in the lower two thirds, weighted below centre and placed off the vertical axis. Clear depth across three planes: near, middle and far. No text, no letterforms, no numerals, no signature, no watermark, no logo, no border and no frame. Flowing, suspended and colliding fluids; ribbons, droplets, splashes, folds, pools and smooth sculptural forms shaped by surface tension. Low directional light, long soft shadows, subdued highlights, layered atmospheric haze and a gradual transition between luminous and dark values. Centered, balanced composition with generous negative space, minimal directional movement, simple large forms and a strong sense of visual stability. Navy, indigo and black with sparse electric-blue illumination."
349,0349_liquid_eclipse_drift_midnight.jpg,general,liquid,eclipse,drift,midnight,,852889550,previews/studio/general/0349_liquid_eclipse_drift_midnight.jpg,wallpapers/studio/general/0349_liquid_eclipse_drift_midnight.jpg,1758,ok,"A single striking abstract artwork made as a mobile phone wallpaper. Vertical 9:16 mobile wallpaper, full-bleed edge to edge composition. The upper region of the frame is open and unadorned — atmosphere, gradient falloff or empty depth, no detail and no focal point there. The principal subject sits in the lower two thirds, weighted below centre and placed off the vertical axis. Clear depth across three planes: near, middle and far. No text, no letterforms, no numerals, no signature, no watermark, no logo, no border and no frame. Flowing, suspended and colliding fluids; ribbons, droplets, splashes, folds, pools and smooth sculptural forms shaped by surface tension. Strong backlighting, deep silhouettes, narrow brilliant rim light, extreme separation between darkness and radiance, with restrained atmospheric glow. Gentle directional movement, softly displaced forms, subtle asymmetry and relaxed visual flow across the composition. Navy, indigo and black with sparse electric-blue illumination."
69,0069_cosmos_twilight_eruption_prismatic.jpg,general,cosmos,twilight,eruption,prismatic,,640218332,previews/studio/general/0069_cosmos_twilight_eruption_prismatic.jpg,wallpapers/studio/general/0069_cosmos_twilight_eruption_prismatic.jpg,64749,ok,"A single striking abstract artwork made as a mobile phone wallpaper. Vertical 9:16 mobile wallpaper, full-bleed edge to edge composition. The upper region of the frame is open and unadorned — atmosphere, gradient falloff or empty depth, no detail and no focal point there. The principal subject sits in the lower two thirds, weighted below centre and placed off the vertical axis. Clear depth across three planes: near, middle and far. No text, no letterforms, no numerals, no signature, no watermark, no logo, no border and no frame. Vast celestial forms, nebulae, star fields, cosmic dust, planetary curves, gravitational arcs and luminous interstellar structures. Low directional light, long soft shadows, subdued highlights, layered atmospheric haze and a gradual transition between luminous and dark values. Explosive outward movement, fragmented forms, dramatic displacement, extreme scale variation and dense controlled complexity radiating through the composition. Controlled spectrum colour, rich refraction, luminous transitions."
207,0207_glass_eclipse_surge_midnight.jpg,general,glass,eclipse,surge,midnight,,1880133360,previews/studio/general/0207_glass_eclipse_surge_midnight.jpg,wallpapers/studio/general/0207_glass_eclipse_surge_midnight.jpg,64361,ok,"A single striking abstract artwork made as a mobile phone wallpaper. Vertical 9:16 mobile wallpaper, full-bleed edge to edge composition. The upper region of the frame is open and unadorned — atmosphere, gradient falloff or empty depth, no detail and no focal point there. The principal subject sits in the lower two thirds, weighted below centre and placed off the vertical axis. Clear depth across three planes: near, middle and far. No text, no letterforms, no numerals, no signature, no watermark, no logo, no border and no frame. Transparent and translucent glass, refraction, caustics, prisms, curved surfaces, crystalline edges, internal reflections and luminous optical depth. Strong backlighting, deep silhouettes, narrow brilliant rim light, extreme separation between darkness and radiance, with restrained atmospheric glow. Forceful directional movement, strong diagonals, overlapping forms, dynamic scale changes and pronounced visual momentum. Navy, indigo and black with sparse electric-blue illumination."
208,0208_glass_midnight_eruption_midnight.jpg,general,glass,midnight,eruption,midnight,,239601827,previews/studio/general/0208_glass_midnight_eruption_midnight.jpg,wallpapers/studio/general/0208_glass_midnight_eruption_midnight.jpg,2309,ok,"A single striking abstract artwork made as a mobile phone wallpaper. Vertical 9:16 mobile wallpaper, full-bleed edge to edge composition. The upper region of the frame is open and unadorned — atmosphere, gradient falloff or empty depth, no detail and no focal point there. The principal subject sits in the lower two thirds, weighted below centre and placed off the vertical axis. Clear depth across three planes: near, middle and far. No text, no letterforms, no numerals, no signature, no watermark, no logo, no border and no frame. Transparent and translucent glass, refraction, caustics, prisms, curved surfaces, crystalline edges, internal reflections and luminous optical depth. Predominantly deep values, sparse concentrated illumination, rich shadows, isolated highlights and quiet low-light atmosphere. Explosive outward movement, fragmented forms, dramatic displacement, extreme scale variation and dense controlled complexity radiating through the composition. Navy, indigo and black with sparse electric-blue illumination."
209,0209_glass_inferno_stillness_midnight.jpg,general,glass,inferno,stillness,midnight,,746553941,previews/studio/general/0209_glass_inferno_stillness_midnight.jpg,wallpapers/studio/general/0209_glass_inferno_stillness_midnight.jpg,1522,ok,"A single striking abstract artwork made as a mobile phone wallpaper. Vertical 9:16 mobile wallpaper, full-bleed edge to edge composition. The upper region of the frame is open and unadorned — atmosphere, gradient falloff or empty depth, no detail and no focal point there. The principal subject sits in the lower two thirds, weighted below centre and placed off the vertical axis. Clear depth across three planes: near, middle and far. No text, no letterforms, no numerals, no signature, no watermark, no logo, no border and no frame. Transparent and translucent glass, refraction, caustics, prisms, curved surfaces, crystalline edges, internal reflections and luminous optical depth. Intense internal illumination, brilliant hot highlights, deep surrounding shadows, glowing atmospheric haze and aggressive high-contrast luminosity. Centered, balanced composition with generous negative space, minimal directional movement, simple large forms and a strong sense of visual stability. Navy, indigo and black with sparse electric-blue illumination."
498,0498_light_inferno_drift_prismatic.jpg,general,light,inferno,drift,prismatic,,1226826891,previews/studio/general/0498_light_inferno_drift_prismatic.jpg,wallpapers/studio/general/0498_light_inferno_drift_prismatic.jpg,63506,ok,"A single striking abstract artwork made as a mobile phone wallpaper. Vertical 9:16 mobile wallpaper, full-bleed edge to edge composition. The upper region of the frame is open and unadorned — atmosphere, gradient falloff or empty depth, no detail and no focal point there. The principal subject sits in the lower two thirds, weighted below centre and placed off the vertical axis. Clear depth across three planes: near, middle and far. No text, no letterforms, no numerals, no signature, no watermark, no logo, no border and no frame. Beams, halos, luminous ribbons, glowing fields, volumetric rays, reflections and radiant forms constructed primarily from illumination. Intense internal illumination, brilliant hot highlights, deep surrounding shadows, glowing atmospheric haze and aggressive high-contrast luminosity. Gentle directional movement, softly displaced forms, subtle asymmetry and relaxed visual flow across the composition. Controlled spectrum colour, rich refraction, luminous transitions."
350,0350_liquid_midnight_flow_midnight.jpg,general,liquid,midnight,flow,midnight,,1359841664,previews/studio/general/0350_liquid_midnight_flow_midnight.jpg,wallpapers/studio/general/0350_liquid_midnight_flow_midnight.jpg,63585,ok,"A single striking abstract artwork made as a mobile phone wallpaper. Vertical 9:16 mobile wallpaper, full-bleed edge to edge composition. The upper region of the frame is open and unadorned — atmosphere, gradient falloff or empty depth, no detail and no focal point there. The principal subject sits in the lower two thirds, weighted below centre and placed off the vertical axis. Clear depth across three planes: near, middle and far. No text, no letterforms, no numerals, no signature, no watermark, no logo, no border and no frame. Flowing, suspended and colliding fluids; ribbons, droplets, splashes, folds, pools and smooth sculptural forms shaped by surface tension. Predominantly deep values, sparse concentrated illumination, rich shadows, isolated highlights and quiet low-light atmosphere. Continuous sweeping movement, interconnected forms, graceful curves and clear directional pathways carrying the eye through the composition. Navy, indigo and black with sparse electric-blue illumination."
70,0070_cosmos_eclipse_stillness_prismatic.jpg,general,cosmos,eclipse,stillness,prismatic,,1147170446,previews/studio/general/0070_cosmos_eclipse_stillness_prismatic.jpg,wallpapers/studio/general/0070_cosmos_eclipse_stillness_prismatic.jpg,64048,ok,"A single striking abstract artwork made as a mobile phone wallpaper. Vertical 9:16 mobile wallpaper, full-bleed edge to edge composition. The upper region of the frame is open and unadorned — atmosphere, gradient falloff or empty depth, no detail and no focal point there. The principal subject sits in the lower two thirds, weighted below centre and placed off the vertical axis. Clear depth across three planes: near, middle and far. No text, no letterforms, no numerals, no signature, no watermark, no logo, no border and no frame. Vast celestial forms, nebulae, star fields, cosmic dust, planetary curves, gravitational arcs and luminous interstellar structures. Strong backlighting, deep silhouettes, narrow brilliant rim light, extreme separation between darkness and radiance, with restrained atmospheric glow. Centered, balanced composition with generous negative space, minimal directional movement, simple large forms and a strong sense of visual stability. Controlled spectrum colour, rich refraction, luminous transitions."
210,0210_glass_storm_drift_prismatic.jpg,general,glass,storm,drift,prismatic,,1253506055,previews/studio/general/0210_glass_storm_drift_prismatic.jpg,wallpapers/studio/general/0210_glass_storm_drift_prismatic.jpg,63850,ok,"A single striking abstract artwork made as a mobile phone wallpaper. Vertical 9:16 mobile wallpaper, full-bleed edge to edge composition. The upper region of the frame is open and unadorned — atmosphere, gradient falloff or empty depth, no detail and no focal point there. The principal subject sits in the lower two thirds, weighted below centre and placed off the vertical axis. Clear depth across three planes: near, middle and far. No text, no letterforms, no numerals, no signature, no watermark, no logo, no border and no frame. Transparent and translucent glass, refraction, caustics, prisms, curved surfaces, crystalline edges, internal reflections and luminous optical depth. Hard raking light through broken darkness, sharp highlights, deep shadows, high contrast and dense moisture-filled atmosphere. Gentle directional movement, softly displaced forms, subtle asymmetry and relaxed visual flow across the composition. Controlled spectrum colour, rich refraction, luminous transitions."
499,0499_light_dream_flow_prismatic.jpg,general,light,dream,flow,prismatic,,1733779005,previews/studio/general/0499_light_dream_flow_prismatic.jpg,wallpapers/studio/general/0499_light_dream_flow_prismatic.jpg,63366,ok,"A single striking abstract artwork made as a mobile phone wallpaper. Vertical 9:16 mobile wallpaper, full-bleed edge to edge composition. The upper region of the frame is open and unadorned — atmosphere, gradient falloff or empty depth, no detail and no focal point there. The principal subject sits in the lower two thirds, weighted below centre and placed off the vertical axis. Clear depth across three planes: near, middle and far. No text, no letterforms, no numerals, no signature, no watermark, no logo, no border and no frame. Beams, halos, luminous ribbons, glowing fields, volumetric rays, reflections and radiant forms constructed primarily from illumination. Soft diffused illumination, luminous haze, gentle tonal transitions, restrained contrast, subtle bloom and an ethereal atmospheric glow. Continuous sweeping movement, interconnected forms, graceful curves and clear directional pathways carrying the eye through the composition. Controlled spectrum colour, rich refraction, luminous transitions."
351,0351_liquid_inferno_surge_midnight.jpg,general,liquid,inferno,surge,midnight,,1866793778,previews/studio/general/0351_liquid_inferno_surge_midnight.jpg,wallpapers/studio/general/0351_liquid_inferno_surge_midnight.jpg,63800,ok,"A single striking abstract artwork made as a mobile phone wallpaper. Vertical 9:16 mobile wallpaper, full-bleed edge to edge composition. The upper region of the frame is open and unadorned — atmosphere, gradient falloff or empty depth, no detail and no focal point there. The principal subject sits in the lower two thirds, weighted below centre and placed off the vertical axis. Clear depth across three planes: near, middle and far. No text, no letterforms, no numerals, no signature, no watermark, no logo, no border and no frame. Flowing, suspended and colliding fluids; ribbons, droplets, splashes, folds, pools and smooth sculptural forms shaped by surface tension. Intense internal illumination, brilliant hot highlights, deep surrounding shadows, glowing atmospheric haze and aggressive high-contrast luminosity. Forceful directional movement, strong diagonals, overlapping forms, dynamic scale changes and pronounced visual momentum. Navy, indigo and black with sparse electric-blue illumination."
71,0071_cosmos_midnight_drift_prismatic.jpg,general,cosmos,midnight,drift,prismatic,,1654122560,previews/studio/general/0071_cosmos_midnight_drift_prismatic.jpg,wallpapers/studio/general/0071_cosmos_midnight_drift_prismatic.jpg,63775,ok,"A single striking abstract artwork made as a mobile phone wallpaper. Vertical 9:16 mobile wallpaper, full-bleed edge to edge composition. The upper region of the frame is open and unadorned — atmosphere, gradient falloff or empty depth, no detail and no focal point there. The principal subject sits in the lower two thirds, weighted below centre and placed off the vertical axis. Clear depth across three planes: near, middle and far. No text, no letterforms, no numerals, no signature, no watermark, no logo, no border and no frame. Vast celestial forms, nebulae, star fields, cosmic dust, planetary curves, gravitational arcs and luminous interstellar structures. Predominantly deep values, sparse concentrated illumination, rich shadows, isolated highlights and quiet low-light atmosphere. Gentle directional movement, softly displaced forms, subtle asymmetry and relaxed visual flow across the composition. Controlled spectrum colour, rich refraction, luminous transitions."
211,0211_glass_twilight_flow_prismatic.jpg,general,glass,twilight,flow,prismatic,,1760458169,previews/studio/general/0211_glass_twilight_flow_prismatic.jpg,wallpapers/studio/general/0211_glass_twilight_flow_prismatic.jpg,64992,ok,"A single striking abstract artwork made as a mobile phone wallpaper. Vertical 9:16 mobile wallpaper, full-bleed edge to edge composition. The upper region of the frame is open and unadorned — atmosphere, gradient falloff or empty depth, no detail and no focal point there. The principal subject sits in the lower two thirds, weighted below centre and placed off the vertical axis. Clear depth across three planes: near, middle and far. No text, no letterforms, no numerals, no signature, no watermark, no logo, no border and no frame. Transparent and translucent glass, refraction, caustics, prisms, curved surfaces, crystalline edges, internal reflections and luminous optical depth. Low directional light, long soft shadows, subdued highlights, layered atmospheric haze and a gradual transition between luminous and dark values. Continuous sweeping movement, interconnected forms, graceful curves and clear directional pathways carrying the eye through the composition. Controlled spectrum colour, rich refraction, luminous transitions."
500,0500_light_storm_surge_prismatic.jpg,general,light,storm,surge,prismatic,,93247472,previews/studio/general/0500_light_storm_surge_prismatic.jpg,wallpapers/studio/general/0500_light_storm_surge_prismatic.jpg,63677,ok,"A single striking abstract artwork made as a mobile phone wallpaper. Vertical 9:16 mobile wallpaper, full-bleed edge to edge composition. The upper region of the frame is open and unadorned — atmosphere, gradient falloff or empty depth, no detail and no focal point there. The principal subject sits in the lower two thirds, weighted below centre and placed off the vertical axis. Clear depth across three planes: near, middle and far. No text, no letterforms, no numerals, no signature, no watermark, no logo, no border and no frame. Beams, halos, luminous ribbons, glowing fields, volumetric rays, reflections and radiant forms constructed primarily from illumination. Hard raking light through broken darkness, sharp highlights, deep shadows, high contrast and dense moisture-filled atmosphere. Forceful directional movement, strong diagonals, overlapping forms, dynamic scale changes and pronounced visual momentum. Controlled spectrum colour, rich refraction, luminous transitions."
352,0352_liquid_dream_eruption_midnight.jpg,general,liquid,dream,eruption,midnight,,226262245,previews/studio/general/0352_liquid_dream_eruption_midnight.jpg,wallpapers/studio/general/0352_liquid_dream_eruption_midnight.jpg,63884,ok,"A single striking abstract artwork made as a mobile phone wallpaper. Vertical 9:16 mobile wallpaper, full-bleed edge to edge composition. The upper region of the frame is open and unadorned — atmosphere, gradient falloff or empty depth, no detail and no focal point there. The principal subject sits in the lower two thirds, weighted below centre and placed off the vertical axis. Clear depth across three planes: near, middle and far. No text, no letterforms, no numerals, no signature, no watermark, no logo, no border and no frame. Flowing, suspended and colliding fluids; ribbons, droplets, splashes, folds, pools and smooth sculptural forms shaped by surface tension. Soft diffused illumination, luminous haze, gentle tonal transitions, restrained contrast, subtle bloom and an ethereal atmospheric glow. Explosive outward movement, fragmented forms, dramatic displacement, extreme scale variation and dense controlled complexity radiating through the composition. Navy, indigo and black with sparse electric-blue illumination."
72,0072_ocean_storm_stillness_aurora.jpg,general,ocean,storm,stillness,aurora,,13591027,previews/studio/general/0072_ocean_storm_stillness_aurora.jpg,wallpapers/studio/general/0072_ocean_storm_stillness_aurora.jpg,63660,ok,"A single striking abstract artwork made as a mobile phone wallpaper. Vertical 9:16 mobile wallpaper, full-bleed edge to edge composition. The upper region of the frame is open and unadorned — atmosphere, gradient falloff or empty depth, no detail and no focal point there. The principal subject sits in the lower two thirds, weighted below centre and placed off the vertical axis. Clear depth across three planes: near, middle and far. No text, no letterforms, no numerals, no signature, no watermark, no logo, no border and no frame. Deep water, waves, currents, suspended droplets, foam, bubbles, translucent depths and fluid underwater forms. Hard raking light through broken darkness, sharp highlights, deep shadows, high contrast and dense moisture-filled atmosphere. Centered, balanced composition with generous negative space, minimal directional movement, simple large forms and a strong sense of visual stability. Electric cyan, violet and emerald, luminous against midnight."
212,0212_glass_eclipse_surge_prismatic.jpg,general,glass,eclipse,surge,prismatic,,119926636,,,,failed,"flux timed out -- status=starting"
501,0501_light_twilight_eruption_prismatic.jpg,general,light,twilight,eruption,prismatic,,600199586,,,,failed,"flux timed out -- status=starting"
73,0073_ocean_twilight_drift_aurora.jpg,general,ocean,twilight,drift,aurora,,520543141,previews/studio/general/0073_ocean_twilight_drift_aurora.jpg,wallpapers/studio/general/0073_ocean_twilight_drift_aurora.jpg,63949,ok,"A single striking abstract artwork made as a mobile phone wallpaper. Vertical 9:16 mobile wallpaper, full-bleed edge to edge composition. The upper region of the frame is open and unadorned — atmosphere, gradient falloff or empty depth, no detail and no focal point there. The principal subject sits in the lower two thirds, weighted below centre and placed off the vertical axis. Clear depth across three planes: near, middle and far. No text, no letterforms, no numerals, no signature, no watermark, no logo, no border and no frame. Deep water, waves, currents, suspended droplets, foam, bubbles, translucent depths and fluid underwater forms. Low directional light, long soft shadows, subdued highlights, layered atmospheric haze and a gradual transition between luminous and dark values. Gentle directional movement, softly displaced forms, subtle asymmetry and relaxed visual flow across the composition. Electric cyan, violet and emerald, luminous against midnight."
353,0353_liquid_storm_stillness_midnight.jpg,general,liquid,storm,stillness,midnight,,733214359,,,,failed,"flux timed out -- status=starting"
213,0213_glass_midnight_eruption_prismatic.jpg,general,glass,midnight,eruption,prismatic,,626878750,previews/studio/general/0213_glass_midnight_eruption_prismatic.jpg,wallpapers/studio/general/0213_glass_midnight_eruption_prismatic.jpg,64131,ok,"A single striking abstract artwork made as a mobile phone wallpaper. Vertical 9:16 mobile wallpaper, full-bleed edge to edge composition. The upper region of the frame is open and unadorned — atmosphere, gradient falloff or empty depth, no detail and no focal point there. The principal subject sits in the lower two thirds, weighted below centre and placed off the vertical axis. Clear depth across three planes: near, middle and far. No text, no letterforms, no numerals, no signature, no watermark, no logo, no border and no frame. Transparent and translucent glass, refraction, caustics, prisms, curved surfaces, crystalline edges, internal reflections and luminous optical depth. Predominantly deep values, sparse concentrated illumination, rich shadows, isolated highlights and quiet low-light atmosphere. Explosive outward movement, fragmented forms, dramatic displacement, extreme scale variation and dense controlled complexity radiating through the composition. Controlled spectrum colour, rich refraction, luminous transitions."
502,0502_light_eclipse_stillness_prismatic.jpg,general,light,eclipse,stillness,prismatic,,1107151700,previews/studio/general/0502_light_eclipse_stillness_prismatic.jpg,wallpapers/studio/general/0502_light_eclipse_stillness_prismatic.jpg,64029,ok,"A single striking abstract artwork made as a mobile phone wallpaper. Vertical 9:16 mobile wallpaper, full-bleed edge to edge composition. The upper region of the frame is open and unadorned — atmosphere, gradient falloff or empty depth, no detail and no focal point there. The principal subject sits in the lower two thirds, weighted below centre and placed off the vertical axis. Clear depth across three planes: near, middle and far. No text, no letterforms, no numerals, no signature, no watermark, no logo, no border and no frame. Beams, halos, luminous ribbons, glowing fields, volumetric rays, reflections and radiant forms constructed primarily from illumination. Strong backlighting, deep silhouettes, narrow brilliant rim light, extreme separation between darkness and radiance, with restrained atmospheric glow. Centered, balanced composition with generous negative space, minimal directional movement, simple large forms and a strong sense of visual stability. Controlled spectrum colour, rich refraction, luminous transitions."
74,0074_ocean_eclipse_flow_aurora.jpg,general,ocean,eclipse,flow,aurora,,1027495255,previews/studio/general/0074_ocean_eclipse_flow_aurora.jpg,wallpapers/studio/general/0074_ocean_eclipse_flow_aurora.jpg,64059,ok,"A single striking abstract artwork made as a mobile phone wallpaper. Vertical 9:16 mobile wallpaper, full-bleed edge to edge composition. The upper region of the frame is open and unadorned — atmosphere, gradient falloff or empty depth, no detail and no focal point there. The principal subject sits in the lower two thirds, weighted below centre and placed off the vertical axis. Clear depth across three planes: near, middle and far. No text, no letterforms, no numerals, no signature, no watermark, no logo, no border and no frame. Deep water, waves, currents, suspended droplets, foam, bubbles, translucent depths and fluid underwater forms. Strong backlighting, deep silhouettes, narrow brilliant rim light, extreme separation between darkness and radiance, with restrained atmospheric glow. Continuous sweeping movement, interconnected forms, graceful curves and clear directional pathways carrying the eye through the composition. Electric cyan, violet and emerald, luminous against midnight."
354,0354_liquid_eclipse_drift_prismatic.jpg,general,liquid,eclipse,drift,prismatic,,1240166473,previews/studio/general/0354_liquid_eclipse_drift_prismatic.jpg,wallpapers/studio/general/0354_liquid_eclipse_drift_prismatic.jpg,63671,ok,"A single striking abstract artwork made as a mobile phone wallpaper. Vertical 9:16 mobile wallpaper, full-bleed edge to edge composition. The upper region of the frame is open and unadorned — atmosphere, gradient falloff or empty depth, no detail and no focal point there. The principal subject sits in the lower two thirds, weighted below centre and placed off the vertical axis. Clear depth across three planes: near, middle and far. No text, no letterforms, no numerals, no signature, no watermark, no logo, no border and no frame. Flowing, suspended and colliding fluids; ribbons, droplets, splashes, folds, pools and smooth sculptural forms shaped by surface tension. Strong backlighting, deep silhouettes, narrow brilliant rim light, extreme separation between darkness and radiance, with restrained atmospheric glow. Gentle directional movement, softly displaced forms, subtle asymmetry and relaxed visual flow across the composition. Controlled spectrum colour, rich refraction, luminous transitions."
214,0214_glass_inferno_stillness_prismatic.jpg,general,glass,inferno,stillness,prismatic,,1133830864,previews/studio/general/0214_glass_inferno_stillness_prismatic.jpg,wallpapers/studio/general/0214_glass_inferno_stillness_prismatic.jpg,38802,ok,"A single striking abstract artwork made as a mobile phone wallpaper. Vertical 9:16 mobile wallpaper, full-bleed edge to edge composition. The upper region of the frame is open and unadorned — atmosphere, gradient falloff or empty depth, no detail and no focal point there. The principal subject sits in the lower two thirds, weighted below centre and placed off the vertical axis. Clear depth across three planes: near, middle and far. No text, no letterforms, no numerals, no signature, no watermark, no logo, no border and no frame. Transparent and translucent glass, refraction, caustics, prisms, curved surfaces, crystalline edges, internal reflections and luminous optical depth. Intense internal illumination, brilliant hot highlights, deep surrounding shadows, glowing atmospheric haze and aggressive high-contrast luminosity. Centered, balanced composition with generous negative space, minimal directional movement, simple large forms and a strong sense of visual stability. Controlled spectrum colour, rich refraction, luminous transitions."
503,0503_light_midnight_drift_prismatic.jpg,general,light,midnight,drift,prismatic,,1614103814,previews/studio/general/0503_light_midnight_drift_prismatic.jpg,wallpapers/studio/general/0503_light_midnight_drift_prismatic.jpg,63433,ok,"A single striking abstract artwork made as a mobile phone wallpaper. Vertical 9:16 mobile wallpaper, full-bleed edge to edge composition. The upper region of the frame is open and unadorned — atmosphere, gradient falloff or empty depth, no detail and no focal point there. The principal subject sits in the lower two thirds, weighted below centre and placed off the vertical axis. Clear depth across three planes: near, middle and far. No text, no letterforms, no numerals, no signature, no watermark, no logo, no border and no frame. Beams, halos, luminous ribbons, glowing fields, volumetric rays, reflections and radiant forms constructed primarily from illumination. Predominantly deep values, sparse concentrated illumination, rich shadows, isolated highlights and quiet low-light atmosphere. Gentle directional movement, softly displaced forms, subtle asymmetry and relaxed visual flow across the composition. Controlled spectrum colour, rich refraction, luminous transitions."
75,0075_ocean_midnight_surge_aurora.jpg,general,ocean,midnight,surge,aurora,,1534447369,previews/studio/general/0075_ocean_midnight_surge_aurora.jpg,wallpapers/studio/general/0075_ocean_midnight_surge_aurora.jpg,63651,ok,"A single striking abstract artwork made as a mobile phone wallpaper. Vertical 9:16 mobile wallpaper, full-bleed edge to edge composition. The upper region of the frame is open and unadorned — atmosphere, gradient falloff or empty depth, no detail and no focal point there. The principal subject sits in the lower two thirds, weighted below centre and placed off the vertical axis. Clear depth across three planes: near, middle and far. No text, no letterforms, no numerals, no signature, no watermark, no logo, no border and no frame. Deep water, waves, currents, suspended droplets, foam, bubbles, translucent depths and fluid underwater forms. Predominantly deep values, sparse concentrated illumination, rich shadows, isolated highlights and quiet low-light atmosphere. Forceful directional movement, strong diagonals, overlapping forms, dynamic scale changes and pronounced visual momentum. Electric cyan, violet and emerald, luminous against midnight."
355,0355_liquid_midnight_flow_prismatic.jpg,general,liquid,midnight,flow,prismatic,,1747118587,previews/studio/general/0355_liquid_midnight_flow_prismatic.jpg,wallpapers/studio/general/0355_liquid_midnight_flow_prismatic.jpg,64809,ok,"A single striking abstract artwork made as a mobile phone wallpaper. Vertical 9:16 mobile wallpaper, full-bleed edge to edge composition. The upper region of the frame is open and unadorned — atmosphere, gradient falloff or empty depth, no detail and no focal point there. The principal subject sits in the lower two thirds, weighted below centre and placed off the vertical axis. Clear depth across three planes: near, middle and far. No text, no letterforms, no numerals, no signature, no watermark, no logo, no border and no frame. Flowing, suspended and colliding fluids; ribbons, droplets, splashes, folds, pools and smooth sculptural forms shaped by surface tension. Predominantly deep values, sparse concentrated illumination, rich shadows, isolated highlights and quiet low-light atmosphere. Continuous sweeping movement, interconnected forms, graceful curves and clear directional pathways carrying the eye through the composition. Controlled spectrum colour, rich refraction, luminous transitions."
215,0215_glass_dream_drift_prismatic.jpg,general,glass,dream,drift,prismatic,,1640782978,,,,failed,"prediction failed: Model execution failed (User Input Error): AiError: AiError: NSFW content detected. Try running it again, or try a different prompt. (c1ea7b64-0b70-43e0-bef1-fa69b9376b28)"
216,0216_botanical_eclipse_stillness_aurora.jpg,general,botanical,eclipse,stillness,aurora,,251445,previews/studio/general/0216_botanical_eclipse_stillness_aurora.jpg,wallpapers/studio/general/0216_botanical_eclipse_stillness_aurora.jpg,3902,ok,"A single striking abstract artwork made as a mobile phone wallpaper. Vertical 9:16 mobile wallpaper, full-bleed edge to edge composition. The upper region of the frame is open and unadorned — atmosphere, gradient falloff or empty depth, no detail and no focal point there. The principal subject sits in the lower two thirds, weighted below centre and placed off the vertical axis. Clear depth across three planes: near, middle and far. No text, no letterforms, no numerals, no signature, no watermark, no logo, no border and no frame. Leaves, petals, vines, roots, branches, blossoms, seeds and intricate organic plant structures woven into layered compositions. Strong backlighting, deep silhouettes, narrow brilliant rim light, extreme separation between darkness and radiance, with restrained atmospheric glow. Centered, balanced composition with generous negative space, minimal directional movement, simple large forms and a strong sense of visual stability. Electric cyan, violet and emerald, luminous against midnight."
504,0504_mineral_storm_stillness_aurora.jpg,general,mineral,storm,stillness,aurora,,2121055928,previews/studio/general/0504_mineral_storm_stillness_aurora.jpg,wallpapers/studio/general/0504_mineral_storm_stillness_aurora.jpg,63946,ok,"A single striking abstract artwork made as a mobile phone wallpaper. Vertical 9:16 mobile wallpaper, full-bleed edge to edge composition. The upper region of the frame is open and unadorned — atmosphere, gradient falloff or empty depth, no detail and no focal point there. The principal subject sits in the lower two thirds, weighted below centre and placed off the vertical axis. Clear depth across three planes: near, middle and far. No text, no letterforms, no numerals, no signature, no watermark, no logo, no border and no frame. Crystals, geodes, stone, metallic ore, fractured rock, polished mineral surfaces and intricate geological structures. Hard raking light through broken darkness, sharp highlights, deep shadows, high contrast and dense moisture-filled atmosphere. Centered, balanced composition with generous negative space, minimal directional movement, simple large forms and a strong sense of visual stability. Electric cyan, violet and emerald, luminous against midnight."
76,0076_ocean_inferno_eruption_aurora.jpg,general,ocean,inferno,eruption,aurora,,2041399483,previews/studio/general/0076_ocean_inferno_eruption_aurora.jpg,wallpapers/studio/general/0076_ocean_inferno_eruption_aurora.jpg,64103,ok,"A single striking abstract artwork made as a mobile phone wallpaper. Vertical 9:16 mobile wallpaper, full-bleed edge to edge composition. The upper region of the frame is open and unadorned — atmosphere, gradient falloff or empty depth, no detail and no focal point there. The principal subject sits in the lower two thirds, weighted below centre and placed off the vertical axis. Clear depth across three planes: near, middle and far. No text, no letterforms, no numerals, no signature, no watermark, no logo, no border and no frame. Deep water, waves, currents, suspended droplets, foam, bubbles, translucent depths and fluid underwater forms. Intense internal illumination, brilliant hot highlights, deep surrounding shadows, glowing atmospheric haze and aggressive high-contrast luminosity. Explosive outward movement, fragmented forms, dramatic displacement, extreme scale variation and dense controlled complexity radiating through the composition. Electric cyan, violet and emerald, luminous against midnight."
356,0356_liquid_inferno_surge_prismatic.jpg,general,liquid,inferno,surge,prismatic,,106587054,previews/studio/general/0356_liquid_inferno_surge_prismatic.jpg,wallpapers/studio/general/0356_liquid_inferno_surge_prismatic.jpg,63570,ok,"A single striking abstract artwork made as a mobile phone wallpaper. Vertical 9:16 mobile wallpaper, full-bleed edge to edge composition. The upper region of the frame is open and unadorned — atmosphere, gradient falloff or empty depth, no detail and no focal point there. The principal subject sits in the lower two thirds, weighted below centre and placed off the vertical axis. Clear depth across three planes: near, middle and far. No text, no letterforms, no numerals, no signature, no watermark, no logo, no border and no frame. Flowing, suspended and colliding fluids; ribbons, droplets, splashes, folds, pools and smooth sculptural forms shaped by surface tension. Intense internal illumination, brilliant hot highlights, deep surrounding shadows, glowing atmospheric haze and aggressive high-contrast luminosity. Forceful directional movement, strong diagonals, overlapping forms, dynamic scale changes and pronounced visual momentum. Controlled spectrum colour, rich refraction, luminous transitions."
217,0217_botanical_midnight_drift_aurora.jpg,general,botanical,midnight,drift,aurora,,507203559,previews/studio/general/0217_botanical_midnight_drift_aurora.jpg,wallpapers/studio/general/0217_botanical_midnight_drift_aurora.jpg,63970,ok,"A single striking abstract artwork made as a mobile phone wallpaper. Vertical 9:16 mobile wallpaper, full-bleed edge to edge composition. The upper region of the frame is open and unadorned — atmosphere, gradient falloff or empty depth, no detail and no focal point there. The principal subject sits in the lower two thirds, weighted below centre and placed off the vertical axis. Clear depth across three planes: near, middle and far. No text, no letterforms, no numerals, no signature, no watermark, no logo, no border and no frame. Leaves, petals, vines, roots, branches, blossoms, seeds and intricate organic plant structures woven into layered compositions. Predominantly deep values, sparse concentrated illumination, rich shadows, isolated highlights and quiet low-light atmosphere. Gentle directional movement, softly displaced forms, subtle asymmetry and relaxed visual flow across the composition. Electric cyan, violet and emerald, luminous against midnight."
218,0218_botanical_inferno_flow_aurora.jpg,general,botanical,inferno,flow,aurora,,1014155673,previews/studio/general/0218_botanical_inferno_flow_aurora.jpg,wallpapers/studio/general/0218_botanical_inferno_flow_aurora.jpg,3256,ok,"A single striking abstract artwork made as a mobile phone wallpaper. Vertical 9:16 mobile wallpaper, full-bleed edge to edge composition. The upper region of the frame is open and unadorned — atmosphere, gradient falloff or empty depth, no detail and no focal point there. The principal subject sits in the lower two thirds, weighted below centre and placed off the vertical axis. Clear depth across three planes: near, middle and far. No text, no letterforms, no numerals, no signature, no watermark, no logo, no border and no frame. Leaves, petals, vines, roots, branches, blossoms, seeds and intricate organic plant structures woven into layered compositions. Intense internal illumination, brilliant hot highlights, deep surrounding shadows, glowing atmospheric haze and aggressive high-contrast luminosity. Continuous sweeping movement, interconnected forms, graceful curves and clear directional pathways carrying the eye through the composition. Electric cyan, violet and emerald, luminous against midnight."
505,0505_mineral_twilight_drift_aurora.jpg,general,mineral,twilight,drift,aurora,,480524395,,,,failed,"prediction failed: Model execution failed (User Input Error): AiError: AiError: NSFW content detected. Try running it again, or try a different prompt. (420b04ae-9ee7-4dd9-bc00-0a7f82ea3b8a)"
77,0077_ocean_dream_stillness_aurora.jpg,general,ocean,dream,stillness,aurora,,400867950,previews/studio/general/0077_ocean_dream_stillness_aurora.jpg,wallpapers/studio/general/0077_ocean_dream_stillness_aurora.jpg,63820,ok,"A single striking abstract artwork made as a mobile phone wallpaper. Vertical 9:16 mobile wallpaper, full-bleed edge to edge composition. The upper region of the frame is open and unadorned — atmosphere, gradient falloff or empty depth, no detail and no focal point there. The principal subject sits in the lower two thirds, weighted below centre and placed off the vertical axis. Clear depth across three planes: near, middle and far. No text, no letterforms, no numerals, no signature, no watermark, no logo, no border and no frame. Deep water, waves, currents, suspended droplets, foam, bubbles, translucent depths and fluid underwater forms. Soft diffused illumination, luminous haze, gentle tonal transitions, restrained contrast, subtle bloom and an ethereal atmospheric glow. Centered, balanced composition with generous negative space, minimal directional movement, simple large forms and a strong sense of visual stability. Electric cyan, violet and emerald, luminous against midnight."
78,0078_ocean_twilight_drift_ember.jpg,general,ocean,twilight,drift,ember,,907820064,previews/studio/general/0078_ocean_twilight_drift_ember.jpg,wallpapers/studio/general/0078_ocean_twilight_drift_ember.jpg,1952,ok,"A single striking abstract artwork made as a mobile phone wallpaper. Vertical 9:16 mobile wallpaper, full-bleed edge to edge composition. The upper region of the frame is open and unadorned — atmosphere, gradient falloff or empty depth, no detail and no focal point there. The principal subject sits in the lower two thirds, weighted below centre and placed off the vertical axis. Clear depth across three planes: near, middle and far. No text, no letterforms, no numerals, no signature, no watermark, no logo, no border and no frame. Deep water, waves, currents, suspended droplets, foam, bubbles, translucent depths and fluid underwater forms. Low directional light, long soft shadows, subdued highlights, layered atmospheric haze and a gradual transition between luminous and dark values. Gentle directional movement, softly displaced forms, subtle asymmetry and relaxed visual flow across the composition. Molten orange, crimson and amber against charcoal."
357,0357_liquid_dream_eruption_prismatic.jpg,general,liquid,dream,eruption,prismatic,,613539168,previews/studio/general/0357_liquid_dream_eruption_prismatic.jpg,wallpapers/studio/general/0357_liquid_dream_eruption_prismatic.jpg,63375,ok,"A single striking abstract artwork made as a mobile phone wallpaper. Vertical 9:16 mobile wallpaper, full-bleed edge to edge composition. The upper region of the frame is open and unadorned — atmosphere, gradient falloff or empty depth, no detail and no focal point there. The principal subject sits in the lower two thirds, weighted below centre and placed off the vertical axis. Clear depth across three planes: near, middle and far. No text, no letterforms, no numerals, no signature, no watermark, no logo, no border and no frame. Flowing, suspended and colliding fluids; ribbons, droplets, splashes, folds, pools and smooth sculptural forms shaped by surface tension. Soft diffused illumination, luminous haze, gentle tonal transitions, restrained contrast, subtle bloom and an ethereal atmospheric glow. Explosive outward movement, fragmented forms, dramatic displacement, extreme scale variation and dense controlled complexity radiating through the composition. Controlled spectrum colour, rich refraction, luminous transitions."
358,0358_liquid_storm_stillness_prismatic.jpg,general,liquid,storm,stillness,prismatic,,1120491282,previews/studio/general/0358_liquid_storm_stillness_prismatic.jpg,wallpapers/studio/general/0358_liquid_storm_stillness_prismatic.jpg,2087,ok,"A single striking abstract artwork made as a mobile phone wallpaper. Vertical 9:16 mobile wallpaper, full-bleed edge to edge composition. The upper region of the frame is open and unadorned — atmosphere, gradient falloff or empty depth, no detail and no focal point there. The principal subject sits in the lower two thirds, weighted below centre and placed off the vertical axis. Clear depth across three planes: near, middle and far. No text, no letterforms, no numerals, no signature, no watermark, no logo, no border and no frame. Flowing, suspended and colliding fluids; ribbons, droplets, splashes, folds, pools and smooth sculptural forms shaped by surface tension. Hard raking light through broken darkness, sharp highlights, deep shadows, high contrast and dense moisture-filled atmosphere. Centered, balanced composition with generous negative space, minimal directional movement, simple large forms and a strong sense of visual stability. Controlled spectrum colour, rich refraction, luminous transitions."
219,0219_botanical_dream_surge_aurora.jpg,general,botanical,dream,surge,aurora,,1521107787,previews/studio/general/0219_botanical_dream_surge_aurora.jpg,wallpapers/studio/general/0219_botanical_dream_surge_aurora.jpg,64553,ok,"A single striking abstract artwork made as a mobile phone wallpaper. Vertical 9:16 mobile wallpaper, full-bleed edge to edge composition. The upper region of the frame is open and unadorned — atmosphere, gradient falloff or empty depth, no detail and no focal point there. The principal subject sits in the lower two thirds, weighted below centre and placed off the vertical axis. Clear depth across three planes: near, middle and far. No text, no letterforms, no numerals, no signature, no watermark, no logo, no border and no frame. Leaves, petals, vines, roots, branches, blossoms, seeds and intricate organic plant structures woven into layered compositions. Soft diffused illumination, luminous haze, gentle tonal transitions, restrained contrast, subtle bloom and an ethereal atmospheric glow. Forceful directional movement, strong diagonals, overlapping forms, dynamic scale changes and pronounced visual momentum. Electric cyan, violet and emerald, luminous against midnight."
506,0506_mineral_eclipse_flow_aurora.jpg,general,mineral,eclipse,flow,aurora,,987476509,previews/studio/general/0506_mineral_eclipse_flow_aurora.jpg,wallpapers/studio/general/0506_mineral_eclipse_flow_aurora.jpg,63732,ok,"A single striking abstract artwork made as a mobile phone wallpaper. Vertical 9:16 mobile wallpaper, full-bleed edge to edge composition. The upper region of the frame is open and unadorned — atmosphere, gradient falloff or empty depth, no detail and no focal point there. The principal subject sits in the lower two thirds, weighted below centre and placed off the vertical axis. Clear depth across three planes: near, middle and far. No text, no letterforms, no numerals, no signature, no watermark, no logo, no border and no frame. Crystals, geodes, stone, metallic ore, fractured rock, polished mineral surfaces and intricate geological structures. Strong backlighting, deep silhouettes, narrow brilliant rim light, extreme separation between darkness and radiance, with restrained atmospheric glow. Continuous sweeping movement, interconnected forms, graceful curves and clear directional pathways carrying the eye through the composition. Electric cyan, violet and emerald, luminous against midnight."
79,0079_ocean_eclipse_flow_ember.jpg,general,ocean,eclipse,flow,ember,,1414772178,previews/studio/general/0079_ocean_eclipse_flow_ember.jpg,wallpapers/studio/general/0079_ocean_eclipse_flow_ember.jpg,64610,ok,"A single striking abstract artwork made as a mobile phone wallpaper. Vertical 9:16 mobile wallpaper, full-bleed edge to edge composition. The upper region of the frame is open and unadorned — atmosphere, gradient falloff or empty depth, no detail and no focal point there. The principal subject sits in the lower two thirds, weighted below centre and placed off the vertical axis. Clear depth across three planes: near, middle and far. No text, no letterforms, no numerals, no signature, no watermark, no logo, no border and no frame. Deep water, waves, currents, suspended droplets, foam, bubbles, translucent depths and fluid underwater forms. Strong backlighting, deep silhouettes, narrow brilliant rim light, extreme separation between darkness and radiance, with restrained atmospheric glow. Continuous sweeping movement, interconnected forms, graceful curves and clear directional pathways carrying the eye through the composition. Molten orange, crimson and amber against charcoal."
359,0359_liquid_twilight_drift_prismatic.jpg,general,liquid,twilight,drift,prismatic,,1627443396,previews/studio/general/0359_liquid_twilight_drift_prismatic.jpg,wallpapers/studio/general/0359_liquid_twilight_drift_prismatic.jpg,63897,ok,"A single striking abstract artwork made as a mobile phone wallpaper. Vertical 9:16 mobile wallpaper, full-bleed edge to edge composition. The upper region of the frame is open and unadorned — atmosphere, gradient falloff or empty depth, no detail and no focal point there. The principal subject sits in the lower two thirds, weighted below centre and placed off the vertical axis. Clear depth across three planes: near, middle and far. No text, no letterforms, no numerals, no signature, no watermark, no logo, no border and no frame. Flowing, suspended and colliding fluids; ribbons, droplets, splashes, folds, pools and smooth sculptural forms shaped by surface tension. Low directional light, long soft shadows, subdued highlights, layered atmospheric haze and a gradual transition between luminous and dark values. Gentle directional movement, softly displaced forms, subtle asymmetry and relaxed visual flow across the composition. Controlled spectrum colour, rich refraction, luminous transitions."
220,0220_botanical_storm_eruption_aurora.jpg,general,botanical,storm,eruption,aurora,,2028059901,,,,failed,"prediction failed: Model execution failed (User Input Error): AiError: AiError: NSFW content detected. Try running it again, or try a different prompt. (90c03d3c-4efc-4bda-b954-ba242c8dda5e)"
80,0080_ocean_midnight_surge_ember.jpg,general,ocean,midnight,surge,ember,,1921724292,previews/studio/general/0080_ocean_midnight_surge_ember.jpg,wallpapers/studio/general/0080_ocean_midnight_surge_ember.jpg,63690,ok,"A single striking abstract artwork made as a mobile phone wallpaper. Vertical 9:16 mobile wallpaper, full-bleed edge to edge composition. The upper region of the frame is open and unadorned — atmosphere, gradient falloff or empty depth, no detail and no focal point there. The principal subject sits in the lower two thirds, weighted below centre and placed off the vertical axis. Clear depth across three planes: near, middle and far. No text, no letterforms, no numerals, no signature, no watermark, no logo, no border and no frame. Deep water, waves, currents, suspended droplets, foam, bubbles, translucent depths and fluid underwater forms. Predominantly deep values, sparse concentrated illumination, rich shadows, isolated highlights and quiet low-light atmosphere. Forceful directional movement, strong diagonals, overlapping forms, dynamic scale changes and pronounced visual momentum. Molten orange, crimson and amber against charcoal."
507,0507_mineral_midnight_surge_aurora.jpg,general,mineral,midnight,surge,aurora,,1494428623,,,,failed,"flux timed out -- status=starting"
360,0360_architecture_inferno_stillness_aurora.jpg,general,architecture,inferno,stillness,aurora,,2134395510,previews/studio/general/0360_architecture_inferno_stillness_aurora.jpg,wallpapers/studio/general/0360_architecture_inferno_stillness_aurora.jpg,63420,ok,"A single striking abstract artwork made as a mobile phone wallpaper. Vertical 9:16 mobile wallpaper, full-bleed edge to edge composition. The upper region of the frame is open and unadorned — atmosphere, gradient falloff or empty depth, no detail and no focal point there. The principal subject sits in the lower two thirds, weighted below centre and placed off the vertical axis. Clear depth across three planes: near, middle and far. No text, no letterforms, no numerals, no signature, no watermark, no logo, no border and no frame. Arches, columns, vaults, stairs, towers, passages and monumental geometric structures arranged with dramatic scale and depth. Intense internal illumination, brilliant hot highlights, deep surrounding shadows, glowing atmospheric haze and aggressive high-contrast luminosity. Centered, balanced composition with generous negative space, minimal directional movement, simple large forms and a strong sense of visual stability. Electric cyan, violet and emerald, luminous against midnight."
221,0221_botanical_twilight_stillness_aurora.jpg,general,botanical,twilight,stillness,aurora,,387528368,,,,failed,"prediction failed: Model execution failed (User Input Error): AiError: AiError: NSFW content detected. Try running it again, or try a different prompt. (d93f0310-dcf1-4d34-ab58-2366f3fb8450)"
81,0081_ocean_inferno_eruption_ember.jpg,general,ocean,inferno,eruption,ember,,281192759,previews/studio/general/0081_ocean_inferno_eruption_ember.jpg,wallpapers/studio/general/0081_ocean_inferno_eruption_ember.jpg,64559,ok,"A single striking abstract artwork made as a mobile phone wallpaper. Vertical 9:16 mobile wallpaper, full-bleed edge to edge composition. The upper region of the frame is open and unadorned — atmosphere, gradient falloff or empty depth, no detail and no focal point there. The principal subject sits in the lower two thirds, weighted below centre and placed off the vertical axis. Clear depth across three planes: near, middle and far. No text, no letterforms, no numerals, no signature, no watermark, no logo, no border and no frame. Deep water, waves, currents, suspended droplets, foam, bubbles, translucent depths and fluid underwater forms. Intense internal illumination, brilliant hot highlights, deep surrounding shadows, glowing atmospheric haze and aggressive high-contrast luminosity. Explosive outward movement, fragmented forms, dramatic displacement, extreme scale variation and dense controlled complexity radiating through the composition. Molten orange, crimson and amber against charcoal."
508,0508_mineral_inferno_eruption_aurora.jpg,general,mineral,inferno,eruption,aurora,,2001380737,,,,failed,"prediction failed: Model execution failed (User Input Error): AiError: AiError: NSFW content detected. Try running it again, or try a different prompt. (67e69b7f-9096-446d-b189-a08b9290ede5)"
361,0361_architecture_dream_drift_aurora.jpg,general,architecture,dream,drift,aurora,,493863977,previews/studio/general/0361_architecture_dream_drift_aurora.jpg,wallpapers/studio/general/0361_architecture_dream_drift_aurora.jpg,64930,ok,"A single striking abstract artwork made as a mobile phone wallpaper. Vertical 9:16 mobile wallpaper, full-bleed edge to edge composition. The upper region of the frame is open and unadorned — atmosphere, gradient falloff or empty depth, no detail and no focal point there. The principal subject sits in the lower two thirds, weighted below centre and placed off the vertical axis. Clear depth across three planes: near, middle and far. No text, no letterforms, no numerals, no signature, no watermark, no logo, no border and no frame. Arches, columns, vaults, stairs, towers, passages and monumental geometric structures arranged with dramatic scale and depth. Soft diffused illumination, luminous haze, gentle tonal transitions, restrained contrast, subtle bloom and an ethereal atmospheric glow. Gentle directional movement, softly displaced forms, subtle asymmetry and relaxed visual flow across the composition. Electric cyan, violet and emerald, luminous against midnight."
222,0222_botanical_midnight_drift_ember.jpg,general,botanical,midnight,drift,ember,,894480482,previews/studio/general/0222_botanical_midnight_drift_ember.jpg,wallpapers/studio/general/0222_botanical_midnight_drift_ember.jpg,64384,ok,"A single striking abstract artwork made as a mobile phone wallpaper. Vertical 9:16 mobile wallpaper, full-bleed edge to edge composition. The upper region of the frame is open and unadorned — atmosphere, gradient falloff or empty depth, no detail and no focal point there. The principal subject sits in the lower two thirds, weighted below centre and placed off the vertical axis. Clear depth across three planes: near, middle and far. No text, no letterforms, no numerals, no signature, no watermark, no logo, no border and no frame. Leaves, petals, vines, roots, branches, blossoms, seeds and intricate organic plant structures woven into layered compositions. Predominantly deep values, sparse concentrated illumination, rich shadows, isolated highlights and quiet low-light atmosphere. Gentle directional movement, softly displaced forms, subtle asymmetry and relaxed visual flow across the composition. Molten orange, crimson and amber against charcoal."
82,0082_ocean_dream_stillness_ember.jpg,general,ocean,dream,stillness,ember,,788144873,previews/studio/general/0082_ocean_dream_stillness_ember.jpg,wallpapers/studio/general/0082_ocean_dream_stillness_ember.jpg,64487,ok,"A single striking abstract artwork made as a mobile phone wallpaper. Vertical 9:16 mobile wallpaper, full-bleed edge to edge composition. The upper region of the frame is open and unadorned — atmosphere, gradient falloff or empty depth, no detail and no focal point there. The principal subject sits in the lower two thirds, weighted below centre and placed off the vertical axis. Clear depth across three planes: near, middle and far. No text, no letterforms, no numerals, no signature, no watermark, no logo, no border and no frame. Deep water, waves, currents, suspended droplets, foam, bubbles, translucent depths and fluid underwater forms. Soft diffused illumination, luminous haze, gentle tonal transitions, restrained contrast, subtle bloom and an ethereal atmospheric glow. Centered, balanced composition with generous negative space, minimal directional movement, simple large forms and a strong sense of visual stability. Molten orange, crimson and amber against charcoal."
509,0509_mineral_dream_stillness_aurora.jpg,general,mineral,dream,stillness,aurora,,360849204,previews/studio/general/0509_mineral_dream_stillness_aurora.jpg,wallpapers/studio/general/0509_mineral_dream_stillness_aurora.jpg,64388,ok,"A single striking abstract artwork made as a mobile phone wallpaper. Vertical 9:16 mobile wallpaper, full-bleed edge to edge composition. The upper region of the frame is open and unadorned — atmosphere, gradient falloff or empty depth, no detail and no focal point there. The principal subject sits in the lower two thirds, weighted below centre and placed off the vertical axis. Clear depth across three planes: near, middle and far. No text, no letterforms, no numerals, no signature, no watermark, no logo, no border and no frame. Crystals, geodes, stone, metallic ore, fractured rock, polished mineral surfaces and intricate geological structures. Soft diffused illumination, luminous haze, gentle tonal transitions, restrained contrast, subtle bloom and an ethereal atmospheric glow. Centered, balanced composition with generous negative space, minimal directional movement, simple large forms and a strong sense of visual stability. Electric cyan, violet and emerald, luminous against midnight."
362,0362_architecture_storm_flow_aurora.jpg,general,architecture,storm,flow,aurora,,1000816091,previews/studio/general/0362_architecture_storm_flow_aurora.jpg,wallpapers/studio/general/0362_architecture_storm_flow_aurora.jpg,64399,ok,"A single striking abstract artwork made as a mobile phone wallpaper. Vertical 9:16 mobile wallpaper, full-bleed edge to edge composition. The upper region of the frame is open and unadorned — atmosphere, gradient falloff or empty depth, no detail and no focal point there. The principal subject sits in the lower two thirds, weighted below centre and placed off the vertical axis. Clear depth across three planes: near, middle and far. No text, no letterforms, no numerals, no signature, no watermark, no logo, no border and no frame. Arches, columns, vaults, stairs, towers, passages and monumental geometric structures arranged with dramatic scale and depth. Hard raking light through broken darkness, sharp highlights, deep shadows, high contrast and dense moisture-filled atmosphere. Continuous sweeping movement, interconnected forms, graceful curves and clear directional pathways carrying the eye through the composition. Electric cyan, violet and emerald, luminous against midnight."
223,0223_botanical_inferno_flow_ember.jpg,general,botanical,inferno,flow,ember,,1401432596,,,,failed,"prediction failed: Model execution failed (User Input Error): AiError: AiError: NSFW content detected. Try running it again, or try a different prompt. (4d72117f-1ae9-4287-81db-b85f2cbca23f)"
83,0083_ocean_storm_drift_ember.jpg,general,ocean,storm,drift,ember,,1295096987,previews/studio/general/0083_ocean_storm_drift_ember.jpg,wallpapers/studio/general/0083_ocean_storm_drift_ember.jpg,30807,ok,"A single striking abstract artwork made as a mobile phone wallpaper. Vertical 9:16 mobile wallpaper, full-bleed edge to edge composition. The upper region of the frame is open and unadorned — atmosphere, gradient falloff or empty depth, no detail and no focal point there. The principal subject sits in the lower two thirds, weighted below centre and placed off the vertical axis. Clear depth across three planes: near, middle and far. No text, no letterforms, no numerals, no signature, no watermark, no logo, no border and no frame. Deep water, waves, currents, suspended droplets, foam, bubbles, translucent depths and fluid underwater forms. Hard raking light through broken darkness, sharp highlights, deep shadows, high contrast and dense moisture-filled atmosphere. Gentle directional movement, softly displaced forms, subtle asymmetry and relaxed visual flow across the composition. Molten orange, crimson and amber against charcoal."
510,0510_mineral_twilight_drift_ember.jpg,general,mineral,twilight,drift,ember,,867801318,previews/studio/general/0510_mineral_twilight_drift_ember.jpg,wallpapers/studio/general/0510_mineral_twilight_drift_ember.jpg,64579,ok,"A single striking abstract artwork made as a mobile phone wallpaper. Vertical 9:16 mobile wallpaper, full-bleed edge to edge composition. The upper region of the frame is open and unadorned — atmosphere, gradient falloff or empty depth, no detail and no focal point there. The principal subject sits in the lower two thirds, weighted below centre and placed off the vertical axis. Clear depth across three planes: near, middle and far. No text, no letterforms, no numerals, no signature, no watermark, no logo, no border and no frame. Crystals, geodes, stone, metallic ore, fractured rock, polished mineral surfaces and intricate geological structures. Low directional light, long soft shadows, subdued highlights, layered atmospheric haze and a gradual transition between luminous and dark values. Gentle directional movement, softly displaced forms, subtle asymmetry and relaxed visual flow across the composition. Molten orange, crimson and amber against charcoal."
363,0363_architecture_twilight_surge_aurora.jpg,general,architecture,twilight,surge,aurora,,1507768205,previews/studio/general/0363_architecture_twilight_surge_aurora.jpg,wallpapers/studio/general/0363_architecture_twilight_surge_aurora.jpg,64219,ok,"A single striking abstract artwork made as a mobile phone wallpaper. Vertical 9:16 mobile wallpaper, full-bleed edge to edge composition. The upper region of the frame is open and unadorned — atmosphere, gradient falloff or empty depth, no detail and no focal point there. The principal subject sits in the lower two thirds, weighted below centre and placed off the vertical axis. Clear depth across three planes: near, middle and far. No text, no letterforms, no numerals, no signature, no watermark, no logo, no border and no frame. Arches, columns, vaults, stairs, towers, passages and monumental geometric structures arranged with dramatic scale and depth. Low directional light, long soft shadows, subdued highlights, layered atmospheric haze and a gradual transition between luminous and dark values. Forceful directional movement, strong diagonals, overlapping forms, dynamic scale changes and pronounced visual momentum. Electric cyan, violet and emerald, luminous against midnight."
84,0084_ocean_eclipse_flow_deep_ocean.jpg,general,ocean,eclipse,flow,deep_ocean,,1802049101,previews/studio/general/0084_ocean_eclipse_flow_deep_ocean.jpg,wallpapers/studio/general/0084_ocean_eclipse_flow_deep_ocean.jpg,63280,ok,"A single striking abstract artwork made as a mobile phone wallpaper. Vertical 9:16 mobile wallpaper, full-bleed edge to edge composition. The upper region of the frame is open and unadorned — atmosphere, gradient falloff or empty depth, no detail and no focal point there. The principal subject sits in the lower two thirds, weighted below centre and placed off the vertical axis. Clear depth across three planes: near, middle and far. No text, no letterforms, no numerals, no signature, no watermark, no logo, no border and no frame. Deep water, waves, currents, suspended droplets, foam, bubbles, translucent depths and fluid underwater forms. Strong backlighting, deep silhouettes, narrow brilliant rim light, extreme separation between darkness and radiance, with restrained atmospheric glow. Continuous sweeping movement, interconnected forms, graceful curves and clear directional pathways carrying the eye through the composition. Cobalt, teal and turquoise with tiny aqua highlights."
224,0224_botanical_dream_surge_ember.jpg,general,botanical,dream,surge,ember,,1908384710,previews/studio/general/0224_botanical_dream_surge_ember.jpg,wallpapers/studio/general/0224_botanical_dream_surge_ember.jpg,64859,ok,"A single striking abstract artwork made as a mobile phone wallpaper. Vertical 9:16 mobile wallpaper, full-bleed edge to edge composition. The upper region of the frame is open and unadorned — atmosphere, gradient falloff or empty depth, no detail and no focal point there. The principal subject sits in the lower two thirds, weighted below centre and placed off the vertical axis. Clear depth across three planes: near, middle and far. No text, no letterforms, no numerals, no signature, no watermark, no logo, no border and no frame. Leaves, petals, vines, roots, branches, blossoms, seeds and intricate organic plant structures woven into layered compositions. Soft diffused illumination, luminous haze, gentle tonal transitions, restrained contrast, subtle bloom and an ethereal atmospheric glow. Forceful directional movement, strong diagonals, overlapping forms, dynamic scale changes and pronounced visual momentum. Molten orange, crimson and amber against charcoal."
511,0511_mineral_eclipse_flow_ember.jpg,general,mineral,eclipse,flow,ember,,1374753432,previews/studio/general/0511_mineral_eclipse_flow_ember.jpg,wallpapers/studio/general/0511_mineral_eclipse_flow_ember.jpg,63967,ok,"A single striking abstract artwork made as a mobile phone wallpaper. Vertical 9:16 mobile wallpaper, full-bleed edge to edge composition. The upper region of the frame is open and unadorned — atmosphere, gradient falloff or empty depth, no detail and no focal point there. The principal subject sits in the lower two thirds, weighted below centre and placed off the vertical axis. Clear depth across three planes: near, middle and far. No text, no letterforms, no numerals, no signature, no watermark, no logo, no border and no frame. Crystals, geodes, stone, metallic ore, fractured rock, polished mineral surfaces and intricate geological structures. Strong backlighting, deep silhouettes, narrow brilliant rim light, extreme separation between darkness and radiance, with restrained atmospheric glow. Continuous sweeping movement, interconnected forms, graceful curves and clear directional pathways carrying the eye through the composition. Molten orange, crimson and amber against charcoal."
364,0364_architecture_eclipse_eruption_aurora.jpg,general,architecture,eclipse,eruption,aurora,,2014720319,previews/studio/general/0364_architecture_eclipse_eruption_aurora.jpg,wallpapers/studio/general/0364_architecture_eclipse_eruption_aurora.jpg,64156,ok,"A single striking abstract artwork made as a mobile phone wallpaper. Vertical 9:16 mobile wallpaper, full-bleed edge to edge composition. The upper region of the frame is open and unadorned — atmosphere, gradient falloff or empty depth, no detail and no focal point there. The principal subject sits in the lower two thirds, weighted below centre and placed off the vertical axis. Clear depth across three planes: near, middle and far. No text, no letterforms, no numerals, no signature, no watermark, no logo, no border and no frame. Arches, columns, vaults, stairs, towers, passages and monumental geometric structures arranged with dramatic scale and depth. Strong backlighting, deep silhouettes, narrow brilliant rim light, extreme separation between darkness and radiance, with restrained atmospheric glow. Explosive outward movement, fragmented forms, dramatic displacement, extreme scale variation and dense controlled complexity radiating through the composition. Electric cyan, violet and emerald, luminous against midnight."
85,0085_ocean_midnight_surge_deep_ocean.jpg,general,ocean,midnight,surge,deep_ocean,,161517568,previews/studio/general/0085_ocean_midnight_surge_deep_ocean.jpg,wallpapers/studio/general/0085_ocean_midnight_surge_deep_ocean.jpg,64311,ok,"A single striking abstract artwork made as a mobile phone wallpaper. Vertical 9:16 mobile wallpaper, full-bleed edge to edge composition. The upper region of the frame is open and unadorned — atmosphere, gradient falloff or empty depth, no detail and no focal point there. The principal subject sits in the lower two thirds, weighted below centre and placed off the vertical axis. Clear depth across three planes: near, middle and far. No text, no letterforms, no numerals, no signature, no watermark, no logo, no border and no frame. Deep water, waves, currents, suspended droplets, foam, bubbles, translucent depths and fluid underwater forms. Predominantly deep values, sparse concentrated illumination, rich shadows, isolated highlights and quiet low-light atmosphere. Forceful directional movement, strong diagonals, overlapping forms, dynamic scale changes and pronounced visual momentum. Cobalt, teal and turquoise with tiny aqua highlights."
225,0225_botanical_storm_eruption_ember.jpg,general,botanical,storm,eruption,ember,,267853177,previews/studio/general/0225_botanical_storm_eruption_ember.jpg,wallpapers/studio/general/0225_botanical_storm_eruption_ember.jpg,64245,ok,"A single striking abstract artwork made as a mobile phone wallpaper. Vertical 9:16 mobile wallpaper, full-bleed edge to edge composition. The upper region of the frame is open and unadorned — atmosphere, gradient falloff or empty depth, no detail and no focal point there. The principal subject sits in the lower two thirds, weighted below centre and placed off the vertical axis. Clear depth across three planes: near, middle and far. No text, no letterforms, no numerals, no signature, no watermark, no logo, no border and no frame. Leaves, petals, vines, roots, branches, blossoms, seeds and intricate organic plant structures woven into layered compositions. Hard raking light through broken darkness, sharp highlights, deep shadows, high contrast and dense moisture-filled atmosphere. Explosive outward movement, fragmented forms, dramatic displacement, extreme scale variation and dense controlled complexity radiating through the composition. Molten orange, crimson and amber against charcoal."
512,0512_mineral_midnight_surge_ember.jpg,general,mineral,midnight,surge,ember,,1881705546,previews/studio/general/0512_mineral_midnight_surge_ember.jpg,wallpapers/studio/general/0512_mineral_midnight_surge_ember.jpg,64710,ok,"A single striking abstract artwork made as a mobile phone wallpaper. Vertical 9:16 mobile wallpaper, full-bleed edge to edge composition. The upper region of the frame is open and unadorned — atmosphere, gradient falloff or empty depth, no detail and no focal point there. The principal subject sits in the lower two thirds, weighted below centre and placed off the vertical axis. Clear depth across three planes: near, middle and far. No text, no letterforms, no numerals, no signature, no watermark, no logo, no border and no frame. Crystals, geodes, stone, metallic ore, fractured rock, polished mineral surfaces and intricate geological structures. Predominantly deep values, sparse concentrated illumination, rich shadows, isolated highlights and quiet low-light atmosphere. Forceful directional movement, strong diagonals, overlapping forms, dynamic scale changes and pronounced visual momentum. Molten orange, crimson and amber against charcoal."
365,0365_architecture_midnight_stillness_aurora.jpg,general,architecture,midnight,stillness,aurora,,374188786,previews/studio/general/0365_architecture_midnight_stillness_aurora.jpg,wallpapers/studio/general/0365_architecture_midnight_stillness_aurora.jpg,63464,ok,"A single striking abstract artwork made as a mobile phone wallpaper. Vertical 9:16 mobile wallpaper, full-bleed edge to edge composition. The upper region of the frame is open and unadorned — atmosphere, gradient falloff or empty depth, no detail and no focal point there. The principal subject sits in the lower two thirds, weighted below centre and placed off the vertical axis. Clear depth across three planes: near, middle and far. No text, no letterforms, no numerals, no signature, no watermark, no logo, no border and no frame. Arches, columns, vaults, stairs, towers, passages and monumental geometric structures arranged with dramatic scale and depth. Predominantly deep values, sparse concentrated illumination, rich shadows, isolated highlights and quiet low-light atmosphere. Centered, balanced composition with generous negative space, minimal directional movement, simple large forms and a strong sense of visual stability. Electric cyan, violet and emerald, luminous against midnight."
86,0086_ocean_inferno_eruption_deep_ocean.jpg,general,ocean,inferno,eruption,deep_ocean,,668469682,previews/studio/general/0086_ocean_inferno_eruption_deep_ocean.jpg,wallpapers/studio/general/0086_ocean_inferno_eruption_deep_ocean.jpg,63950,ok,"A single striking abstract artwork made as a mobile phone wallpaper. Vertical 9:16 mobile wallpaper, full-bleed edge to edge composition. The upper region of the frame is open and unadorned — atmosphere, gradient falloff or empty depth, no detail and no focal point there. The principal subject sits in the lower two thirds, weighted below centre and placed off the vertical axis. Clear depth across three planes: near, middle and far. No text, no letterforms, no numerals, no signature, no watermark, no logo, no border and no frame. Deep water, waves, currents, suspended droplets, foam, bubbles, translucent depths and fluid underwater forms. Intense internal illumination, brilliant hot highlights, deep surrounding shadows, glowing atmospheric haze and aggressive high-contrast luminosity. Explosive outward movement, fragmented forms, dramatic displacement, extreme scale variation and dense controlled complexity radiating through the composition. Cobalt, teal and turquoise with tiny aqua highlights."
226,0226_botanical_twilight_stillness_ember.jpg,general,botanical,twilight,stillness,ember,,774805291,previews/studio/general/0226_botanical_twilight_stillness_ember.jpg,wallpapers/studio/general/0226_botanical_twilight_stillness_ember.jpg,63995,ok,"A single striking abstract artwork made as a mobile phone wallpaper. Vertical 9:16 mobile wallpaper, full-bleed edge to edge composition. The upper region of the frame is open and unadorned — atmosphere, gradient falloff or empty depth, no detail and no focal point there. The principal subject sits in the lower two thirds, weighted below centre and placed off the vertical axis. Clear depth across three planes: near, middle and far. No text, no letterforms, no numerals, no signature, no watermark, no logo, no border and no frame. Leaves, petals, vines, roots, branches, blossoms, seeds and intricate organic plant structures woven into layered compositions. Low directional light, long soft shadows, subdued highlights, layered atmospheric haze and a gradual transition between luminous and dark values. Centered, balanced composition with generous negative space, minimal directional movement, simple large forms and a strong sense of visual stability. Molten orange, crimson and amber against charcoal."
227,0227_botanical_eclipse_drift_ember.jpg,general,botanical,eclipse,drift,ember,,1281757405,previews/studio/general/0227_botanical_eclipse_drift_ember.jpg,wallpapers/studio/general/0227_botanical_eclipse_drift_ember.jpg,2337,ok,"A single striking abstract artwork made as a mobile phone wallpaper. Vertical 9:16 mobile wallpaper, full-bleed edge to edge composition. The upper region of the frame is open and unadorned — atmosphere, gradient falloff or empty depth, no detail and no focal point there. The principal subject sits in the lower two thirds, weighted below centre and placed off the vertical axis. Clear depth across three planes: near, middle and far. No text, no letterforms, no numerals, no signature, no watermark, no logo, no border and no frame. Leaves, petals, vines, roots, branches, blossoms, seeds and intricate organic plant structures woven into layered compositions. Strong backlighting, deep silhouettes, narrow brilliant rim light, extreme separation between darkness and radiance, with restrained atmospheric glow. Gentle directional movement, softly displaced forms, subtle asymmetry and relaxed visual flow across the composition. Molten orange, crimson and amber against charcoal."
513,0513_mineral_inferno_eruption_ember.jpg,general,mineral,inferno,eruption,ember,,241174013,previews/studio/general/0513_mineral_inferno_eruption_ember.jpg,wallpapers/studio/general/0513_mineral_inferno_eruption_ember.jpg,64676,ok,"A single striking abstract artwork made as a mobile phone wallpaper. Vertical 9:16 mobile wallpaper, full-bleed edge to edge composition. The upper region of the frame is open and unadorned — atmosphere, gradient falloff or empty depth, no detail and no focal point there. The principal subject sits in the lower two thirds, weighted below centre and placed off the vertical axis. Clear depth across three planes: near, middle and far. No text, no letterforms, no numerals, no signature, no watermark, no logo, no border and no frame. Crystals, geodes, stone, metallic ore, fractured rock, polished mineral surfaces and intricate geological structures. Intense internal illumination, brilliant hot highlights, deep surrounding shadows, glowing atmospheric haze and aggressive high-contrast luminosity. Explosive outward movement, fragmented forms, dramatic displacement, extreme scale variation and dense controlled complexity radiating through the composition. Molten orange, crimson and amber against charcoal."
514,0514_mineral_dream_stillness_ember.jpg,general,mineral,dream,stillness,ember,,748126127,previews/studio/general/0514_mineral_dream_stillness_ember.jpg,wallpapers/studio/general/0514_mineral_dream_stillness_ember.jpg,2113,ok,"A single striking abstract artwork made as a mobile phone wallpaper. Vertical 9:16 mobile wallpaper, full-bleed edge to edge composition. The upper region of the frame is open and unadorned — atmosphere, gradient falloff or empty depth, no detail and no focal point there. The principal subject sits in the lower two thirds, weighted below centre and placed off the vertical axis. Clear depth across three planes: near, middle and far. No text, no letterforms, no numerals, no signature, no watermark, no logo, no border and no frame. Crystals, geodes, stone, metallic ore, fractured rock, polished mineral surfaces and intricate geological structures. Soft diffused illumination, luminous haze, gentle tonal transitions, restrained contrast, subtle bloom and an ethereal atmospheric glow. Centered, balanced composition with generous negative space, minimal directional movement, simple large forms and a strong sense of visual stability. Molten orange, crimson and amber against charcoal."
366,0366_architecture_dream_drift_ember.jpg,general,architecture,dream,drift,ember,,881140900,previews/studio/general/0366_architecture_dream_drift_ember.jpg,wallpapers/studio/general/0366_architecture_dream_drift_ember.jpg,63472,ok,"A single striking abstract artwork made as a mobile phone wallpaper. Vertical 9:16 mobile wallpaper, full-bleed edge to edge composition. The upper region of the frame is open and unadorned — atmosphere, gradient falloff or empty depth, no detail and no focal point there. The principal subject sits in the lower two thirds, weighted below centre and placed off the vertical axis. Clear depth across three planes: near, middle and far. No text, no letterforms, no numerals, no signature, no watermark, no logo, no border and no frame. Arches, columns, vaults, stairs, towers, passages and monumental geometric structures arranged with dramatic scale and depth. Soft diffused illumination, luminous haze, gentle tonal transitions, restrained contrast, subtle bloom and an ethereal atmospheric glow. Gentle directional movement, softly displaced forms, subtle asymmetry and relaxed visual flow across the composition. Molten orange, crimson and amber against charcoal."
515,0515_mineral_storm_drift_ember.jpg,general,mineral,storm,drift,ember,,1255078241,previews/studio/general/0515_mineral_storm_drift_ember.jpg,wallpapers/studio/general/0515_mineral_storm_drift_ember.jpg,2746,ok,"A single striking abstract artwork made as a mobile phone wallpaper. Vertical 9:16 mobile wallpaper, full-bleed edge to edge composition. The upper region of the frame is open and unadorned — atmosphere, gradient falloff or empty depth, no detail and no focal point there. The principal subject sits in the lower two thirds, weighted below centre and placed off the vertical axis. Clear depth across three planes: near, middle and far. No text, no letterforms, no numerals, no signature, no watermark, no logo, no border and no frame. Crystals, geodes, stone, metallic ore, fractured rock, polished mineral surfaces and intricate geological structures. Hard raking light through broken darkness, sharp highlights, deep shadows, high contrast and dense moisture-filled atmosphere. Gentle directional movement, softly displaced forms, subtle asymmetry and relaxed visual flow across the composition. Molten orange, crimson and amber against charcoal."
516,0516_mineral_eclipse_flow_deep_ocean.jpg,general,mineral,eclipse,flow,deep_ocean,,1762030355,previews/studio/general/0516_mineral_eclipse_flow_deep_ocean.jpg,wallpapers/studio/general/0516_mineral_eclipse_flow_deep_ocean.jpg,1928,ok,"A single striking abstract artwork made as a mobile phone wallpaper. Vertical 9:16 mobile wallpaper, full-bleed edge to edge composition. The upper region of the frame is open and unadorned — atmosphere, gradient falloff or empty depth, no detail and no focal point there. The principal subject sits in the lower two thirds, weighted below centre and placed off the vertical axis. Clear depth across three planes: near, middle and far. No text, no letterforms, no numerals, no signature, no watermark, no logo, no border and no frame. Crystals, geodes, stone, metallic ore, fractured rock, polished mineral surfaces and intricate geological structures. Strong backlighting, deep silhouettes, narrow brilliant rim light, extreme separation between darkness and radiance, with restrained atmospheric glow. Continuous sweeping movement, interconnected forms, graceful curves and clear directional pathways carrying the eye through the composition. Cobalt, teal and turquoise with tiny aqua highlights."
87,0087_ocean_dream_stillness_deep_ocean.jpg,general,ocean,dream,stillness,deep_ocean,,1175421796,previews/studio/general/0087_ocean_dream_stillness_deep_ocean.jpg,wallpapers/studio/general/0087_ocean_dream_stillness_deep_ocean.jpg,65021,ok,"A single striking abstract artwork made as a mobile phone wallpaper. Vertical 9:16 mobile wallpaper, full-bleed edge to edge composition. The upper region of the frame is open and unadorned — atmosphere, gradient falloff or empty depth, no detail and no focal point there. The principal subject sits in the lower two thirds, weighted below centre and placed off the vertical axis. Clear depth across three planes: near, middle and far. No text, no letterforms, no numerals, no signature, no watermark, no logo, no border and no frame. Deep water, waves, currents, suspended droplets, foam, bubbles, translucent depths and fluid underwater forms. Soft diffused illumination, luminous haze, gentle tonal transitions, restrained contrast, subtle bloom and an ethereal atmospheric glow. Centered, balanced composition with generous negative space, minimal directional movement, simple large forms and a strong sense of visual stability. Cobalt, teal and turquoise with tiny aqua highlights."
228,0228_botanical_inferno_flow_deep_ocean.jpg,general,botanical,inferno,flow,deep_ocean,,1788709519,previews/studio/general/0228_botanical_inferno_flow_deep_ocean.jpg,wallpapers/studio/general/0228_botanical_inferno_flow_deep_ocean.jpg,64668,ok,"A single striking abstract artwork made as a mobile phone wallpaper. Vertical 9:16 mobile wallpaper, full-bleed edge to edge composition. The upper region of the frame is open and unadorned — atmosphere, gradient falloff or empty depth, no detail and no focal point there. The principal subject sits in the lower two thirds, weighted below centre and placed off the vertical axis. Clear depth across three planes: near, middle and far. No text, no letterforms, no numerals, no signature, no watermark, no logo, no border and no frame. Leaves, petals, vines, roots, branches, blossoms, seeds and intricate organic plant structures woven into layered compositions. Intense internal illumination, brilliant hot highlights, deep surrounding shadows, glowing atmospheric haze and aggressive high-contrast luminosity. Continuous sweeping movement, interconnected forms, graceful curves and clear directional pathways carrying the eye through the composition. Cobalt, teal and turquoise with tiny aqua highlights."
367,0367_architecture_storm_flow_ember.jpg,general,architecture,storm,flow,ember,,1388093014,previews/studio/general/0367_architecture_storm_flow_ember.jpg,wallpapers/studio/general/0367_architecture_storm_flow_ember.jpg,64324,ok,"A single striking abstract artwork made as a mobile phone wallpaper. Vertical 9:16 mobile wallpaper, full-bleed edge to edge composition. The upper region of the frame is open and unadorned — atmosphere, gradient falloff or empty depth, no detail and no focal point there. The principal subject sits in the lower two thirds, weighted below centre and placed off the vertical axis. Clear depth across three planes: near, middle and far. No text, no letterforms, no numerals, no signature, no watermark, no logo, no border and no frame. Arches, columns, vaults, stairs, towers, passages and monumental geometric structures arranged with dramatic scale and depth. Hard raking light through broken darkness, sharp highlights, deep shadows, high contrast and dense moisture-filled atmosphere. Continuous sweeping movement, interconnected forms, graceful curves and clear directional pathways carrying the eye through the composition. Molten orange, crimson and amber against charcoal."
517,0517_mineral_midnight_surge_deep_ocean.jpg,general,mineral,midnight,surge,deep_ocean,,121498822,previews/studio/general/0517_mineral_midnight_surge_deep_ocean.jpg,wallpapers/studio/general/0517_mineral_midnight_surge_deep_ocean.jpg,63945,ok,"A single striking abstract artwork made as a mobile phone wallpaper. Vertical 9:16 mobile wallpaper, full-bleed edge to edge composition. The upper region of the frame is open and unadorned — atmosphere, gradient falloff or empty depth, no detail and no focal point there. The principal subject sits in the lower two thirds, weighted below centre and placed off the vertical axis. Clear depth across three planes: near, middle and far. No text, no letterforms, no numerals, no signature, no watermark, no logo, no border and no frame. Crystals, geodes, stone, metallic ore, fractured rock, polished mineral surfaces and intricate geological structures. Predominantly deep values, sparse concentrated illumination, rich shadows, isolated highlights and quiet low-light atmosphere. Forceful directional movement, strong diagonals, overlapping forms, dynamic scale changes and pronounced visual momentum. Cobalt, teal and turquoise with tiny aqua highlights."
88,0088_ocean_storm_drift_deep_ocean.jpg,general,ocean,storm,drift,deep_ocean,,1682373910,previews/studio/general/0088_ocean_storm_drift_deep_ocean.jpg,wallpapers/studio/general/0088_ocean_storm_drift_deep_ocean.jpg,64222,ok,"A single striking abstract artwork made as a mobile phone wallpaper. Vertical 9:16 mobile wallpaper, full-bleed edge to edge composition. The upper region of the frame is open and unadorned — atmosphere, gradient falloff or empty depth, no detail and no focal point there. The principal subject sits in the lower two thirds, weighted below centre and placed off the vertical axis. Clear depth across three planes: near, middle and far. No text, no letterforms, no numerals, no signature, no watermark, no logo, no border and no frame. Deep water, waves, currents, suspended droplets, foam, bubbles, translucent depths and fluid underwater forms. Hard raking light through broken darkness, sharp highlights, deep shadows, high contrast and dense moisture-filled atmosphere. Gentle directional movement, softly displaced forms, subtle asymmetry and relaxed visual flow across the composition. Cobalt, teal and turquoise with tiny aqua highlights."
229,0229_botanical_dream_surge_deep_ocean.jpg,general,botanical,dream,surge,deep_ocean,,148177986,,,,failed,"prediction failed: Model execution failed (User Input Error): AiError: AiError: NSFW content detected. Try running it again, or try a different prompt. (7198f885-044a-4969-88ee-332fc4088f4d)"
368,0368_architecture_twilight_surge_ember.jpg,general,architecture,twilight,surge,ember,,1895045128,previews/studio/general/0368_architecture_twilight_surge_ember.jpg,wallpapers/studio/general/0368_architecture_twilight_surge_ember.jpg,64495,ok,"A single striking abstract artwork made as a mobile phone wallpaper. Vertical 9:16 mobile wallpaper, full-bleed edge to edge composition. The upper region of the frame is open and unadorned — atmosphere, gradient falloff or empty depth, no detail and no focal point there. The principal subject sits in the lower two thirds, weighted below centre and placed off the vertical axis. Clear depth across three planes: near, middle and far. No text, no letterforms, no numerals, no signature, no watermark, no logo, no border and no frame. Arches, columns, vaults, stairs, towers, passages and monumental geometric structures arranged with dramatic scale and depth. Low directional light, long soft shadows, subdued highlights, layered atmospheric haze and a gradual transition between luminous and dark values. Forceful directional movement, strong diagonals, overlapping forms, dynamic scale changes and pronounced visual momentum. Molten orange, crimson and amber against charcoal."
518,0518_mineral_inferno_eruption_deep_ocean.jpg,general,mineral,inferno,eruption,deep_ocean,,628450936,previews/studio/general/0518_mineral_inferno_eruption_deep_ocean.jpg,wallpapers/studio/general/0518_mineral_inferno_eruption_deep_ocean.jpg,63781,ok,"A single striking abstract artwork made as a mobile phone wallpaper. Vertical 9:16 mobile wallpaper, full-bleed edge to edge composition. The upper region of the frame is open and unadorned — atmosphere, gradient falloff or empty depth, no detail and no focal point there. The principal subject sits in the lower two thirds, weighted below centre and placed off the vertical axis. Clear depth across three planes: near, middle and far. No text, no letterforms, no numerals, no signature, no watermark, no logo, no border and no frame. Crystals, geodes, stone, metallic ore, fractured rock, polished mineral surfaces and intricate geological structures. Intense internal illumination, brilliant hot highlights, deep surrounding shadows, glowing atmospheric haze and aggressive high-contrast luminosity. Explosive outward movement, fragmented forms, dramatic displacement, extreme scale variation and dense controlled complexity radiating through the composition. Cobalt, teal and turquoise with tiny aqua highlights."
89,0089_ocean_twilight_flow_deep_ocean.jpg,general,ocean,twilight,flow,deep_ocean,,41842377,previews/studio/general/0089_ocean_twilight_flow_deep_ocean.jpg,wallpapers/studio/general/0089_ocean_twilight_flow_deep_ocean.jpg,64083,ok,"A single striking abstract artwork made as a mobile phone wallpaper. Vertical 9:16 mobile wallpaper, full-bleed edge to edge composition. The upper region of the frame is open and unadorned — atmosphere, gradient falloff or empty depth, no detail and no focal point there. The principal subject sits in the lower two thirds, weighted below centre and placed off the vertical axis. Clear depth across three planes: near, middle and far. No text, no letterforms, no numerals, no signature, no watermark, no logo, no border and no frame. Deep water, waves, currents, suspended droplets, foam, bubbles, translucent depths and fluid underwater forms. Low directional light, long soft shadows, subdued highlights, layered atmospheric haze and a gradual transition between luminous and dark values. Continuous sweeping movement, interconnected forms, graceful curves and clear directional pathways carrying the eye through the composition. Cobalt, teal and turquoise with tiny aqua highlights."
230,0230_botanical_storm_eruption_deep_ocean.jpg,general,botanical,storm,eruption,deep_ocean,,655130100,previews/studio/general/0230_botanical_storm_eruption_deep_ocean.jpg,wallpapers/studio/general/0230_botanical_storm_eruption_deep_ocean.jpg,64635,ok,"A single striking abstract artwork made as a mobile phone wallpaper. Vertical 9:16 mobile wallpaper, full-bleed edge to edge composition. The upper region of the frame is open and unadorned — atmosphere, gradient falloff or empty depth, no detail and no focal point there. The principal subject sits in the lower two thirds, weighted below centre and placed off the vertical axis. Clear depth across three planes: near, middle and far. No text, no letterforms, no numerals, no signature, no watermark, no logo, no border and no frame. Leaves, petals, vines, roots, branches, blossoms, seeds and intricate organic plant structures woven into layered compositions. Hard raking light through broken darkness, sharp highlights, deep shadows, high contrast and dense moisture-filled atmosphere. Explosive outward movement, fragmented forms, dramatic displacement, extreme scale variation and dense controlled complexity radiating through the composition. Cobalt, teal and turquoise with tiny aqua highlights."
519,0519_mineral_dream_stillness_deep_ocean.jpg,general,mineral,dream,stillness,deep_ocean,,1135403050,previews/studio/general/0519_mineral_dream_stillness_deep_ocean.jpg,wallpapers/studio/general/0519_mineral_dream_stillness_deep_ocean.jpg,63921,ok,"A single striking abstract artwork made as a mobile phone wallpaper. Vertical 9:16 mobile wallpaper, full-bleed edge to edge composition. The upper region of the frame is open and unadorned — atmosphere, gradient falloff or empty depth, no detail and no focal point there. The principal subject sits in the lower two thirds, weighted below centre and placed off the vertical axis. Clear depth across three planes: near, middle and far. No text, no letterforms, no numerals, no signature, no watermark, no logo, no border and no frame. Crystals, geodes, stone, metallic ore, fractured rock, polished mineral surfaces and intricate geological structures. Soft diffused illumination, luminous haze, gentle tonal transitions, restrained contrast, subtle bloom and an ethereal atmospheric glow. Centered, balanced composition with generous negative space, minimal directional movement, simple large forms and a strong sense of visual stability. Cobalt, teal and turquoise with tiny aqua highlights."
90,0090_ocean_midnight_surge_ultraviolet.jpg,general,ocean,midnight,surge,ultraviolet,,548794491,previews/studio/general/0090_ocean_midnight_surge_ultraviolet.jpg,wallpapers/studio/general/0090_ocean_midnight_surge_ultraviolet.jpg,64117,ok,"A single striking abstract artwork made as a mobile phone wallpaper. Vertical 9:16 mobile wallpaper, full-bleed edge to edge composition. The upper region of the frame is open and unadorned — atmosphere, gradient falloff or empty depth, no detail and no focal point there. The principal subject sits in the lower two thirds, weighted below centre and placed off the vertical axis. Clear depth across three planes: near, middle and far. No text, no letterforms, no numerals, no signature, no watermark, no logo, no border and no frame. Deep water, waves, currents, suspended droplets, foam, bubbles, translucent depths and fluid underwater forms. Predominantly deep values, sparse concentrated illumination, rich shadows, isolated highlights and quiet low-light atmosphere. Forceful directional movement, strong diagonals, overlapping forms, dynamic scale changes and pronounced visual momentum. Saturated violet, magenta and electric blue against black."
231,0231_botanical_twilight_stillness_deep_ocean.jpg,general,botanical,twilight,stillness,deep_ocean,,1162082214,,,,failed,"prediction failed: Model execution failed (User Input Error): AiError: AiError: NSFW content detected. Try running it again, or try a different prompt. (ed986f5e-68dc-4398-8d3b-c11401fece25)"
369,0369_architecture_eclipse_eruption_ember.jpg,general,architecture,eclipse,eruption,ember,,254513595,,,,failed,"flux timed out -- status=starting"
91,0091_ocean_inferno_eruption_ultraviolet.jpg,general,ocean,inferno,eruption,ultraviolet,,1055746605,previews/studio/general/0091_ocean_inferno_eruption_ultraviolet.jpg,wallpapers/studio/general/0091_ocean_inferno_eruption_ultraviolet.jpg,64215,ok,"A single striking abstract artwork made as a mobile phone wallpaper. Vertical 9:16 mobile wallpaper, full-bleed edge to edge composition. The upper region of the frame is open and unadorned — atmosphere, gradient falloff or empty depth, no detail and no focal point there. The principal subject sits in the lower two thirds, weighted below centre and placed off the vertical axis. Clear depth across three planes: near, middle and far. No text, no letterforms, no numerals, no signature, no watermark, no logo, no border and no frame. Deep water, waves, currents, suspended droplets, foam, bubbles, translucent depths and fluid underwater forms. Intense internal illumination, brilliant hot highlights, deep surrounding shadows, glowing atmospheric haze and aggressive high-contrast luminosity. Explosive outward movement, fragmented forms, dramatic displacement, extreme scale variation and dense controlled complexity radiating through the composition. Saturated violet, magenta and electric blue against black."
232,0232_botanical_eclipse_drift_deep_ocean.jpg,general,botanical,eclipse,drift,deep_ocean,,1669034328,previews/studio/general/0232_botanical_eclipse_drift_deep_ocean.jpg,wallpapers/studio/general/0232_botanical_eclipse_drift_deep_ocean.jpg,65389,ok,"A single striking abstract artwork made as a mobile phone wallpaper. Vertical 9:16 mobile wallpaper, full-bleed edge to edge composition. The upper region of the frame is open and unadorned — atmosphere, gradient falloff or empty depth, no detail and no focal point there. The principal subject sits in the lower two thirds, weighted below centre and placed off the vertical axis. Clear depth across three planes: near, middle and far. No text, no letterforms, no numerals, no signature, no watermark, no logo, no border and no frame. Leaves, petals, vines, roots, branches, blossoms, seeds and intricate organic plant structures woven into layered compositions. Strong backlighting, deep silhouettes, narrow brilliant rim light, extreme separation between darkness and radiance, with restrained atmospheric glow. Gentle directional movement, softly displaced forms, subtle asymmetry and relaxed visual flow across the composition. Cobalt, teal and turquoise with tiny aqua highlights."
370,0370_architecture_midnight_stillness_ember.jpg,general,architecture,midnight,stillness,ember,,761465709,previews/studio/general/0370_architecture_midnight_stillness_ember.jpg,wallpapers/studio/general/0370_architecture_midnight_stillness_ember.jpg,64180,ok,"A single striking abstract artwork made as a mobile phone wallpaper. Vertical 9:16 mobile wallpaper, full-bleed edge to edge composition. The upper region of the frame is open and unadorned — atmosphere, gradient falloff or empty depth, no detail and no focal point there. The principal subject sits in the lower two thirds, weighted below centre and placed off the vertical axis. Clear depth across three planes: near, middle and far. No text, no letterforms, no numerals, no signature, no watermark, no logo, no border and no frame. Arches, columns, vaults, stairs, towers, passages and monumental geometric structures arranged with dramatic scale and depth. Predominantly deep values, sparse concentrated illumination, rich shadows, isolated highlights and quiet low-light atmosphere. Centered, balanced composition with generous negative space, minimal directional movement, simple large forms and a strong sense of visual stability. Molten orange, crimson and amber against charcoal."
92,0092_ocean_dream_stillness_ultraviolet.jpg,general,ocean,dream,stillness,ultraviolet,,1562698719,previews/studio/general/0092_ocean_dream_stillness_ultraviolet.jpg,wallpapers/studio/general/0092_ocean_dream_stillness_ultraviolet.jpg,2202,ok,"A single striking abstract artwork made as a mobile phone wallpaper. Vertical 9:16 mobile wallpaper, full-bleed edge to edge composition. The upper region of the frame is open and unadorned — atmosphere, gradient falloff or empty depth, no detail and no focal point there. The principal subject sits in the lower two thirds, weighted below centre and placed off the vertical axis. Clear depth across three planes: near, middle and far. No text, no letterforms, no numerals, no signature, no watermark, no logo, no border and no frame. Deep water, waves, currents, suspended droplets, foam, bubbles, translucent depths and fluid underwater forms. Soft diffused illumination, luminous haze, gentle tonal transitions, restrained contrast, subtle bloom and an ethereal atmospheric glow. Centered, balanced composition with generous negative space, minimal directional movement, simple large forms and a strong sense of visual stability. Saturated violet, magenta and electric blue against black."
520,0520_mineral_storm_drift_deep_ocean.jpg,general,mineral,storm,drift,deep_ocean,,1642355164,,,,failed,"flux timed out -- status=starting"
233,0233_botanical_midnight_flow_deep_ocean.jpg,general,botanical,midnight,flow,deep_ocean,,28502795,previews/studio/general/0233_botanical_midnight_flow_deep_ocean.jpg,wallpapers/studio/general/0233_botanical_midnight_flow_deep_ocean.jpg,64541,ok,"A single striking abstract artwork made as a mobile phone wallpaper. Vertical 9:16 mobile wallpaper, full-bleed edge to edge composition. The upper region of the frame is open and unadorned — atmosphere, gradient falloff or empty depth, no detail and no focal point there. The principal subject sits in the lower two thirds, weighted below centre and placed off the vertical axis. Clear depth across three planes: near, middle and far. No text, no letterforms, no numerals, no signature, no watermark, no logo, no border and no frame. Leaves, petals, vines, roots, branches, blossoms, seeds and intricate organic plant structures woven into layered compositions. Predominantly deep values, sparse concentrated illumination, rich shadows, isolated highlights and quiet low-light atmosphere. Continuous sweeping movement, interconnected forms, graceful curves and clear directional pathways carrying the eye through the composition. Cobalt, teal and turquoise with tiny aqua highlights."
371,0371_architecture_inferno_drift_ember.jpg,general,architecture,inferno,drift,ember,,1268417823,previews/studio/general/0371_architecture_inferno_drift_ember.jpg,wallpapers/studio/general/0371_architecture_inferno_drift_ember.jpg,63675,ok,"A single striking abstract artwork made as a mobile phone wallpaper. Vertical 9:16 mobile wallpaper, full-bleed edge to edge composition. The upper region of the frame is open and unadorned — atmosphere, gradient falloff or empty depth, no detail and no focal point there. The principal subject sits in the lower two thirds, weighted below centre and placed off the vertical axis. Clear depth across three planes: near, middle and far. No text, no letterforms, no numerals, no signature, no watermark, no logo, no border and no frame. Arches, columns, vaults, stairs, towers, passages and monumental geometric structures arranged with dramatic scale and depth. Intense internal illumination, brilliant hot highlights, deep surrounding shadows, glowing atmospheric haze and aggressive high-contrast luminosity. Gentle directional movement, softly displaced forms, subtle asymmetry and relaxed visual flow across the composition. Molten orange, crimson and amber against charcoal."
93,0093_ocean_storm_drift_ultraviolet.jpg,general,ocean,storm,drift,ultraviolet,,2069650833,previews/studio/general/0093_ocean_storm_drift_ultraviolet.jpg,wallpapers/studio/general/0093_ocean_storm_drift_ultraviolet.jpg,64374,ok,"A single striking abstract artwork made as a mobile phone wallpaper. Vertical 9:16 mobile wallpaper, full-bleed edge to edge composition. The upper region of the frame is open and unadorned — atmosphere, gradient falloff or empty depth, no detail and no focal point there. The principal subject sits in the lower two thirds, weighted below centre and placed off the vertical axis. Clear depth across three planes: near, middle and far. No text, no letterforms, no numerals, no signature, no watermark, no logo, no border and no frame. Deep water, waves, currents, suspended droplets, foam, bubbles, translucent depths and fluid underwater forms. Hard raking light through broken darkness, sharp highlights, deep shadows, high contrast and dense moisture-filled atmosphere. Gentle directional movement, softly displaced forms, subtle asymmetry and relaxed visual flow across the composition. Saturated violet, magenta and electric blue against black."
521,0521_mineral_twilight_flow_deep_ocean.jpg,general,mineral,twilight,flow,deep_ocean,,1823631,previews/studio/general/0521_mineral_twilight_flow_deep_ocean.jpg,wallpapers/studio/general/0521_mineral_twilight_flow_deep_ocean.jpg,63807,ok,"A single striking abstract artwork made as a mobile phone wallpaper. Vertical 9:16 mobile wallpaper, full-bleed edge to edge composition. The upper region of the frame is open and unadorned — atmosphere, gradient falloff or empty depth, no detail and no focal point there. The principal subject sits in the lower two thirds, weighted below centre and placed off the vertical axis. Clear depth across three planes: near, middle and far. No text, no letterforms, no numerals, no signature, no watermark, no logo, no border and no frame. Crystals, geodes, stone, metallic ore, fractured rock, polished mineral surfaces and intricate geological structures. Low directional light, long soft shadows, subdued highlights, layered atmospheric haze and a gradual transition between luminous and dark values. Continuous sweeping movement, interconnected forms, graceful curves and clear directional pathways carrying the eye through the composition. Cobalt, teal and turquoise with tiny aqua highlights."
234,0234_botanical_dream_surge_ultraviolet.jpg,general,botanical,dream,surge,ultraviolet,,535454909,previews/studio/general/0234_botanical_dream_surge_ultraviolet.jpg,wallpapers/studio/general/0234_botanical_dream_surge_ultraviolet.jpg,17171,ok,"A single striking abstract artwork made as a mobile phone wallpaper. Vertical 9:16 mobile wallpaper, full-bleed edge to edge composition. The upper region of the frame is open and unadorned — atmosphere, gradient falloff or empty depth, no detail and no focal point there. The principal subject sits in the lower two thirds, weighted below centre and placed off the vertical axis. Clear depth across three planes: near, middle and far. No text, no letterforms, no numerals, no signature, no watermark, no logo, no border and no frame. Leaves, petals, vines, roots, branches, blossoms, seeds and intricate organic plant structures woven into layered compositions. Soft diffused illumination, luminous haze, gentle tonal transitions, restrained contrast, subtle bloom and an ethereal atmospheric glow. Forceful directional movement, strong diagonals, overlapping forms, dynamic scale changes and pronounced visual momentum. Saturated violet, magenta and electric blue against black."
522,0522_mineral_midnight_surge_ultraviolet.jpg,general,mineral,midnight,surge,ultraviolet,,508775745,previews/studio/general/0522_mineral_midnight_surge_ultraviolet.jpg,wallpapers/studio/general/0522_mineral_midnight_surge_ultraviolet.jpg,15215,ok,"A single striking abstract artwork made as a mobile phone wallpaper. Vertical 9:16 mobile wallpaper, full-bleed edge to edge composition. The upper region of the frame is open and unadorned — atmosphere, gradient falloff or empty depth, no detail and no focal point there. The principal subject sits in the lower two thirds, weighted below centre and placed off the vertical axis. Clear depth across three planes: near, middle and far. No text, no letterforms, no numerals, no signature, no watermark, no logo, no border and no frame. Crystals, geodes, stone, metallic ore, fractured rock, polished mineral surfaces and intricate geological structures. Predominantly deep values, sparse concentrated illumination, rich shadows, isolated highlights and quiet low-light atmosphere. Forceful directional movement, strong diagonals, overlapping forms, dynamic scale changes and pronounced visual momentum. Saturated violet, magenta and electric blue against black."
94,0094_ocean_twilight_flow_ultraviolet.jpg,general,ocean,twilight,flow,ultraviolet,,429119300,previews/studio/general/0094_ocean_twilight_flow_ultraviolet.jpg,wallpapers/studio/general/0094_ocean_twilight_flow_ultraviolet.jpg,63420,ok,"A single striking abstract artwork made as a mobile phone wallpaper. Vertical 9:16 mobile wallpaper, full-bleed edge to edge composition. The upper region of the frame is open and unadorned — atmosphere, gradient falloff or empty depth, no detail and no focal point there. The principal subject sits in the lower two thirds, weighted below centre and placed off the vertical axis. Clear depth across three planes: near, middle and far. No text, no letterforms, no numerals, no signature, no watermark, no logo, no border and no frame. Deep water, waves, currents, suspended droplets, foam, bubbles, translucent depths and fluid underwater forms. Low directional light, long soft shadows, subdued highlights, layered atmospheric haze and a gradual transition between luminous and dark values. Continuous sweeping movement, interconnected forms, graceful curves and clear directional pathways carrying the eye through the composition. Saturated violet, magenta and electric blue against black."
372,0372_architecture_storm_flow_deep_ocean.jpg,general,architecture,storm,flow,deep_ocean,,1775369937,previews/studio/general/0372_architecture_storm_flow_deep_ocean.jpg,wallpapers/studio/general/0372_architecture_storm_flow_deep_ocean.jpg,64388,ok,"A single striking abstract artwork made as a mobile phone wallpaper. Vertical 9:16 mobile wallpaper, full-bleed edge to edge composition. The upper region of the frame is open and unadorned — atmosphere, gradient falloff or empty depth, no detail and no focal point there. The principal subject sits in the lower two thirds, weighted below centre and placed off the vertical axis. Clear depth across three planes: near, middle and far. No text, no letterforms, no numerals, no signature, no watermark, no logo, no border and no frame. Arches, columns, vaults, stairs, towers, passages and monumental geometric structures arranged with dramatic scale and depth. Hard raking light through broken darkness, sharp highlights, deep shadows, high contrast and dense moisture-filled atmosphere. Continuous sweeping movement, interconnected forms, graceful curves and clear directional pathways carrying the eye through the composition. Cobalt, teal and turquoise with tiny aqua highlights."
373,0373_architecture_twilight_surge_deep_ocean.jpg,general,architecture,twilight,surge,deep_ocean,,134838404,previews/studio/general/0373_architecture_twilight_surge_deep_ocean.jpg,wallpapers/studio/general/0373_architecture_twilight_surge_deep_ocean.jpg,2327,ok,"A single striking abstract artwork made as a mobile phone wallpaper. Vertical 9:16 mobile wallpaper, full-bleed edge to edge composition. The upper region of the frame is open and unadorned — atmosphere, gradient falloff or empty depth, no detail and no focal point there. The principal subject sits in the lower two thirds, weighted below centre and placed off the vertical axis. Clear depth across three planes: near, middle and far. No text, no letterforms, no numerals, no signature, no watermark, no logo, no border and no frame. Arches, columns, vaults, stairs, towers, passages and monumental geometric structures arranged with dramatic scale and depth. Low directional light, long soft shadows, subdued highlights, layered atmospheric haze and a gradual transition between luminous and dark values. Forceful directional movement, strong diagonals, overlapping forms, dynamic scale changes and pronounced visual momentum. Cobalt, teal and turquoise with tiny aqua highlights."
235,0235_botanical_storm_eruption_ultraviolet.jpg,general,botanical,storm,eruption,ultraviolet,,1042407023,,,,failed,"prediction failed: Model execution failed (User Input Error): AiError: AiError: NSFW content detected. Try running it again, or try a different prompt. (d7f7f51b-c4f8-4ebe-befe-1eda0f665b8d)"
523,0523_mineral_inferno_eruption_ultraviolet.jpg,general,mineral,inferno,eruption,ultraviolet,,1015727859,,,,failed,"prediction failed: Model execution failed (User Input Error): AiError: AiError: NSFW content detected. Try running it again, or try a different prompt. (0c7ccd3e-08f9-44e0-9e0a-236f24a8ad29)"
95,0095_ocean_eclipse_surge_ultraviolet.jpg,general,ocean,eclipse,surge,ultraviolet,,936071414,previews/studio/general/0095_ocean_eclipse_surge_ultraviolet.jpg,wallpapers/studio/general/0095_ocean_eclipse_surge_ultraviolet.jpg,64166,ok,"A single striking abstract artwork made as a mobile phone wallpaper. Vertical 9:16 mobile wallpaper, full-bleed edge to edge composition. The upper region of the frame is open and unadorned — atmosphere, gradient falloff or empty depth, no detail and no focal point there. The principal subject sits in the lower two thirds, weighted below centre and placed off the vertical axis. Clear depth across three planes: near, middle and far. No text, no letterforms, no numerals, no signature, no watermark, no logo, no border and no frame. Deep water, waves, currents, suspended droplets, foam, bubbles, translucent depths and fluid underwater forms. Strong backlighting, deep silhouettes, narrow brilliant rim light, extreme separation between darkness and radiance, with restrained atmospheric glow. Forceful directional movement, strong diagonals, overlapping forms, dynamic scale changes and pronounced visual momentum. Saturated violet, magenta and electric blue against black."
374,0374_architecture_eclipse_eruption_deep_ocean.jpg,general,architecture,eclipse,eruption,deep_ocean,,641790518,previews/studio/general/0374_architecture_eclipse_eruption_deep_ocean.jpg,wallpapers/studio/general/0374_architecture_eclipse_eruption_deep_ocean.jpg,63845,ok,"A single striking abstract artwork made as a mobile phone wallpaper. Vertical 9:16 mobile wallpaper, full-bleed edge to edge composition. The upper region of the frame is open and unadorned — atmosphere, gradient falloff or empty depth, no detail and no focal point there. The principal subject sits in the lower two thirds, weighted below centre and placed off the vertical axis. Clear depth across three planes: near, middle and far. No text, no letterforms, no numerals, no signature, no watermark, no logo, no border and no frame. Arches, columns, vaults, stairs, towers, passages and monumental geometric structures arranged with dramatic scale and depth. Strong backlighting, deep silhouettes, narrow brilliant rim light, extreme separation between darkness and radiance, with restrained atmospheric glow. Explosive outward movement, fragmented forms, dramatic displacement, extreme scale variation and dense controlled complexity radiating through the composition. Cobalt, teal and turquoise with tiny aqua highlights."
236,0236_botanical_twilight_stillness_ultraviolet.jpg,general,botanical,twilight,stillness,ultraviolet,,1549359137,,,,failed,"prediction failed: Model execution failed (User Input Error): AiError: AiError: NSFW content detected. Try running it again, or try a different prompt. (1d845a83-41f2-4f1c-b700-8026faa0de58)"
524,0524_mineral_dream_stillness_ultraviolet.jpg,general,mineral,dream,stillness,ultraviolet,,1522679973,previews/studio/general/0524_mineral_dream_stillness_ultraviolet.jpg,wallpapers/studio/general/0524_mineral_dream_stillness_ultraviolet.jpg,64318,ok,"A single striking abstract artwork made as a mobile phone wallpaper. Vertical 9:16 mobile wallpaper, full-bleed edge to edge composition. The upper region of the frame is open and unadorned — atmosphere, gradient falloff or empty depth, no detail and no focal point there. The principal subject sits in the lower two thirds, weighted below centre and placed off the vertical axis. Clear depth across three planes: near, middle and far. No text, no letterforms, no numerals, no signature, no watermark, no logo, no border and no frame. Crystals, geodes, stone, metallic ore, fractured rock, polished mineral surfaces and intricate geological structures. Soft diffused illumination, luminous haze, gentle tonal transitions, restrained contrast, subtle bloom and an ethereal atmospheric glow. Centered, balanced composition with generous negative space, minimal directional movement, simple large forms and a strong sense of visual stability. Saturated violet, magenta and electric blue against black."
237,0237_botanical_eclipse_drift_ultraviolet.jpg,general,botanical,eclipse,drift,ultraviolet,,2056311251,previews/studio/general/0237_botanical_eclipse_drift_ultraviolet.jpg,wallpapers/studio/general/0237_botanical_eclipse_drift_ultraviolet.jpg,2714,ok,"A single striking abstract artwork made as a mobile phone wallpaper. Vertical 9:16 mobile wallpaper, full-bleed edge to edge composition. The upper region of the frame is open and unadorned — atmosphere, gradient falloff or empty depth, no detail and no focal point there. The principal subject sits in the lower two thirds, weighted below centre and placed off the vertical axis. Clear depth across three planes: near, middle and far. No text, no letterforms, no numerals, no signature, no watermark, no logo, no border and no frame. Leaves, petals, vines, roots, branches, blossoms, seeds and intricate organic plant structures woven into layered compositions. Strong backlighting, deep silhouettes, narrow brilliant rim light, extreme separation between darkness and radiance, with restrained atmospheric glow. Gentle directional movement, softly displaced forms, subtle asymmetry and relaxed visual flow across the composition. Saturated violet, magenta and electric blue against black."
96,0096_ocean_inferno_eruption_solar.jpg,general,ocean,inferno,eruption,solar,,1443023528,previews/studio/general/0096_ocean_inferno_eruption_solar.jpg,wallpapers/studio/general/0096_ocean_inferno_eruption_solar.jpg,64760,ok,"A single striking abstract artwork made as a mobile phone wallpaper. Vertical 9:16 mobile wallpaper, full-bleed edge to edge composition. The upper region of the frame is open and unadorned — atmosphere, gradient falloff or empty depth, no detail and no focal point there. The principal subject sits in the lower two thirds, weighted below centre and placed off the vertical axis. Clear depth across three planes: near, middle and far. No text, no letterforms, no numerals, no signature, no watermark, no logo, no border and no frame. Deep water, waves, currents, suspended droplets, foam, bubbles, translucent depths and fluid underwater forms. Intense internal illumination, brilliant hot highlights, deep surrounding shadows, glowing atmospheric haze and aggressive high-contrast luminosity. Explosive outward movement, fragmented forms, dramatic displacement, extreme scale variation and dense controlled complexity radiating through the composition. Radiant gold, amber and warm ivory against deep bronze."
375,0375_architecture_midnight_stillness_deep_ocean.jpg,general,architecture,midnight,stillness,deep_ocean,,1148742632,previews/studio/general/0375_architecture_midnight_stillness_deep_ocean.jpg,wallpapers/studio/general/0375_architecture_midnight_stillness_deep_ocean.jpg,63747,ok,"A single striking abstract artwork made as a mobile phone wallpaper. Vertical 9:16 mobile wallpaper, full-bleed edge to edge composition. The upper region of the frame is open and unadorned — atmosphere, gradient falloff or empty depth, no detail and no focal point there. The principal subject sits in the lower two thirds, weighted below centre and placed off the vertical axis. Clear depth across three planes: near, middle and far. No text, no letterforms, no numerals, no signature, no watermark, no logo, no border and no frame. Arches, columns, vaults, stairs, towers, passages and monumental geometric structures arranged with dramatic scale and depth. Predominantly deep values, sparse concentrated illumination, rich shadows, isolated highlights and quiet low-light atmosphere. Centered, balanced composition with generous negative space, minimal directional movement, simple large forms and a strong sense of visual stability. Cobalt, teal and turquoise with tiny aqua highlights."
238,0238_botanical_midnight_flow_ultraviolet.jpg,general,botanical,midnight,flow,ultraviolet,,415779718,,,,failed,"prediction failed: Model execution failed (User Input Error): AiError: AiError: NSFW content detected. Try running it again, or try a different prompt. (87616c23-2736-45f4-8a0f-fdb88e07090b)"
525,0525_mineral_storm_drift_ultraviolet.jpg,general,mineral,storm,drift,ultraviolet,,2029632087,previews/studio/general/0525_mineral_storm_drift_ultraviolet.jpg,wallpapers/studio/general/0525_mineral_storm_drift_ultraviolet.jpg,63449,ok,"A single striking abstract artwork made as a mobile phone wallpaper. Vertical 9:16 mobile wallpaper, full-bleed edge to edge composition. The upper region of the frame is open and unadorned — atmosphere, gradient falloff or empty depth, no detail and no focal point there. The principal subject sits in the lower two thirds, weighted below centre and placed off the vertical axis. Clear depth across three planes: near, middle and far. No text, no letterforms, no numerals, no signature, no watermark, no logo, no border and no frame. Crystals, geodes, stone, metallic ore, fractured rock, polished mineral surfaces and intricate geological structures. Hard raking light through broken darkness, sharp highlights, deep shadows, high contrast and dense moisture-filled atmosphere. Gentle directional movement, softly displaced forms, subtle asymmetry and relaxed visual flow across the composition. Saturated violet, magenta and electric blue against black."
97,0097_ocean_dream_stillness_solar.jpg,general,ocean,dream,stillness,solar,,1949975642,previews/studio/general/0097_ocean_dream_stillness_solar.jpg,wallpapers/studio/general/0097_ocean_dream_stillness_solar.jpg,64956,ok,"A single striking abstract artwork made as a mobile phone wallpaper. Vertical 9:16 mobile wallpaper, full-bleed edge to edge composition. The upper region of the frame is open and unadorned — atmosphere, gradient falloff or empty depth, no detail and no focal point there. The principal subject sits in the lower two thirds, weighted below centre and placed off the vertical axis. Clear depth across three planes: near, middle and far. No text, no letterforms, no numerals, no signature, no watermark, no logo, no border and no frame. Deep water, waves, currents, suspended droplets, foam, bubbles, translucent depths and fluid underwater forms. Soft diffused illumination, luminous haze, gentle tonal transitions, restrained contrast, subtle bloom and an ethereal atmospheric glow. Centered, balanced composition with generous negative space, minimal directional movement, simple large forms and a strong sense of visual stability. Radiant gold, amber and warm ivory against deep bronze."
376,0376_architecture_inferno_drift_deep_ocean.jpg,general,architecture,inferno,drift,deep_ocean,,1655694746,previews/studio/general/0376_architecture_inferno_drift_deep_ocean.jpg,wallpapers/studio/general/0376_architecture_inferno_drift_deep_ocean.jpg,63849,ok,"A single striking abstract artwork made as a mobile phone wallpaper. Vertical 9:16 mobile wallpaper, full-bleed edge to edge composition. The upper region of the frame is open and unadorned — atmosphere, gradient falloff or empty depth, no detail and no focal point there. The principal subject sits in the lower two thirds, weighted below centre and placed off the vertical axis. Clear depth across three planes: near, middle and far. No text, no letterforms, no numerals, no signature, no watermark, no logo, no border and no frame. Arches, columns, vaults, stairs, towers, passages and monumental geometric structures arranged with dramatic scale and depth. Intense internal illumination, brilliant hot highlights, deep surrounding shadows, glowing atmospheric haze and aggressive high-contrast luminosity. Gentle directional movement, softly displaced forms, subtle asymmetry and relaxed visual flow across the composition. Cobalt, teal and turquoise with tiny aqua highlights."
239,0239_botanical_inferno_surge_ultraviolet.jpg,general,botanical,inferno,surge,ultraviolet,,922731832,,,,failed,"prediction failed: Model execution failed (User Input Error): AiError: AiError: NSFW content detected. Try running it again, or try a different prompt. (5cbd5380-2271-4276-94bd-5b45158078ea)"
526,0526_mineral_twilight_flow_ultraviolet.jpg,general,mineral,twilight,flow,ultraviolet,,389100554,previews/studio/general/0526_mineral_twilight_flow_ultraviolet.jpg,wallpapers/studio/general/0526_mineral_twilight_flow_ultraviolet.jpg,64684,ok,"A single striking abstract artwork made as a mobile phone wallpaper. Vertical 9:16 mobile wallpaper, full-bleed edge to edge composition. The upper region of the frame is open and unadorned — atmosphere, gradient falloff or empty depth, no detail and no focal point there. The principal subject sits in the lower two thirds, weighted below centre and placed off the vertical axis. Clear depth across three planes: near, middle and far. No text, no letterforms, no numerals, no signature, no watermark, no logo, no border and no frame. Crystals, geodes, stone, metallic ore, fractured rock, polished mineral surfaces and intricate geological structures. Low directional light, long soft shadows, subdued highlights, layered atmospheric haze and a gradual transition between luminous and dark values. Continuous sweeping movement, interconnected forms, graceful curves and clear directional pathways carrying the eye through the composition. Saturated violet, magenta and electric blue against black."
377,0377_architecture_dream_flow_deep_ocean.jpg,general,architecture,dream,flow,deep_ocean,,15163213,previews/studio/general/0377_architecture_dream_flow_deep_ocean.jpg,wallpapers/studio/general/0377_architecture_dream_flow_deep_ocean.jpg,64462,ok,"A single striking abstract artwork made as a mobile phone wallpaper. Vertical 9:16 mobile wallpaper, full-bleed edge to edge composition. The upper region of the frame is open and unadorned — atmosphere, gradient falloff or empty depth, no detail and no focal point there. The principal subject sits in the lower two thirds, weighted below centre and placed off the vertical axis. Clear depth across three planes: near, middle and far. No text, no letterforms, no numerals, no signature, no watermark, no logo, no border and no frame. Arches, columns, vaults, stairs, towers, passages and monumental geometric structures arranged with dramatic scale and depth. Soft diffused illumination, luminous haze, gentle tonal transitions, restrained contrast, subtle bloom and an ethereal atmospheric glow. Continuous sweeping movement, interconnected forms, graceful curves and clear directional pathways carrying the eye through the composition. Cobalt, teal and turquoise with tiny aqua highlights."
98,0098_ocean_storm_drift_solar.jpg,general,ocean,storm,drift,solar,,309444109,previews/studio/general/0098_ocean_storm_drift_solar.jpg,wallpapers/studio/general/0098_ocean_storm_drift_solar.jpg,64733,ok,"A single striking abstract artwork made as a mobile phone wallpaper. Vertical 9:16 mobile wallpaper, full-bleed edge to edge composition. The upper region of the frame is open and unadorned — atmosphere, gradient falloff or empty depth, no detail and no focal point there. The principal subject sits in the lower two thirds, weighted below centre and placed off the vertical axis. Clear depth across three planes: near, middle and far. No text, no letterforms, no numerals, no signature, no watermark, no logo, no border and no frame. Deep water, waves, currents, suspended droplets, foam, bubbles, translucent depths and fluid underwater forms. Hard raking light through broken darkness, sharp highlights, deep shadows, high contrast and dense moisture-filled atmosphere. Gentle directional movement, softly displaced forms, subtle asymmetry and relaxed visual flow across the composition. Radiant gold, amber and warm ivory against deep bronze."
527,0527_mineral_eclipse_surge_ultraviolet.jpg,general,mineral,eclipse,surge,ultraviolet,,896052668,previews/studio/general/0527_mineral_eclipse_surge_ultraviolet.jpg,wallpapers/studio/general/0527_mineral_eclipse_surge_ultraviolet.jpg,64179,ok,"A single striking abstract artwork made as a mobile phone wallpaper. Vertical 9:16 mobile wallpaper, full-bleed edge to edge composition. The upper region of the frame is open and unadorned — atmosphere, gradient falloff or empty depth, no detail and no focal point there. The principal subject sits in the lower two thirds, weighted below centre and placed off the vertical axis. Clear depth across three planes: near, middle and far. No text, no letterforms, no numerals, no signature, no watermark, no logo, no border and no frame. Crystals, geodes, stone, metallic ore, fractured rock, polished mineral surfaces and intricate geological structures. Strong backlighting, deep silhouettes, narrow brilliant rim light, extreme separation between darkness and radiance, with restrained atmospheric glow. Forceful directional movement, strong diagonals, overlapping forms, dynamic scale changes and pronounced visual momentum. Saturated violet, magenta and electric blue against black."
240,0240_botanical_storm_eruption_solar.jpg,general,botanical,storm,eruption,solar,,1429683946,previews/studio/general/0240_botanical_storm_eruption_solar.jpg,wallpapers/studio/general/0240_botanical_storm_eruption_solar.jpg,66798,ok,"A single striking abstract artwork made as a mobile phone wallpaper. Vertical 9:16 mobile wallpaper, full-bleed edge to edge composition. The upper region of the frame is open and unadorned — atmosphere, gradient falloff or empty depth, no detail and no focal point there. The principal subject sits in the lower two thirds, weighted below centre and placed off the vertical axis. Clear depth across three planes: near, middle and far. No text, no letterforms, no numerals, no signature, no watermark, no logo, no border and no frame. Leaves, petals, vines, roots, branches, blossoms, seeds and intricate organic plant structures woven into layered compositions. Hard raking light through broken darkness, sharp highlights, deep shadows, high contrast and dense moisture-filled atmosphere. Explosive outward movement, fragmented forms, dramatic displacement, extreme scale variation and dense controlled complexity radiating through the composition. Radiant gold, amber and warm ivory against deep bronze."
378,0378_architecture_twilight_surge_ultraviolet.jpg,general,architecture,twilight,surge,ultraviolet,,522115327,previews/studio/general/0378_architecture_twilight_surge_ultraviolet.jpg,wallpapers/studio/general/0378_architecture_twilight_surge_ultraviolet.jpg,63641,ok,"A single striking abstract artwork made as a mobile phone wallpaper. Vertical 9:16 mobile wallpaper, full-bleed edge to edge composition. The upper region of the frame is open and unadorned — atmosphere, gradient falloff or empty depth, no detail and no focal point there. The principal subject sits in the lower two thirds, weighted below centre and placed off the vertical axis. Clear depth across three planes: near, middle and far. No text, no letterforms, no numerals, no signature, no watermark, no logo, no border and no frame. Arches, columns, vaults, stairs, towers, passages and monumental geometric structures arranged with dramatic scale and depth. Low directional light, long soft shadows, subdued highlights, layered atmospheric haze and a gradual transition between luminous and dark values. Forceful directional movement, strong diagonals, overlapping forms, dynamic scale changes and pronounced visual momentum. Saturated violet, magenta and electric blue against black."
99,0099_ocean_twilight_flow_solar.jpg,general,ocean,twilight,flow,solar,,816396223,previews/studio/general/0099_ocean_twilight_flow_solar.jpg,wallpapers/studio/general/0099_ocean_twilight_flow_solar.jpg,63958,ok,"A single striking abstract artwork made as a mobile phone wallpaper. Vertical 9:16 mobile wallpaper, full-bleed edge to edge composition. The upper region of the frame is open and unadorned — atmosphere, gradient falloff or empty depth, no detail and no focal point there. The principal subject sits in the lower two thirds, weighted below centre and placed off the vertical axis. Clear depth across three planes: near, middle and far. No text, no letterforms, no numerals, no signature, no watermark, no logo, no border and no frame. Deep water, waves, currents, suspended droplets, foam, bubbles, translucent depths and fluid underwater forms. Low directional light, long soft shadows, subdued highlights, layered atmospheric haze and a gradual transition between luminous and dark values. Continuous sweeping movement, interconnected forms, graceful curves and clear directional pathways carrying the eye through the composition. Radiant gold, amber and warm ivory against deep bronze."
528,0528_mineral_inferno_eruption_solar.jpg,general,mineral,inferno,eruption,solar,,1403004782,previews/studio/general/0528_mineral_inferno_eruption_solar.jpg,wallpapers/studio/general/0528_mineral_inferno_eruption_solar.jpg,63980,ok,"A single striking abstract artwork made as a mobile phone wallpaper. Vertical 9:16 mobile wallpaper, full-bleed edge to edge composition. The upper region of the frame is open and unadorned — atmosphere, gradient falloff or empty depth, no detail and no focal point there. The principal subject sits in the lower two thirds, weighted below centre and placed off the vertical axis. Clear depth across three planes: near, middle and far. No text, no letterforms, no numerals, no signature, no watermark, no logo, no border and no frame. Crystals, geodes, stone, metallic ore, fractured rock, polished mineral surfaces and intricate geological structures. Intense internal illumination, brilliant hot highlights, deep surrounding shadows, glowing atmospheric haze and aggressive high-contrast luminosity. Explosive outward movement, fragmented forms, dramatic displacement, extreme scale variation and dense controlled complexity radiating through the composition. Radiant gold, amber and warm ivory against deep bronze."
241,0241_botanical_twilight_stillness_solar.jpg,general,botanical,twilight,stillness,solar,,1936636060,previews/studio/general/0241_botanical_twilight_stillness_solar.jpg,wallpapers/studio/general/0241_botanical_twilight_stillness_solar.jpg,64778,ok,"A single striking abstract artwork made as a mobile phone wallpaper. Vertical 9:16 mobile wallpaper, full-bleed edge to edge composition. The upper region of the frame is open and unadorned — atmosphere, gradient falloff or empty depth, no detail and no focal point there. The principal subject sits in the lower two thirds, weighted below centre and placed off the vertical axis. Clear depth across three planes: near, middle and far. No text, no letterforms, no numerals, no signature, no watermark, no logo, no border and no frame. Leaves, petals, vines, roots, branches, blossoms, seeds and intricate organic plant structures woven into layered compositions. Low directional light, long soft shadows, subdued highlights, layered atmospheric haze and a gradual transition between luminous and dark values. Centered, balanced composition with generous negative space, minimal directional movement, simple large forms and a strong sense of visual stability. Radiant gold, amber and warm ivory against deep bronze."
379,0379_architecture_eclipse_eruption_ultraviolet.jpg,general,architecture,eclipse,eruption,ultraviolet,,1029067441,previews/studio/general/0379_architecture_eclipse_eruption_ultraviolet.jpg,wallpapers/studio/general/0379_architecture_eclipse_eruption_ultraviolet.jpg,64247,ok,"A single striking abstract artwork made as a mobile phone wallpaper. Vertical 9:16 mobile wallpaper, full-bleed edge to edge composition. The upper region of the frame is open and unadorned — atmosphere, gradient falloff or empty depth, no detail and no focal point there. The principal subject sits in the lower two thirds, weighted below centre and placed off the vertical axis. Clear depth across three planes: near, middle and far. No text, no letterforms, no numerals, no signature, no watermark, no logo, no border and no frame. Arches, columns, vaults, stairs, towers, passages and monumental geometric structures arranged with dramatic scale and depth. Strong backlighting, deep silhouettes, narrow brilliant rim light, extreme separation between darkness and radiance, with restrained atmospheric glow. Explosive outward movement, fragmented forms, dramatic displacement, extreme scale variation and dense controlled complexity radiating through the composition. Saturated violet, magenta and electric blue against black."
100,0100_ocean_eclipse_surge_solar.jpg,general,ocean,eclipse,surge,solar,,1323348337,previews/studio/general/0100_ocean_eclipse_surge_solar.jpg,wallpapers/studio/general/0100_ocean_eclipse_surge_solar.jpg,64624,ok,"A single striking abstract artwork made as a mobile phone wallpaper. Vertical 9:16 mobile wallpaper, full-bleed edge to edge composition. The upper region of the frame is open and unadorned — atmosphere, gradient falloff or empty depth, no detail and no focal point there. The principal subject sits in the lower two thirds, weighted below centre and placed off the vertical axis. Clear depth across three planes: near, middle and far. No text, no letterforms, no numerals, no signature, no watermark, no logo, no border and no frame. Deep water, waves, currents, suspended droplets, foam, bubbles, translucent depths and fluid underwater forms. Strong backlighting, deep silhouettes, narrow brilliant rim light, extreme separation between darkness and radiance, with restrained atmospheric glow. Forceful directional movement, strong diagonals, overlapping forms, dynamic scale changes and pronounced visual momentum. Radiant gold, amber and warm ivory against deep bronze."
242,0242_botanical_eclipse_drift_solar.jpg,general,botanical,eclipse,drift,solar,,296104527,previews/studio/general/0242_botanical_eclipse_drift_solar.jpg,wallpapers/studio/general/0242_botanical_eclipse_drift_solar.jpg,63921,ok,"A single striking abstract artwork made as a mobile phone wallpaper. Vertical 9:16 mobile wallpaper, full-bleed edge to edge composition. The upper region of the frame is open and unadorned — atmosphere, gradient falloff or empty depth, no detail and no focal point there. The principal subject sits in the lower two thirds, weighted below centre and placed off the vertical axis. Clear depth across three planes: near, middle and far. No text, no letterforms, no numerals, no signature, no watermark, no logo, no border and no frame. Leaves, petals, vines, roots, branches, blossoms, seeds and intricate organic plant structures woven into layered compositions. Strong backlighting, deep silhouettes, narrow brilliant rim light, extreme separation between darkness and radiance, with restrained atmospheric glow. Gentle directional movement, softly displaced forms, subtle asymmetry and relaxed visual flow across the composition. Radiant gold, amber and warm ivory against deep bronze."
529,0529_mineral_dream_stillness_solar.jpg,general,mineral,dream,stillness,solar,,1909956896,,,,failed,"flux timed out -- status=starting"
380,0380_architecture_midnight_stillness_ultraviolet.jpg,general,architecture,midnight,stillness,ultraviolet,,1536019555,previews/studio/general/0380_architecture_midnight_stillness_ultraviolet.jpg,wallpapers/studio/general/0380_architecture_midnight_stillness_ultraviolet.jpg,64339,ok,"A single striking abstract artwork made as a mobile phone wallpaper. Vertical 9:16 mobile wallpaper, full-bleed edge to edge composition. The upper region of the frame is open and unadorned — atmosphere, gradient falloff or empty depth, no detail and no focal point there. The principal subject sits in the lower two thirds, weighted below centre and placed off the vertical axis. Clear depth across three planes: near, middle and far. No text, no letterforms, no numerals, no signature, no watermark, no logo, no border and no frame. Arches, columns, vaults, stairs, towers, passages and monumental geometric structures arranged with dramatic scale and depth. Predominantly deep values, sparse concentrated illumination, rich shadows, isolated highlights and quiet low-light atmosphere. Centered, balanced composition with generous negative space, minimal directional movement, simple large forms and a strong sense of visual stability. Saturated violet, magenta and electric blue against black."
243,0243_botanical_midnight_flow_solar.jpg,general,botanical,midnight,flow,solar,,803056641,previews/studio/general/0243_botanical_midnight_flow_solar.jpg,wallpapers/studio/general/0243_botanical_midnight_flow_solar.jpg,65240,ok,"A single striking abstract artwork made as a mobile phone wallpaper. Vertical 9:16 mobile wallpaper, full-bleed edge to edge composition. The upper region of the frame is open and unadorned — atmosphere, gradient falloff or empty depth, no detail and no focal point there. The principal subject sits in the lower two thirds, weighted below centre and placed off the vertical axis. Clear depth across three planes: near, middle and far. No text, no letterforms, no numerals, no signature, no watermark, no logo, no border and no frame. Leaves, petals, vines, roots, branches, blossoms, seeds and intricate organic plant structures woven into layered compositions. Predominantly deep values, sparse concentrated illumination, rich shadows, isolated highlights and quiet low-light atmosphere. Continuous sweeping movement, interconnected forms, graceful curves and clear directional pathways carrying the eye through the composition. Radiant gold, amber and warm ivory against deep bronze."
101,0101_ocean_midnight_eruption_solar.jpg,general,ocean,midnight,eruption,solar,,1830300451,,,,failed,"flux timed out -- status=starting"
530,0530_mineral_storm_drift_solar.jpg,general,mineral,storm,drift,solar,,269425363,previews/studio/general/0530_mineral_storm_drift_solar.jpg,wallpapers/studio/general/0530_mineral_storm_drift_solar.jpg,64971,ok,"A single striking abstract artwork made as a mobile phone wallpaper. Vertical 9:16 mobile wallpaper, full-bleed edge to edge composition. The upper region of the frame is open and unadorned — atmosphere, gradient falloff or empty depth, no detail and no focal point there. The principal subject sits in the lower two thirds, weighted below centre and placed off the vertical axis. Clear depth across three planes: near, middle and far. No text, no letterforms, no numerals, no signature, no watermark, no logo, no border and no frame. Crystals, geodes, stone, metallic ore, fractured rock, polished mineral surfaces and intricate geological structures. Hard raking light through broken darkness, sharp highlights, deep shadows, high contrast and dense moisture-filled atmosphere. Gentle directional movement, softly displaced forms, subtle asymmetry and relaxed visual flow across the composition. Radiant gold, amber and warm ivory against deep bronze."
381,0381_architecture_inferno_drift_ultraviolet.jpg,general,architecture,inferno,drift,ultraviolet,,2042971669,previews/studio/general/0381_architecture_inferno_drift_ultraviolet.jpg,wallpapers/studio/general/0381_architecture_inferno_drift_ultraviolet.jpg,64195,ok,"A single striking abstract artwork made as a mobile phone wallpaper. Vertical 9:16 mobile wallpaper, full-bleed edge to edge composition. The upper region of the frame is open and unadorned — atmosphere, gradient falloff or empty depth, no detail and no focal point there. The principal subject sits in the lower two thirds, weighted below centre and placed off the vertical axis. Clear depth across three planes: near, middle and far. No text, no letterforms, no numerals, no signature, no watermark, no logo, no border and no frame. Arches, columns, vaults, stairs, towers, passages and monumental geometric structures arranged with dramatic scale and depth. Intense internal illumination, brilliant hot highlights, deep surrounding shadows, glowing atmospheric haze and aggressive high-contrast luminosity. Gentle directional movement, softly displaced forms, subtle asymmetry and relaxed visual flow across the composition. Saturated violet, magenta and electric blue against black."
244,0244_botanical_inferno_surge_solar.jpg,general,botanical,inferno,surge,solar,,1310008755,previews/studio/general/0244_botanical_inferno_surge_solar.jpg,wallpapers/studio/general/0244_botanical_inferno_surge_solar.jpg,64251,ok,"A single striking abstract artwork made as a mobile phone wallpaper. Vertical 9:16 mobile wallpaper, full-bleed edge to edge composition. The upper region of the frame is open and unadorned — atmosphere, gradient falloff or empty depth, no detail and no focal point there. The principal subject sits in the lower two thirds, weighted below centre and placed off the vertical axis. Clear depth across three planes: near, middle and far. No text, no letterforms, no numerals, no signature, no watermark, no logo, no border and no frame. Leaves, petals, vines, roots, branches, blossoms, seeds and intricate organic plant structures woven into layered compositions. Intense internal illumination, brilliant hot highlights, deep surrounding shadows, glowing atmospheric haze and aggressive high-contrast luminosity. Forceful directional movement, strong diagonals, overlapping forms, dynamic scale changes and pronounced visual momentum. Radiant gold, amber and warm ivory against deep bronze."
102,0102_ocean_dream_stillness_neon_noir.jpg,general,ocean,dream,stillness,neon_noir,,189768918,previews/studio/general/0102_ocean_dream_stillness_neon_noir.jpg,wallpapers/studio/general/0102_ocean_dream_stillness_neon_noir.jpg,63963,ok,"A single striking abstract artwork made as a mobile phone wallpaper. Vertical 9:16 mobile wallpaper, full-bleed edge to edge composition. The upper region of the frame is open and unadorned — atmosphere, gradient falloff or empty depth, no detail and no focal point there. The principal subject sits in the lower two thirds, weighted below centre and placed off the vertical axis. Clear depth across three planes: near, middle and far. No text, no letterforms, no numerals, no signature, no watermark, no logo, no border and no frame. Deep water, waves, currents, suspended droplets, foam, bubbles, translucent depths and fluid underwater forms. Soft diffused illumination, luminous haze, gentle tonal transitions, restrained contrast, subtle bloom and an ethereal atmospheric glow. Centered, balanced composition with generous negative space, minimal directional movement, simple large forms and a strong sense of visual stability. Hot magenta, cyan and violet against near-black."
531,0531_mineral_twilight_flow_solar.jpg,general,mineral,twilight,flow,solar,,776377477,,,,failed,"flux timed out -- status=starting"
382,0382_architecture_dream_flow_ultraviolet.jpg,general,architecture,dream,flow,ultraviolet,,402440136,previews/studio/general/0382_architecture_dream_flow_ultraviolet.jpg,wallpapers/studio/general/0382_architecture_dream_flow_ultraviolet.jpg,64201,ok,"A single striking abstract artwork made as a mobile phone wallpaper. Vertical 9:16 mobile wallpaper, full-bleed edge to edge composition. The upper region of the frame is open and unadorned — atmosphere, gradient falloff or empty depth, no detail and no focal point there. The principal subject sits in the lower two thirds, weighted below centre and placed off the vertical axis. Clear depth across three planes: near, middle and far. No text, no letterforms, no numerals, no signature, no watermark, no logo, no border and no frame. Arches, columns, vaults, stairs, towers, passages and monumental geometric structures arranged with dramatic scale and depth. Soft diffused illumination, luminous haze, gentle tonal transitions, restrained contrast, subtle bloom and an ethereal atmospheric glow. Continuous sweeping movement, interconnected forms, graceful curves and clear directional pathways carrying the eye through the composition. Saturated violet, magenta and electric blue against black."
245,0245_botanical_dream_eruption_solar.jpg,general,botanical,dream,eruption,solar,,1816960869,previews/studio/general/0245_botanical_dream_eruption_solar.jpg,wallpapers/studio/general/0245_botanical_dream_eruption_solar.jpg,63967,ok,"A single striking abstract artwork made as a mobile phone wallpaper. Vertical 9:16 mobile wallpaper, full-bleed edge to edge composition. The upper region of the frame is open and unadorned — atmosphere, gradient falloff or empty depth, no detail and no focal point there. The principal subject sits in the lower two thirds, weighted below centre and placed off the vertical axis. Clear depth across three planes: near, middle and far. No text, no letterforms, no numerals, no signature, no watermark, no logo, no border and no frame. Leaves, petals, vines, roots, branches, blossoms, seeds and intricate organic plant structures woven into layered compositions. Soft diffused illumination, luminous haze, gentle tonal transitions, restrained contrast, subtle bloom and an ethereal atmospheric glow. Explosive outward movement, fragmented forms, dramatic displacement, extreme scale variation and dense controlled complexity radiating through the composition. Radiant gold, amber and warm ivory against deep bronze."
103,0103_ocean_storm_drift_neon_noir.jpg,general,ocean,storm,drift,neon_noir,,696721032,previews/studio/general/0103_ocean_storm_drift_neon_noir.jpg,wallpapers/studio/general/0103_ocean_storm_drift_neon_noir.jpg,63908,ok,"A single striking abstract artwork made as a mobile phone wallpaper. Vertical 9:16 mobile wallpaper, full-bleed edge to edge composition. The upper region of the frame is open and unadorned — atmosphere, gradient falloff or empty depth, no detail and no focal point there. The principal subject sits in the lower two thirds, weighted below centre and placed off the vertical axis. Clear depth across three planes: near, middle and far. No text, no letterforms, no numerals, no signature, no watermark, no logo, no border and no frame. Deep water, waves, currents, suspended droplets, foam, bubbles, translucent depths and fluid underwater forms. Hard raking light through broken darkness, sharp highlights, deep shadows, high contrast and dense moisture-filled atmosphere. Gentle directional movement, softly displaced forms, subtle asymmetry and relaxed visual flow across the composition. Hot magenta, cyan and violet against near-black."
104,0104_ocean_twilight_flow_neon_noir.jpg,general,ocean,twilight,flow,neon_noir,,1203673146,previews/studio/general/0104_ocean_twilight_flow_neon_noir.jpg,wallpapers/studio/general/0104_ocean_twilight_flow_neon_noir.jpg,5057,ok,"A single striking abstract artwork made as a mobile phone wallpaper. Vertical 9:16 mobile wallpaper, full-bleed edge to edge composition. The upper region of the frame is open and unadorned — atmosphere, gradient falloff or empty depth, no detail and no focal point there. The principal subject sits in the lower two thirds, weighted below centre and placed off the vertical axis. Clear depth across three planes: near, middle and far. No text, no letterforms, no numerals, no signature, no watermark, no logo, no border and no frame. Deep water, waves, currents, suspended droplets, foam, bubbles, translucent depths and fluid underwater forms. Low directional light, long soft shadows, subdued highlights, layered atmospheric haze and a gradual transition between luminous and dark values. Continuous sweeping movement, interconnected forms, graceful curves and clear directional pathways carrying the eye through the composition. Hot magenta, cyan and violet against near-black."
532,0532_mineral_eclipse_surge_solar.jpg,general,mineral,eclipse,surge,solar,,1283329591,previews/studio/general/0532_mineral_eclipse_surge_solar.jpg,wallpapers/studio/general/0532_mineral_eclipse_surge_solar.jpg,65775,ok,"A single striking abstract artwork made as a mobile phone wallpaper. Vertical 9:16 mobile wallpaper, full-bleed edge to edge composition. The upper region of the frame is open and unadorned — atmosphere, gradient falloff or empty depth, no detail and no focal point there. The principal subject sits in the lower two thirds, weighted below centre and placed off the vertical axis. Clear depth across three planes: near, middle and far. No text, no letterforms, no numerals, no signature, no watermark, no logo, no border and no frame. Crystals, geodes, stone, metallic ore, fractured rock, polished mineral surfaces and intricate geological structures. Strong backlighting, deep silhouettes, narrow brilliant rim light, extreme separation between darkness and radiance, with restrained atmospheric glow. Forceful directional movement, strong diagonals, overlapping forms, dynamic scale changes and pronounced visual momentum. Radiant gold, amber and warm ivory against deep bronze."
383,0383_architecture_storm_surge_ultraviolet.jpg,general,architecture,storm,surge,ultraviolet,,909392250,previews/studio/general/0383_architecture_storm_surge_ultraviolet.jpg,wallpapers/studio/general/0383_architecture_storm_surge_ultraviolet.jpg,64371,ok,"A single striking abstract artwork made as a mobile phone wallpaper. Vertical 9:16 mobile wallpaper, full-bleed edge to edge composition. The upper region of the frame is open and unadorned — atmosphere, gradient falloff or empty depth, no detail and no focal point there. The principal subject sits in the lower two thirds, weighted below centre and placed off the vertical axis. Clear depth across three planes: near, middle and far. No text, no letterforms, no numerals, no signature, no watermark, no logo, no border and no frame. Arches, columns, vaults, stairs, towers, passages and monumental geometric structures arranged with dramatic scale and depth. Hard raking light through broken darkness, sharp highlights, deep shadows, high contrast and dense moisture-filled atmosphere. Forceful directional movement, strong diagonals, overlapping forms, dynamic scale changes and pronounced visual momentum. Saturated violet, magenta and electric blue against black."
384,0384_architecture_eclipse_eruption_solar.jpg,general,architecture,eclipse,eruption,solar,,1416344364,previews/studio/general/0384_architecture_eclipse_eruption_solar.jpg,wallpapers/studio/general/0384_architecture_eclipse_eruption_solar.jpg,5441,ok,"A single striking abstract artwork made as a mobile phone wallpaper. Vertical 9:16 mobile wallpaper, full-bleed edge to edge composition. The upper region of the frame is open and unadorned — atmosphere, gradient falloff or empty depth, no detail and no focal point there. The principal subject sits in the lower two thirds, weighted below centre and placed off the vertical axis. Clear depth across three planes: near, middle and far. No text, no letterforms, no numerals, no signature, no watermark, no logo, no border and no frame. Arches, columns, vaults, stairs, towers, passages and monumental geometric structures arranged with dramatic scale and depth. Strong backlighting, deep silhouettes, narrow brilliant rim light, extreme separation between darkness and radiance, with restrained atmospheric glow. Explosive outward movement, fragmented forms, dramatic displacement, extreme scale variation and dense controlled complexity radiating through the composition. Radiant gold, amber and warm ivory against deep bronze."
246,0246_botanical_twilight_stillness_neon_noir.jpg,general,botanical,twilight,stillness,neon_noir,,176429336,previews/studio/general/0246_botanical_twilight_stillness_neon_noir.jpg,wallpapers/studio/general/0246_botanical_twilight_stillness_neon_noir.jpg,64261,ok,"A single striking abstract artwork made as a mobile phone wallpaper. Vertical 9:16 mobile wallpaper, full-bleed edge to edge composition. The upper region of the frame is open and unadorned — atmosphere, gradient falloff or empty depth, no detail and no focal point there. The principal subject sits in the lower two thirds, weighted below centre and placed off the vertical axis. Clear depth across three planes: near, middle and far. No text, no letterforms, no numerals, no signature, no watermark, no logo, no border and no frame. Leaves, petals, vines, roots, branches, blossoms, seeds and intricate organic plant structures woven into layered compositions. Low directional light, long soft shadows, subdued highlights, layered atmospheric haze and a gradual transition between luminous and dark values. Centered, balanced composition with generous negative space, minimal directional movement, simple large forms and a strong sense of visual stability. Hot magenta, cyan and violet against near-black."
105,0105_ocean_eclipse_surge_neon_noir.jpg,general,ocean,eclipse,surge,neon_noir,,1710625260,previews/studio/general/0105_ocean_eclipse_surge_neon_noir.jpg,wallpapers/studio/general/0105_ocean_eclipse_surge_neon_noir.jpg,63829,ok,"A single striking abstract artwork made as a mobile phone wallpaper. Vertical 9:16 mobile wallpaper, full-bleed edge to edge composition. The upper region of the frame is open and unadorned — atmosphere, gradient falloff or empty depth, no detail and no focal point there. The principal subject sits in the lower two thirds, weighted below centre and placed off the vertical axis. Clear depth across three planes: near, middle and far. No text, no letterforms, no numerals, no signature, no watermark, no logo, no border and no frame. Deep water, waves, currents, suspended droplets, foam, bubbles, translucent depths and fluid underwater forms. Strong backlighting, deep silhouettes, narrow brilliant rim light, extreme separation between darkness and radiance, with restrained atmospheric glow. Forceful directional movement, strong diagonals, overlapping forms, dynamic scale changes and pronounced visual momentum. Hot magenta, cyan and violet against near-black."
533,0533_mineral_midnight_eruption_solar.jpg,general,mineral,midnight,eruption,solar,,1790281705,previews/studio/general/0533_mineral_midnight_eruption_solar.jpg,wallpapers/studio/general/0533_mineral_midnight_eruption_solar.jpg,64229,ok,"A single striking abstract artwork made as a mobile phone wallpaper. Vertical 9:16 mobile wallpaper, full-bleed edge to edge composition. The upper region of the frame is open and unadorned — atmosphere, gradient falloff or empty depth, no detail and no focal point there. The principal subject sits in the lower two thirds, weighted below centre and placed off the vertical axis. Clear depth across three planes: near, middle and far. No text, no letterforms, no numerals, no signature, no watermark, no logo, no border and no frame. Crystals, geodes, stone, metallic ore, fractured rock, polished mineral surfaces and intricate geological structures. Predominantly deep values, sparse concentrated illumination, rich shadows, isolated highlights and quiet low-light atmosphere. Explosive outward movement, fragmented forms, dramatic displacement, extreme scale variation and dense controlled complexity radiating through the composition. Radiant gold, amber and warm ivory against deep bronze."
385,0385_architecture_midnight_stillness_solar.jpg,general,architecture,midnight,stillness,solar,,1923296478,previews/studio/general/0385_architecture_midnight_stillness_solar.jpg,wallpapers/studio/general/0385_architecture_midnight_stillness_solar.jpg,64630,ok,"A single striking abstract artwork made as a mobile phone wallpaper. Vertical 9:16 mobile wallpaper, full-bleed edge to edge composition. The upper region of the frame is open and unadorned — atmosphere, gradient falloff or empty depth, no detail and no focal point there. The principal subject sits in the lower two thirds, weighted below centre and placed off the vertical axis. Clear depth across three planes: near, middle and far. No text, no letterforms, no numerals, no signature, no watermark, no logo, no border and no frame. Arches, columns, vaults, stairs, towers, passages and monumental geometric structures arranged with dramatic scale and depth. Predominantly deep values, sparse concentrated illumination, rich shadows, isolated highlights and quiet low-light atmosphere. Centered, balanced composition with generous negative space, minimal directional movement, simple large forms and a strong sense of visual stability. Radiant gold, amber and warm ivory against deep bronze."
247,0247_botanical_eclipse_drift_neon_noir.jpg,general,botanical,eclipse,drift,neon_noir,,683381450,,,,failed,"prediction failed: Model execution failed (User Input Error): AiError: AiError: NSFW content detected. Try running it again, or try a different prompt. (f7e76c91-4078-46ef-8c78-fc62bc09c83b)"
248,0248_botanical_midnight_flow_neon_noir.jpg,general,botanical,midnight,flow,neon_noir,,1190333564,previews/studio/general/0248_botanical_midnight_flow_neon_noir.jpg,wallpapers/studio/general/0248_botanical_midnight_flow_neon_noir.jpg,2614,ok,"A single striking abstract artwork made as a mobile phone wallpaper. Vertical 9:16 mobile wallpaper, full-bleed edge to edge composition. The upper region of the frame is open and unadorned — atmosphere, gradient falloff or empty depth, no detail and no focal point there. The principal subject sits in the lower two thirds, weighted below centre and placed off the vertical axis. Clear depth across three planes: near, middle and far. No text, no letterforms, no numerals, no signature, no watermark, no logo, no border and no frame. Leaves, petals, vines, roots, branches, blossoms, seeds and intricate organic plant structures woven into layered compositions. Predominantly deep values, sparse concentrated illumination, rich shadows, isolated highlights and quiet low-light atmosphere. Continuous sweeping movement, interconnected forms, graceful curves and clear directional pathways carrying the eye through the composition. Hot magenta, cyan and violet against near-black."
106,0106_ocean_midnight_eruption_neon_noir.jpg,general,ocean,midnight,eruption,neon_noir,,70093727,previews/studio/general/0106_ocean_midnight_eruption_neon_noir.jpg,wallpapers/studio/general/0106_ocean_midnight_eruption_neon_noir.jpg,64225,ok,"A single striking abstract artwork made as a mobile phone wallpaper. Vertical 9:16 mobile wallpaper, full-bleed edge to edge composition. The upper region of the frame is open and unadorned — atmosphere, gradient falloff or empty depth, no detail and no focal point there. The principal subject sits in the lower two thirds, weighted below centre and placed off the vertical axis. Clear depth across three planes: near, middle and far. No text, no letterforms, no numerals, no signature, no watermark, no logo, no border and no frame. Deep water, waves, currents, suspended droplets, foam, bubbles, translucent depths and fluid underwater forms. Predominantly deep values, sparse concentrated illumination, rich shadows, isolated highlights and quiet low-light atmosphere. Explosive outward movement, fragmented forms, dramatic displacement, extreme scale variation and dense controlled complexity radiating through the composition. Hot magenta, cyan and violet against near-black."
107,0107_ocean_inferno_stillness_neon_noir.jpg,general,ocean,inferno,stillness,neon_noir,,577045841,previews/studio/general/0107_ocean_inferno_stillness_neon_noir.jpg,wallpapers/studio/general/0107_ocean_inferno_stillness_neon_noir.jpg,2314,ok,"A single striking abstract artwork made as a mobile phone wallpaper. Vertical 9:16 mobile wallpaper, full-bleed edge to edge composition. The upper region of the frame is open and unadorned — atmosphere, gradient falloff or empty depth, no detail and no focal point there. The principal subject sits in the lower two thirds, weighted below centre and placed off the vertical axis. Clear depth across three planes: near, middle and far. No text, no letterforms, no numerals, no signature, no watermark, no logo, no border and no frame. Deep water, waves, currents, suspended droplets, foam, bubbles, translucent depths and fluid underwater forms. Intense internal illumination, brilliant hot highlights, deep surrounding shadows, glowing atmospheric haze and aggressive high-contrast luminosity. Centered, balanced composition with generous negative space, minimal directional movement, simple large forms and a strong sense of visual stability. Hot magenta, cyan and violet against near-black."
534,0534_mineral_dream_stillness_neon_noir.jpg,general,mineral,dream,stillness,neon_noir,,149750172,previews/studio/general/0534_mineral_dream_stillness_neon_noir.jpg,wallpapers/studio/general/0534_mineral_dream_stillness_neon_noir.jpg,64022,ok,"A single striking abstract artwork made as a mobile phone wallpaper. Vertical 9:16 mobile wallpaper, full-bleed edge to edge composition. The upper region of the frame is open and unadorned — atmosphere, gradient falloff or empty depth, no detail and no focal point there. The principal subject sits in the lower two thirds, weighted below centre and placed off the vertical axis. Clear depth across three planes: near, middle and far. No text, no letterforms, no numerals, no signature, no watermark, no logo, no border and no frame. Crystals, geodes, stone, metallic ore, fractured rock, polished mineral surfaces and intricate geological structures. Soft diffused illumination, luminous haze, gentle tonal transitions, restrained contrast, subtle bloom and an ethereal atmospheric glow. Centered, balanced composition with generous negative space, minimal directional movement, simple large forms and a strong sense of visual stability. Hot magenta, cyan and violet against near-black."
386,0386_architecture_inferno_drift_solar.jpg,general,architecture,inferno,drift,solar,,282764945,previews/studio/general/0386_architecture_inferno_drift_solar.jpg,wallpapers/studio/general/0386_architecture_inferno_drift_solar.jpg,64443,ok,"A single striking abstract artwork made as a mobile phone wallpaper. Vertical 9:16 mobile wallpaper, full-bleed edge to edge composition. The upper region of the frame is open and unadorned — atmosphere, gradient falloff or empty depth, no detail and no focal point there. The principal subject sits in the lower two thirds, weighted below centre and placed off the vertical axis. Clear depth across three planes: near, middle and far. No text, no letterforms, no numerals, no signature, no watermark, no logo, no border and no frame. Arches, columns, vaults, stairs, towers, passages and monumental geometric structures arranged with dramatic scale and depth. Intense internal illumination, brilliant hot highlights, deep surrounding shadows, glowing atmospheric haze and aggressive high-contrast luminosity. Gentle directional movement, softly displaced forms, subtle asymmetry and relaxed visual flow across the composition. Radiant gold, amber and warm ivory against deep bronze."
249,0249_botanical_inferno_surge_neon_noir.jpg,general,botanical,inferno,surge,neon_noir,,1697285678,,,,failed,"prediction failed: Model execution failed (User Input Error): AiError: AiError: NSFW content detected. Try running it again, or try a different prompt. (a51709ce-1e01-4ca7-b140-d17248b29298)"
108,0108_ocean_storm_drift_emerald.jpg,general,ocean,storm,drift,emerald,,1083997955,previews/studio/general/0108_ocean_storm_drift_emerald.jpg,wallpapers/studio/general/0108_ocean_storm_drift_emerald.jpg,63614,ok,"A single striking abstract artwork made as a mobile phone wallpaper. Vertical 9:16 mobile wallpaper, full-bleed edge to edge composition. The upper region of the frame is open and unadorned — atmosphere, gradient falloff or empty depth, no detail and no focal point there. The principal subject sits in the lower two thirds, weighted below centre and placed off the vertical axis. Clear depth across three planes: near, middle and far. No text, no letterforms, no numerals, no signature, no watermark, no logo, no border and no frame. Deep water, waves, currents, suspended droplets, foam, bubbles, translucent depths and fluid underwater forms. Hard raking light through broken darkness, sharp highlights, deep shadows, high contrast and dense moisture-filled atmosphere. Gentle directional movement, softly displaced forms, subtle asymmetry and relaxed visual flow across the composition. Deep forest, emerald and jade with luminous chartreuse accents."
535,0535_mineral_storm_drift_neon_noir.jpg,general,mineral,storm,drift,neon_noir,,656702286,previews/studio/general/0535_mineral_storm_drift_neon_noir.jpg,wallpapers/studio/general/0535_mineral_storm_drift_neon_noir.jpg,63804,ok,"A single striking abstract artwork made as a mobile phone wallpaper. Vertical 9:16 mobile wallpaper, full-bleed edge to edge composition. The upper region of the frame is open and unadorned — atmosphere, gradient falloff or empty depth, no detail and no focal point there. The principal subject sits in the lower two thirds, weighted below centre and placed off the vertical axis. Clear depth across three planes: near, middle and far. No text, no letterforms, no numerals, no signature, no watermark, no logo, no border and no frame. Crystals, geodes, stone, metallic ore, fractured rock, polished mineral surfaces and intricate geological structures. Hard raking light through broken darkness, sharp highlights, deep shadows, high contrast and dense moisture-filled atmosphere. Gentle directional movement, softly displaced forms, subtle asymmetry and relaxed visual flow across the composition. Hot magenta, cyan and violet against near-black."
387,0387_architecture_dream_flow_solar.jpg,general,architecture,dream,flow,solar,,789717059,previews/studio/general/0387_architecture_dream_flow_solar.jpg,wallpapers/studio/general/0387_architecture_dream_flow_solar.jpg,65296,ok,"A single striking abstract artwork made as a mobile phone wallpaper. Vertical 9:16 mobile wallpaper, full-bleed edge to edge composition. The upper region of the frame is open and unadorned — atmosphere, gradient falloff or empty depth, no detail and no focal point there. The principal subject sits in the lower two thirds, weighted below centre and placed off the vertical axis. Clear depth across three planes: near, middle and far. No text, no letterforms, no numerals, no signature, no watermark, no logo, no border and no frame. Arches, columns, vaults, stairs, towers, passages and monumental geometric structures arranged with dramatic scale and depth. Soft diffused illumination, luminous haze, gentle tonal transitions, restrained contrast, subtle bloom and an ethereal atmospheric glow. Continuous sweeping movement, interconnected forms, graceful curves and clear directional pathways carrying the eye through the composition. Radiant gold, amber and warm ivory against deep bronze."
250,0250_botanical_dream_eruption_neon_noir.jpg,general,botanical,dream,eruption,neon_noir,,56754145,previews/studio/general/0250_botanical_dream_eruption_neon_noir.jpg,wallpapers/studio/general/0250_botanical_dream_eruption_neon_noir.jpg,64386,ok,"A single striking abstract artwork made as a mobile phone wallpaper. Vertical 9:16 mobile wallpaper, full-bleed edge to edge composition. The upper region of the frame is open and unadorned — atmosphere, gradient falloff or empty depth, no detail and no focal point there. The principal subject sits in the lower two thirds, weighted below centre and placed off the vertical axis. Clear depth across three planes: near, middle and far. No text, no letterforms, no numerals, no signature, no watermark, no logo, no border and no frame. Leaves, petals, vines, roots, branches, blossoms, seeds and intricate organic plant structures woven into layered compositions. Soft diffused illumination, luminous haze, gentle tonal transitions, restrained contrast, subtle bloom and an ethereal atmospheric glow. Explosive outward movement, fragmented forms, dramatic displacement, extreme scale variation and dense controlled complexity radiating through the composition. Hot magenta, cyan and violet against near-black."
251,0251_botanical_storm_stillness_neon_noir.jpg,general,botanical,storm,stillness,neon_noir,,563706259,previews/studio/general/0251_botanical_storm_stillness_neon_noir.jpg,wallpapers/studio/general/0251_botanical_storm_stillness_neon_noir.jpg,2233,ok,"A single striking abstract artwork made as a mobile phone wallpaper. Vertical 9:16 mobile wallpaper, full-bleed edge to edge composition. The upper region of the frame is open and unadorned — atmosphere, gradient falloff or empty depth, no detail and no focal point there. The principal subject sits in the lower two thirds, weighted below centre and placed off the vertical axis. Clear depth across three planes: near, middle and far. No text, no letterforms, no numerals, no signature, no watermark, no logo, no border and no frame. Leaves, petals, vines, roots, branches, blossoms, seeds and intricate organic plant structures woven into layered compositions. Hard raking light through broken darkness, sharp highlights, deep shadows, high contrast and dense moisture-filled atmosphere. Centered, balanced composition with generous negative space, minimal directional movement, simple large forms and a strong sense of visual stability. Hot magenta, cyan and violet against near-black."
109,0109_ocean_twilight_flow_emerald.jpg,general,ocean,twilight,flow,emerald,,1590950069,previews/studio/general/0109_ocean_twilight_flow_emerald.jpg,wallpapers/studio/general/0109_ocean_twilight_flow_emerald.jpg,63719,ok,"A single striking abstract artwork made as a mobile phone wallpaper. Vertical 9:16 mobile wallpaper, full-bleed edge to edge composition. The upper region of the frame is open and unadorned — atmosphere, gradient falloff or empty depth, no detail and no focal point there. The principal subject sits in the lower two thirds, weighted below centre and placed off the vertical axis. Clear depth across three planes: near, middle and far. No text, no letterforms, no numerals, no signature, no watermark, no logo, no border and no frame. Deep water, waves, currents, suspended droplets, foam, bubbles, translucent depths and fluid underwater forms. Low directional light, long soft shadows, subdued highlights, layered atmospheric haze and a gradual transition between luminous and dark values. Continuous sweeping movement, interconnected forms, graceful curves and clear directional pathways carrying the eye through the composition. Deep forest, emerald and jade with luminous chartreuse accents."
536,0536_mineral_twilight_flow_neon_noir.jpg,general,mineral,twilight,flow,neon_noir,,1163654400,previews/studio/general/0536_mineral_twilight_flow_neon_noir.jpg,wallpapers/studio/general/0536_mineral_twilight_flow_neon_noir.jpg,63363,ok,"A single striking abstract artwork made as a mobile phone wallpaper. Vertical 9:16 mobile wallpaper, full-bleed edge to edge composition. The upper region of the frame is open and unadorned — atmosphere, gradient falloff or empty depth, no detail and no focal point there. The principal subject sits in the lower two thirds, weighted below centre and placed off the vertical axis. Clear depth across three planes: near, middle and far. No text, no letterforms, no numerals, no signature, no watermark, no logo, no border and no frame. Crystals, geodes, stone, metallic ore, fractured rock, polished mineral surfaces and intricate geological structures. Low directional light, long soft shadows, subdued highlights, layered atmospheric haze and a gradual transition between luminous and dark values. Continuous sweeping movement, interconnected forms, graceful curves and clear directional pathways carrying the eye through the composition. Hot magenta, cyan and violet against near-black."
388,0388_architecture_storm_surge_solar.jpg,general,architecture,storm,surge,solar,,1296669173,previews/studio/general/0388_architecture_storm_surge_solar.jpg,wallpapers/studio/general/0388_architecture_storm_surge_solar.jpg,64549,ok,"A single striking abstract artwork made as a mobile phone wallpaper. Vertical 9:16 mobile wallpaper, full-bleed edge to edge composition. The upper region of the frame is open and unadorned — atmosphere, gradient falloff or empty depth, no detail and no focal point there. The principal subject sits in the lower two thirds, weighted below centre and placed off the vertical axis. Clear depth across three planes: near, middle and far. No text, no letterforms, no numerals, no signature, no watermark, no logo, no border and no frame. Arches, columns, vaults, stairs, towers, passages and monumental geometric structures arranged with dramatic scale and depth. Hard raking light through broken darkness, sharp highlights, deep shadows, high contrast and dense moisture-filled atmosphere. Forceful directional movement, strong diagonals, overlapping forms, dynamic scale changes and pronounced visual momentum. Radiant gold, amber and warm ivory against deep bronze."
389,0389_architecture_twilight_eruption_solar.jpg,general,architecture,twilight,eruption,solar,,1803621287,previews/studio/general/0389_architecture_twilight_eruption_solar.jpg,wallpapers/studio/general/0389_architecture_twilight_eruption_solar.jpg,2847,ok,"A single striking abstract artwork made as a mobile phone wallpaper. Vertical 9:16 mobile wallpaper, full-bleed edge to edge composition. The upper region of the frame is open and unadorned — atmosphere, gradient falloff or empty depth, no detail and no focal point there. The principal subject sits in the lower two thirds, weighted below centre and placed off the vertical axis. Clear depth across three planes: near, middle and far. No text, no letterforms, no numerals, no signature, no watermark, no logo, no border and no frame. Arches, columns, vaults, stairs, towers, passages and monumental geometric structures arranged with dramatic scale and depth. Low directional light, long soft shadows, subdued highlights, layered atmospheric haze and a gradual transition between luminous and dark values. Explosive outward movement, fragmented forms, dramatic displacement, extreme scale variation and dense controlled complexity radiating through the composition. Radiant gold, amber and warm ivory against deep bronze."
252,0252_botanical_eclipse_drift_emerald.jpg,general,botanical,eclipse,drift,emerald,,1070658373,previews/studio/general/0252_botanical_eclipse_drift_emerald.jpg,wallpapers/studio/general/0252_botanical_eclipse_drift_emerald.jpg,64181,ok,"A single striking abstract artwork made as a mobile phone wallpaper. Vertical 9:16 mobile wallpaper, full-bleed edge to edge composition. The upper region of the frame is open and unadorned — atmosphere, gradient falloff or empty depth, no detail and no focal point there. The principal subject sits in the lower two thirds, weighted below centre and placed off the vertical axis. Clear depth across three planes: near, middle and far. No text, no letterforms, no numerals, no signature, no watermark, no logo, no border and no frame. Leaves, petals, vines, roots, branches, blossoms, seeds and intricate organic plant structures woven into layered compositions. Strong backlighting, deep silhouettes, narrow brilliant rim light, extreme separation between darkness and radiance, with restrained atmospheric glow. Gentle directional movement, softly displaced forms, subtle asymmetry and relaxed visual flow across the composition. Deep forest, emerald and jade with luminous chartreuse accents."
110,0110_ocean_eclipse_surge_emerald.jpg,general,ocean,eclipse,surge,emerald,,2097902183,previews/studio/general/0110_ocean_eclipse_surge_emerald.jpg,wallpapers/studio/general/0110_ocean_eclipse_surge_emerald.jpg,63427,ok,"A single striking abstract artwork made as a mobile phone wallpaper. Vertical 9:16 mobile wallpaper, full-bleed edge to edge composition. The upper region of the frame is open and unadorned — atmosphere, gradient falloff or empty depth, no detail and no focal point there. The principal subject sits in the lower two thirds, weighted below centre and placed off the vertical axis. Clear depth across three planes: near, middle and far. No text, no letterforms, no numerals, no signature, no watermark, no logo, no border and no frame. Deep water, waves, currents, suspended droplets, foam, bubbles, translucent depths and fluid underwater forms. Strong backlighting, deep silhouettes, narrow brilliant rim light, extreme separation between darkness and radiance, with restrained atmospheric glow. Forceful directional movement, strong diagonals, overlapping forms, dynamic scale changes and pronounced visual momentum. Deep forest, emerald and jade with luminous chartreuse accents."
537,0537_mineral_eclipse_surge_neon_noir.jpg,general,mineral,eclipse,surge,neon_noir,,1670606514,previews/studio/general/0537_mineral_eclipse_surge_neon_noir.jpg,wallpapers/studio/general/0537_mineral_eclipse_surge_neon_noir.jpg,63411,ok,"A single striking abstract artwork made as a mobile phone wallpaper. Vertical 9:16 mobile wallpaper, full-bleed edge to edge composition. The upper region of the frame is open and unadorned — atmosphere, gradient falloff or empty depth, no detail and no focal point there. The principal subject sits in the lower two thirds, weighted below centre and placed off the vertical axis. Clear depth across three planes: near, middle and far. No text, no letterforms, no numerals, no signature, no watermark, no logo, no border and no frame. Crystals, geodes, stone, metallic ore, fractured rock, polished mineral surfaces and intricate geological structures. Strong backlighting, deep silhouettes, narrow brilliant rim light, extreme separation between darkness and radiance, with restrained atmospheric glow. Forceful directional movement, strong diagonals, overlapping forms, dynamic scale changes and pronounced visual momentum. Hot magenta, cyan and violet against near-black."
390,0390_architecture_midnight_stillness_neon_noir.jpg,general,architecture,midnight,stillness,neon_noir,,163089754,previews/studio/general/0390_architecture_midnight_stillness_neon_noir.jpg,wallpapers/studio/general/0390_architecture_midnight_stillness_neon_noir.jpg,63678,ok,"A single striking abstract artwork made as a mobile phone wallpaper. Vertical 9:16 mobile wallpaper, full-bleed edge to edge composition. The upper region of the frame is open and unadorned — atmosphere, gradient falloff or empty depth, no detail and no focal point there. The principal subject sits in the lower two thirds, weighted below centre and placed off the vertical axis. Clear depth across three planes: near, middle and far. No text, no letterforms, no numerals, no signature, no watermark, no logo, no border and no frame. Arches, columns, vaults, stairs, towers, passages and monumental geometric structures arranged with dramatic scale and depth. Predominantly deep values, sparse concentrated illumination, rich shadows, isolated highlights and quiet low-light atmosphere. Centered, balanced composition with generous negative space, minimal directional movement, simple large forms and a strong sense of visual stability. Hot magenta, cyan and violet against near-black."
253,0253_botanical_midnight_flow_emerald.jpg,general,botanical,midnight,flow,emerald,,1577610487,previews/studio/general/0253_botanical_midnight_flow_emerald.jpg,wallpapers/studio/general/0253_botanical_midnight_flow_emerald.jpg,63697,ok,"A single striking abstract artwork made as a mobile phone wallpaper. Vertical 9:16 mobile wallpaper, full-bleed edge to edge composition. The upper region of the frame is open and unadorned — atmosphere, gradient falloff or empty depth, no detail and no focal point there. The principal subject sits in the lower two thirds, weighted below centre and placed off the vertical axis. Clear depth across three planes: near, middle and far. No text, no letterforms, no numerals, no signature, no watermark, no logo, no border and no frame. Leaves, petals, vines, roots, branches, blossoms, seeds and intricate organic plant structures woven into layered compositions. Predominantly deep values, sparse concentrated illumination, rich shadows, isolated highlights and quiet low-light atmosphere. Continuous sweeping movement, interconnected forms, graceful curves and clear directional pathways carrying the eye through the composition. Deep forest, emerald and jade with luminous chartreuse accents."
111,0111_ocean_midnight_eruption_emerald.jpg,general,ocean,midnight,eruption,emerald,,457370650,previews/studio/general/0111_ocean_midnight_eruption_emerald.jpg,wallpapers/studio/general/0111_ocean_midnight_eruption_emerald.jpg,63480,ok,"A single striking abstract artwork made as a mobile phone wallpaper. Vertical 9:16 mobile wallpaper, full-bleed edge to edge composition. The upper region of the frame is open and unadorned — atmosphere, gradient falloff or empty depth, no detail and no focal point there. The principal subject sits in the lower two thirds, weighted below centre and placed off the vertical axis. Clear depth across three planes: near, middle and far. No text, no letterforms, no numerals, no signature, no watermark, no logo, no border and no frame. Deep water, waves, currents, suspended droplets, foam, bubbles, translucent depths and fluid underwater forms. Predominantly deep values, sparse concentrated illumination, rich shadows, isolated highlights and quiet low-light atmosphere. Explosive outward movement, fragmented forms, dramatic displacement, extreme scale variation and dense controlled complexity radiating through the composition. Deep forest, emerald and jade with luminous chartreuse accents."
538,0538_mineral_midnight_eruption_neon_noir.jpg,general,mineral,midnight,eruption,neon_noir,,30074981,previews/studio/general/0538_mineral_midnight_eruption_neon_noir.jpg,wallpapers/studio/general/0538_mineral_midnight_eruption_neon_noir.jpg,63439,ok,"A single striking abstract artwork made as a mobile phone wallpaper. Vertical 9:16 mobile wallpaper, full-bleed edge to edge composition. The upper region of the frame is open and unadorned — atmosphere, gradient falloff or empty depth, no detail and no focal point there. The principal subject sits in the lower two thirds, weighted below centre and placed off the vertical axis. Clear depth across three planes: near, middle and far. No text, no letterforms, no numerals, no signature, no watermark, no logo, no border and no frame. Crystals, geodes, stone, metallic ore, fractured rock, polished mineral surfaces and intricate geological structures. Predominantly deep values, sparse concentrated illumination, rich shadows, isolated highlights and quiet low-light atmosphere. Explosive outward movement, fragmented forms, dramatic displacement, extreme scale variation and dense controlled complexity radiating through the composition. Hot magenta, cyan and violet against near-black."
391,0391_architecture_inferno_drift_neon_noir.jpg,general,architecture,inferno,drift,neon_noir,,670041868,previews/studio/general/0391_architecture_inferno_drift_neon_noir.jpg,wallpapers/studio/general/0391_architecture_inferno_drift_neon_noir.jpg,64438,ok,"A single striking abstract artwork made as a mobile phone wallpaper. Vertical 9:16 mobile wallpaper, full-bleed edge to edge composition. The upper region of the frame is open and unadorned — atmosphere, gradient falloff or empty depth, no detail and no focal point there. The principal subject sits in the lower two thirds, weighted below centre and placed off the vertical axis. Clear depth across three planes: near, middle and far. No text, no letterforms, no numerals, no signature, no watermark, no logo, no border and no frame. Arches, columns, vaults, stairs, towers, passages and monumental geometric structures arranged with dramatic scale and depth. Intense internal illumination, brilliant hot highlights, deep surrounding shadows, glowing atmospheric haze and aggressive high-contrast luminosity. Gentle directional movement, softly displaced forms, subtle asymmetry and relaxed visual flow across the composition. Hot magenta, cyan and violet against near-black."
254,0254_botanical_inferno_surge_emerald.jpg,general,botanical,inferno,surge,emerald,,2084562601,previews/studio/general/0254_botanical_inferno_surge_emerald.jpg,wallpapers/studio/general/0254_botanical_inferno_surge_emerald.jpg,65109,ok,"A single striking abstract artwork made as a mobile phone wallpaper. Vertical 9:16 mobile wallpaper, full-bleed edge to edge composition. The upper region of the frame is open and unadorned — atmosphere, gradient falloff or empty depth, no detail and no focal point there. The principal subject sits in the lower two thirds, weighted below centre and placed off the vertical axis. Clear depth across three planes: near, middle and far. No text, no letterforms, no numerals, no signature, no watermark, no logo, no border and no frame. Leaves, petals, vines, roots, branches, blossoms, seeds and intricate organic plant structures woven into layered compositions. Intense internal illumination, brilliant hot highlights, deep surrounding shadows, glowing atmospheric haze and aggressive high-contrast luminosity. Forceful directional movement, strong diagonals, overlapping forms, dynamic scale changes and pronounced visual momentum. Deep forest, emerald and jade with luminous chartreuse accents."
112,0112_ocean_inferno_stillness_emerald.jpg,general,ocean,inferno,stillness,emerald,,964322764,previews/studio/general/0112_ocean_inferno_stillness_emerald.jpg,wallpapers/studio/general/0112_ocean_inferno_stillness_emerald.jpg,63778,ok,"A single striking abstract artwork made as a mobile phone wallpaper. Vertical 9:16 mobile wallpaper, full-bleed edge to edge composition. The upper region of the frame is open and unadorned — atmosphere, gradient falloff or empty depth, no detail and no focal point there. The principal subject sits in the lower two thirds, weighted below centre and placed off the vertical axis. Clear depth across three planes: near, middle and far. No text, no letterforms, no numerals, no signature, no watermark, no logo, no border and no frame. Deep water, waves, currents, suspended droplets, foam, bubbles, translucent depths and fluid underwater forms. Intense internal illumination, brilliant hot highlights, deep surrounding shadows, glowing atmospheric haze and aggressive high-contrast luminosity. Centered, balanced composition with generous negative space, minimal directional movement, simple large forms and a strong sense of visual stability. Deep forest, emerald and jade with luminous chartreuse accents."
539,0539_mineral_inferno_stillness_neon_noir.jpg,general,mineral,inferno,stillness,neon_noir,,537027095,previews/studio/general/0539_mineral_inferno_stillness_neon_noir.jpg,wallpapers/studio/general/0539_mineral_inferno_stillness_neon_noir.jpg,64624,ok,"A single striking abstract artwork made as a mobile phone wallpaper. Vertical 9:16 mobile wallpaper, full-bleed edge to edge composition. The upper region of the frame is open and unadorned — atmosphere, gradient falloff or empty depth, no detail and no focal point there. The principal subject sits in the lower two thirds, weighted below centre and placed off the vertical axis. Clear depth across three planes: near, middle and far. No text, no letterforms, no numerals, no signature, no watermark, no logo, no border and no frame. Crystals, geodes, stone, metallic ore, fractured rock, polished mineral surfaces and intricate geological structures. Intense internal illumination, brilliant hot highlights, deep surrounding shadows, glowing atmospheric haze and aggressive high-contrast luminosity. Centered, balanced composition with generous negative space, minimal directional movement, simple large forms and a strong sense of visual stability. Hot magenta, cyan and violet against near-black."
255,0255_botanical_dream_eruption_emerald.jpg,general,botanical,dream,eruption,emerald,,444031068,previews/studio/general/0255_botanical_dream_eruption_emerald.jpg,wallpapers/studio/general/0255_botanical_dream_eruption_emerald.jpg,66041,ok,"A single striking abstract artwork made as a mobile phone wallpaper. Vertical 9:16 mobile wallpaper, full-bleed edge to edge composition. The upper region of the frame is open and unadorned — atmosphere, gradient falloff or empty depth, no detail and no focal point there. The principal subject sits in the lower two thirds, weighted below centre and placed off the vertical axis. Clear depth across three planes: near, middle and far. No text, no letterforms, no numerals, no signature, no watermark, no logo, no border and no frame. Leaves, petals, vines, roots, branches, blossoms, seeds and intricate organic plant structures woven into layered compositions. Soft diffused illumination, luminous haze, gentle tonal transitions, restrained contrast, subtle bloom and an ethereal atmospheric glow. Explosive outward movement, fragmented forms, dramatic displacement, extreme scale variation and dense controlled complexity radiating through the composition. Deep forest, emerald and jade with luminous chartreuse accents."
392,0392_architecture_dream_flow_neon_noir.jpg,general,architecture,dream,flow,neon_noir,,1176993982,,,,failed,"flux timed out -- status=starting"
113,0113_ocean_dream_drift_emerald.jpg,general,ocean,dream,drift,emerald,,1471274878,,,,failed,"flux timed out -- status=starting"
540,0540_mineral_storm_drift_emerald.jpg,general,mineral,storm,drift,emerald,,1043979209,previews/studio/general/0540_mineral_storm_drift_emerald.jpg,wallpapers/studio/general/0540_mineral_storm_drift_emerald.jpg,64001,ok,"A single striking abstract artwork made as a mobile phone wallpaper. Vertical 9:16 mobile wallpaper, full-bleed edge to edge composition. The upper region of the frame is open and unadorned — atmosphere, gradient falloff or empty depth, no detail and no focal point there. The principal subject sits in the lower two thirds, weighted below centre and placed off the vertical axis. Clear depth across three planes: near, middle and far. No text, no letterforms, no numerals, no signature, no watermark, no logo, no border and no frame. Crystals, geodes, stone, metallic ore, fractured rock, polished mineral surfaces and intricate geological structures. Hard raking light through broken darkness, sharp highlights, deep shadows, high contrast and dense moisture-filled atmosphere. Gentle directional movement, softly displaced forms, subtle asymmetry and relaxed visual flow across the composition. Deep forest, emerald and jade with luminous chartreuse accents."
256,0256_botanical_storm_stillness_emerald.jpg,general,botanical,storm,stillness,emerald,,950983182,previews/studio/general/0256_botanical_storm_stillness_emerald.jpg,wallpapers/studio/general/0256_botanical_storm_stillness_emerald.jpg,64112,ok,"A single striking abstract artwork made as a mobile phone wallpaper. Vertical 9:16 mobile wallpaper, full-bleed edge to edge composition. The upper region of the frame is open and unadorned — atmosphere, gradient falloff or empty depth, no detail and no focal point there. The principal subject sits in the lower two thirds, weighted below centre and placed off the vertical axis. Clear depth across three planes: near, middle and far. No text, no letterforms, no numerals, no signature, no watermark, no logo, no border and no frame. Leaves, petals, vines, roots, branches, blossoms, seeds and intricate organic plant structures woven into layered compositions. Hard raking light through broken darkness, sharp highlights, deep shadows, high contrast and dense moisture-filled atmosphere. Centered, balanced composition with generous negative space, minimal directional movement, simple large forms and a strong sense of visual stability. Deep forest, emerald and jade with luminous chartreuse accents."
393,0393_architecture_storm_surge_neon_noir.jpg,general,architecture,storm,surge,neon_noir,,1683946096,previews/studio/general/0393_architecture_storm_surge_neon_noir.jpg,wallpapers/studio/general/0393_architecture_storm_surge_neon_noir.jpg,64391,ok,"A single striking abstract artwork made as a mobile phone wallpaper. Vertical 9:16 mobile wallpaper, full-bleed edge to edge composition. The upper region of the frame is open and unadorned — atmosphere, gradient falloff or empty depth, no detail and no focal point there. The principal subject sits in the lower two thirds, weighted below centre and placed off the vertical axis. Clear depth across three planes: near, middle and far. No text, no letterforms, no numerals, no signature, no watermark, no logo, no border and no frame. Arches, columns, vaults, stairs, towers, passages and monumental geometric structures arranged with dramatic scale and depth. Hard raking light through broken darkness, sharp highlights, deep shadows, high contrast and dense moisture-filled atmosphere. Forceful directional movement, strong diagonals, overlapping forms, dynamic scale changes and pronounced visual momentum. Hot magenta, cyan and violet against near-black."
114,0114_ocean_twilight_flow_opal.jpg,general,ocean,twilight,flow,opal,,1978226992,previews/studio/general/0114_ocean_twilight_flow_opal.jpg,wallpapers/studio/general/0114_ocean_twilight_flow_opal.jpg,65866,ok,"A single striking abstract artwork made as a mobile phone wallpaper. Vertical 9:16 mobile wallpaper, full-bleed edge to edge composition. The upper region of the frame is open and unadorned — atmosphere, gradient falloff or empty depth, no detail and no focal point there. The principal subject sits in the lower two thirds, weighted below centre and placed off the vertical axis. Clear depth across three planes: near, middle and far. No text, no letterforms, no numerals, no signature, no watermark, no logo, no border and no frame. Deep water, waves, currents, suspended droplets, foam, bubbles, translucent depths and fluid underwater forms. Low directional light, long soft shadows, subdued highlights, layered atmospheric haze and a gradual transition between luminous and dark values. Continuous sweeping movement, interconnected forms, graceful curves and clear directional pathways carrying the eye through the composition. Pearl, lavender, pale cyan and blush with iridescent highlights."
541,0541_mineral_twilight_flow_emerald.jpg,general,mineral,twilight,flow,emerald,,1550931323,previews/studio/general/0541_mineral_twilight_flow_emerald.jpg,wallpapers/studio/general/0541_mineral_twilight_flow_emerald.jpg,63637,ok,"A single striking abstract artwork made as a mobile phone wallpaper. Vertical 9:16 mobile wallpaper, full-bleed edge to edge composition. The upper region of the frame is open and unadorned — atmosphere, gradient falloff or empty depth, no detail and no focal point there. The principal subject sits in the lower two thirds, weighted below centre and placed off the vertical axis. Clear depth across three planes: near, middle and far. No text, no letterforms, no numerals, no signature, no watermark, no logo, no border and no frame. Crystals, geodes, stone, metallic ore, fractured rock, polished mineral surfaces and intricate geological structures. Low directional light, long soft shadows, subdued highlights, layered atmospheric haze and a gradual transition between luminous and dark values. Continuous sweeping movement, interconnected forms, graceful curves and clear directional pathways carrying the eye through the composition. Deep forest, emerald and jade with luminous chartreuse accents."
257,0257_botanical_twilight_drift_emerald.jpg,general,botanical,twilight,drift,emerald,,1457935296,previews/studio/general/0257_botanical_twilight_drift_emerald.jpg,wallpapers/studio/general/0257_botanical_twilight_drift_emerald.jpg,64227,ok,"A single striking abstract artwork made as a mobile phone wallpaper. Vertical 9:16 mobile wallpaper, full-bleed edge to edge composition. The upper region of the frame is open and unadorned — atmosphere, gradient falloff or empty depth, no detail and no focal point there. The principal subject sits in the lower two thirds, weighted below centre and placed off the vertical axis. Clear depth across three planes: near, middle and far. No text, no letterforms, no numerals, no signature, no watermark, no logo, no border and no frame. Leaves, petals, vines, roots, branches, blossoms, seeds and intricate organic plant structures woven into layered compositions. Low directional light, long soft shadows, subdued highlights, layered atmospheric haze and a gradual transition between luminous and dark values. Gentle directional movement, softly displaced forms, subtle asymmetry and relaxed visual flow across the composition. Deep forest, emerald and jade with luminous chartreuse accents."
115,0115_ocean_eclipse_surge_opal.jpg,general,ocean,eclipse,surge,opal,,337695459,previews/studio/general/0115_ocean_eclipse_surge_opal.jpg,wallpapers/studio/general/0115_ocean_eclipse_surge_opal.jpg,64284,ok,"A single striking abstract artwork made as a mobile phone wallpaper. Vertical 9:16 mobile wallpaper, full-bleed edge to edge composition. The upper region of the frame is open and unadorned — atmosphere, gradient falloff or empty depth, no detail and no focal point there. The principal subject sits in the lower two thirds, weighted below centre and placed off the vertical axis. Clear depth across three planes: near, middle and far. No text, no letterforms, no numerals, no signature, no watermark, no logo, no border and no frame. Deep water, waves, currents, suspended droplets, foam, bubbles, translucent depths and fluid underwater forms. Strong backlighting, deep silhouettes, narrow brilliant rim light, extreme separation between darkness and radiance, with restrained atmospheric glow. Forceful directional movement, strong diagonals, overlapping forms, dynamic scale changes and pronounced visual momentum. Pearl, lavender, pale cyan and blush with iridescent highlights."
116,0116_ocean_midnight_eruption_opal.jpg,general,ocean,midnight,eruption,opal,,844647573,previews/studio/general/0116_ocean_midnight_eruption_opal.jpg,wallpapers/studio/general/0116_ocean_midnight_eruption_opal.jpg,2826,ok,"A single striking abstract artwork made as a mobile phone wallpaper. Vertical 9:16 mobile wallpaper, full-bleed edge to edge composition. The upper region of the frame is open and unadorned — atmosphere, gradient falloff or empty depth, no detail and no focal point there. The principal subject sits in the lower two thirds, weighted below centre and placed off the vertical axis. Clear depth across three planes: near, middle and far. No text, no letterforms, no numerals, no signature, no watermark, no logo, no border and no frame. Deep water, waves, currents, suspended droplets, foam, bubbles, translucent depths and fluid underwater forms. Predominantly deep values, sparse concentrated illumination, rich shadows, isolated highlights and quiet low-light atmosphere. Explosive outward movement, fragmented forms, dramatic displacement, extreme scale variation and dense controlled complexity radiating through the composition. Pearl, lavender, pale cyan and blush with iridescent highlights."
394,0394_architecture_twilight_eruption_neon_noir.jpg,general,architecture,twilight,eruption,neon_noir,,43414563,,,,failed,"flux timed out -- status=starting"
542,0542_mineral_eclipse_surge_emerald.jpg,general,mineral,eclipse,surge,emerald,,2057883437,previews/studio/general/0542_mineral_eclipse_surge_emerald.jpg,wallpapers/studio/general/0542_mineral_eclipse_surge_emerald.jpg,63540,ok,"A single striking abstract artwork made as a mobile phone wallpaper. Vertical 9:16 mobile wallpaper, full-bleed edge to edge composition. The upper region of the frame is open and unadorned — atmosphere, gradient falloff or empty depth, no detail and no focal point there. The principal subject sits in the lower two thirds, weighted below centre and placed off the vertical axis. Clear depth across three planes: near, middle and far. No text, no letterforms, no numerals, no signature, no watermark, no logo, no border and no frame. Crystals, geodes, stone, metallic ore, fractured rock, polished mineral surfaces and intricate geological structures. Strong backlighting, deep silhouettes, narrow brilliant rim light, extreme separation between darkness and radiance, with restrained atmospheric glow. Forceful directional movement, strong diagonals, overlapping forms, dynamic scale changes and pronounced visual momentum. Deep forest, emerald and jade with luminous chartreuse accents."
258,0258_botanical_midnight_flow_opal.jpg,general,botanical,midnight,flow,opal,,1964887410,previews/studio/general/0258_botanical_midnight_flow_opal.jpg,wallpapers/studio/general/0258_botanical_midnight_flow_opal.jpg,64840,ok,"A single striking abstract artwork made as a mobile phone wallpaper. Vertical 9:16 mobile wallpaper, full-bleed edge to edge composition. The upper region of the frame is open and unadorned — atmosphere, gradient falloff or empty depth, no detail and no focal point there. The principal subject sits in the lower two thirds, weighted below centre and placed off the vertical axis. Clear depth across three planes: near, middle and far. No text, no letterforms, no numerals, no signature, no watermark, no logo, no border and no frame. Leaves, petals, vines, roots, branches, blossoms, seeds and intricate organic plant structures woven into layered compositions. Predominantly deep values, sparse concentrated illumination, rich shadows, isolated highlights and quiet low-light atmosphere. Continuous sweeping movement, interconnected forms, graceful curves and clear directional pathways carrying the eye through the composition. Pearl, lavender, pale cyan and blush with iridescent highlights."
117,0117_ocean_inferno_stillness_opal.jpg,general,ocean,inferno,stillness,opal,,1351599687,previews/studio/general/0117_ocean_inferno_stillness_opal.jpg,wallpapers/studio/general/0117_ocean_inferno_stillness_opal.jpg,64481,ok,"A single striking abstract artwork made as a mobile phone wallpaper. Vertical 9:16 mobile wallpaper, full-bleed edge to edge composition. The upper region of the frame is open and unadorned — atmosphere, gradient falloff or empty depth, no detail and no focal point there. The principal subject sits in the lower two thirds, weighted below centre and placed off the vertical axis. Clear depth across three planes: near, middle and far. No text, no letterforms, no numerals, no signature, no watermark, no logo, no border and no frame. Deep water, waves, currents, suspended droplets, foam, bubbles, translucent depths and fluid underwater forms. Intense internal illumination, brilliant hot highlights, deep surrounding shadows, glowing atmospheric haze and aggressive high-contrast luminosity. Centered, balanced composition with generous negative space, minimal directional movement, simple large forms and a strong sense of visual stability. Pearl, lavender, pale cyan and blush with iridescent highlights."
395,0395_architecture_eclipse_stillness_neon_noir.jpg,general,architecture,eclipse,stillness,neon_noir,,550366677,previews/studio/general/0395_architecture_eclipse_stillness_neon_noir.jpg,wallpapers/studio/general/0395_architecture_eclipse_stillness_neon_noir.jpg,64572,ok,"A single striking abstract artwork made as a mobile phone wallpaper. Vertical 9:16 mobile wallpaper, full-bleed edge to edge composition. The upper region of the frame is open and unadorned — atmosphere, gradient falloff or empty depth, no detail and no focal point there. The principal subject sits in the lower two thirds, weighted below centre and placed off the vertical axis. Clear depth across three planes: near, middle and far. No text, no letterforms, no numerals, no signature, no watermark, no logo, no border and no frame. Arches, columns, vaults, stairs, towers, passages and monumental geometric structures arranged with dramatic scale and depth. Strong backlighting, deep silhouettes, narrow brilliant rim light, extreme separation between darkness and radiance, with restrained atmospheric glow. Centered, balanced composition with generous negative space, minimal directional movement, simple large forms and a strong sense of visual stability. Hot magenta, cyan and violet against near-black."
543,0543_mineral_midnight_eruption_emerald.jpg,general,mineral,midnight,eruption,emerald,,417351904,previews/studio/general/0543_mineral_midnight_eruption_emerald.jpg,wallpapers/studio/general/0543_mineral_midnight_eruption_emerald.jpg,63711,ok,"A single striking abstract artwork made as a mobile phone wallpaper. Vertical 9:16 mobile wallpaper, full-bleed edge to edge composition. The upper region of the frame is open and unadorned — atmosphere, gradient falloff or empty depth, no detail and no focal point there. The principal subject sits in the lower two thirds, weighted below centre and placed off the vertical axis. Clear depth across three planes: near, middle and far. No text, no letterforms, no numerals, no signature, no watermark, no logo, no border and no frame. Crystals, geodes, stone, metallic ore, fractured rock, polished mineral surfaces and intricate geological structures. Predominantly deep values, sparse concentrated illumination, rich shadows, isolated highlights and quiet low-light atmosphere. Explosive outward movement, fragmented forms, dramatic displacement, extreme scale variation and dense controlled complexity radiating through the composition. Deep forest, emerald and jade with luminous chartreuse accents."
259,0259_botanical_inferno_surge_opal.jpg,general,botanical,inferno,surge,opal,,324355877,previews/studio/general/0259_botanical_inferno_surge_opal.jpg,wallpapers/studio/general/0259_botanical_inferno_surge_opal.jpg,64510,ok,"A single striking abstract artwork made as a mobile phone wallpaper. Vertical 9:16 mobile wallpaper, full-bleed edge to edge composition. The upper region of the frame is open and unadorned — atmosphere, gradient falloff or empty depth, no detail and no focal point there. The principal subject sits in the lower two thirds, weighted below centre and placed off the vertical axis. Clear depth across three planes: near, middle and far. No text, no letterforms, no numerals, no signature, no watermark, no logo, no border and no frame. Leaves, petals, vines, roots, branches, blossoms, seeds and intricate organic plant structures woven into layered compositions. Intense internal illumination, brilliant hot highlights, deep surrounding shadows, glowing atmospheric haze and aggressive high-contrast luminosity. Forceful directional movement, strong diagonals, overlapping forms, dynamic scale changes and pronounced visual momentum. Pearl, lavender, pale cyan and blush with iridescent highlights."
118,0118_ocean_dream_drift_opal.jpg,general,ocean,dream,drift,opal,,1858551801,previews/studio/general/0118_ocean_dream_drift_opal.jpg,wallpapers/studio/general/0118_ocean_dream_drift_opal.jpg,64462,ok,"A single striking abstract artwork made as a mobile phone wallpaper. Vertical 9:16 mobile wallpaper, full-bleed edge to edge composition. The upper region of the frame is open and unadorned — atmosphere, gradient falloff or empty depth, no detail and no focal point there. The principal subject sits in the lower two thirds, weighted below centre and placed off the vertical axis. Clear depth across three planes: near, middle and far. No text, no letterforms, no numerals, no signature, no watermark, no logo, no border and no frame. Deep water, waves, currents, suspended droplets, foam, bubbles, translucent depths and fluid underwater forms. Soft diffused illumination, luminous haze, gentle tonal transitions, restrained contrast, subtle bloom and an ethereal atmospheric glow. Gentle directional movement, softly displaced forms, subtle asymmetry and relaxed visual flow across the composition. Pearl, lavender, pale cyan and blush with iridescent highlights."
396,0396_architecture_inferno_drift_emerald.jpg,general,architecture,inferno,drift,emerald,,1057318791,previews/studio/general/0396_architecture_inferno_drift_emerald.jpg,wallpapers/studio/general/0396_architecture_inferno_drift_emerald.jpg,64242,ok,"A single striking abstract artwork made as a mobile phone wallpaper. Vertical 9:16 mobile wallpaper, full-bleed edge to edge composition. The upper region of the frame is open and unadorned — atmosphere, gradient falloff or empty depth, no detail and no focal point there. The principal subject sits in the lower two thirds, weighted below centre and placed off the vertical axis. Clear depth across three planes: near, middle and far. No text, no letterforms, no numerals, no signature, no watermark, no logo, no border and no frame. Arches, columns, vaults, stairs, towers, passages and monumental geometric structures arranged with dramatic scale and depth. Intense internal illumination, brilliant hot highlights, deep surrounding shadows, glowing atmospheric haze and aggressive high-contrast luminosity. Gentle directional movement, softly displaced forms, subtle asymmetry and relaxed visual flow across the composition. Deep forest, emerald and jade with luminous chartreuse accents."
544,0544_mineral_inferno_stillness_emerald.jpg,general,mineral,inferno,stillness,emerald,,924304018,previews/studio/general/0544_mineral_inferno_stillness_emerald.jpg,wallpapers/studio/general/0544_mineral_inferno_stillness_emerald.jpg,63823,ok,"A single striking abstract artwork made as a mobile phone wallpaper. Vertical 9:16 mobile wallpaper, full-bleed edge to edge composition. The upper region of the frame is open and unadorned — atmosphere, gradient falloff or empty depth, no detail and no focal point there. The principal subject sits in the lower two thirds, weighted below centre and placed off the vertical axis. Clear depth across three planes: near, middle and far. No text, no letterforms, no numerals, no signature, no watermark, no logo, no border and no frame. Crystals, geodes, stone, metallic ore, fractured rock, polished mineral surfaces and intricate geological structures. Intense internal illumination, brilliant hot highlights, deep surrounding shadows, glowing atmospheric haze and aggressive high-contrast luminosity. Centered, balanced composition with generous negative space, minimal directional movement, simple large forms and a strong sense of visual stability. Deep forest, emerald and jade with luminous chartreuse accents."
119,0119_ocean_storm_flow_opal.jpg,general,ocean,storm,flow,opal,,218020268,previews/studio/general/0119_ocean_storm_flow_opal.jpg,wallpapers/studio/general/0119_ocean_storm_flow_opal.jpg,2162,ok,"A single striking abstract artwork made as a mobile phone wallpaper. Vertical 9:16 mobile wallpaper, full-bleed edge to edge composition. The upper region of the frame is open and unadorned — atmosphere, gradient falloff or empty depth, no detail and no focal point there. The principal subject sits in the lower two thirds, weighted below centre and placed off the vertical axis. Clear depth across three planes: near, middle and far. No text, no letterforms, no numerals, no signature, no watermark, no logo, no border and no frame. Deep water, waves, currents, suspended droplets, foam, bubbles, translucent depths and fluid underwater forms. Hard raking light through broken darkness, sharp highlights, deep shadows, high contrast and dense moisture-filled atmosphere. Continuous sweeping movement, interconnected forms, graceful curves and clear directional pathways carrying the eye through the composition. Pearl, lavender, pale cyan and blush with iridescent highlights."
397,0397_architecture_dream_flow_emerald.jpg,general,architecture,dream,flow,emerald,,1564270905,previews/studio/general/0397_architecture_dream_flow_emerald.jpg,wallpapers/studio/general/0397_architecture_dream_flow_emerald.jpg,2251,ok,"A single striking abstract artwork made as a mobile phone wallpaper. Vertical 9:16 mobile wallpaper, full-bleed edge to edge composition. The upper region of the frame is open and unadorned — atmosphere, gradient falloff or empty depth, no detail and no focal point there. The principal subject sits in the lower two thirds, weighted below centre and placed off the vertical axis. Clear depth across three planes: near, middle and far. No text, no letterforms, no numerals, no signature, no watermark, no logo, no border and no frame. Arches, columns, vaults, stairs, towers, passages and monumental geometric structures arranged with dramatic scale and depth. Soft diffused illumination, luminous haze, gentle tonal transitions, restrained contrast, subtle bloom and an ethereal atmospheric glow. Continuous sweeping movement, interconnected forms, graceful curves and clear directional pathways carrying the eye through the composition. Deep forest, emerald and jade with luminous chartreuse accents."
260,0260_botanical_dream_eruption_opal.jpg,general,botanical,dream,eruption,opal,,831307991,previews/studio/general/0260_botanical_dream_eruption_opal.jpg,wallpapers/studio/general/0260_botanical_dream_eruption_opal.jpg,64635,ok,"A single striking abstract artwork made as a mobile phone wallpaper. Vertical 9:16 mobile wallpaper, full-bleed edge to edge composition. The upper region of the frame is open and unadorned — atmosphere, gradient falloff or empty depth, no detail and no focal point there. The principal subject sits in the lower two thirds, weighted below centre and placed off the vertical axis. Clear depth across three planes: near, middle and far. No text, no letterforms, no numerals, no signature, no watermark, no logo, no border and no frame. Leaves, petals, vines, roots, branches, blossoms, seeds and intricate organic plant structures woven into layered compositions. Soft diffused illumination, luminous haze, gentle tonal transitions, restrained contrast, subtle bloom and an ethereal atmospheric glow. Explosive outward movement, fragmented forms, dramatic displacement, extreme scale variation and dense controlled complexity radiating through the composition. Pearl, lavender, pale cyan and blush with iridescent highlights."
261,0261_botanical_storm_stillness_opal.jpg,general,botanical,storm,stillness,opal,,1338260105,previews/studio/general/0261_botanical_storm_stillness_opal.jpg,wallpapers/studio/general/0261_botanical_storm_stillness_opal.jpg,2530,ok,"A single striking abstract artwork made as a mobile phone wallpaper. Vertical 9:16 mobile wallpaper, full-bleed edge to edge composition. The upper region of the frame is open and unadorned — atmosphere, gradient falloff or empty depth, no detail and no focal point there. The principal subject sits in the lower two thirds, weighted below centre and placed off the vertical axis. Clear depth across three planes: near, middle and far. No text, no letterforms, no numerals, no signature, no watermark, no logo, no border and no frame. Leaves, petals, vines, roots, branches, blossoms, seeds and intricate organic plant structures woven into layered compositions. Hard raking light through broken darkness, sharp highlights, deep shadows, high contrast and dense moisture-filled atmosphere. Centered, balanced composition with generous negative space, minimal directional movement, simple large forms and a strong sense of visual stability. Pearl, lavender, pale cyan and blush with iridescent highlights."
120,0120_ocean_eclipse_surge_inferno.jpg,general,ocean,eclipse,surge,inferno,,724972382,previews/studio/general/0120_ocean_eclipse_surge_inferno.jpg,wallpapers/studio/general/0120_ocean_eclipse_surge_inferno.jpg,63802,ok,"A single striking abstract artwork made as a mobile phone wallpaper. Vertical 9:16 mobile wallpaper, full-bleed edge to edge composition. The upper region of the frame is open and unadorned — atmosphere, gradient falloff or empty depth, no detail and no focal point there. The principal subject sits in the lower two thirds, weighted below centre and placed off the vertical axis. Clear depth across three planes: near, middle and far. No text, no letterforms, no numerals, no signature, no watermark, no logo, no border and no frame. Deep water, waves, currents, suspended droplets, foam, bubbles, translucent depths and fluid underwater forms. Strong backlighting, deep silhouettes, narrow brilliant rim light, extreme separation between darkness and radiance, with restrained atmospheric glow. Forceful directional movement, strong diagonals, overlapping forms, dynamic scale changes and pronounced visual momentum. Scarlet, vermilion and molten gold against black."
545,0545_mineral_dream_drift_emerald.jpg,general,mineral,dream,drift,emerald,,1431256132,previews/studio/general/0545_mineral_dream_drift_emerald.jpg,wallpapers/studio/general/0545_mineral_dream_drift_emerald.jpg,65653,ok,"A single striking abstract artwork made as a mobile phone wallpaper. Vertical 9:16 mobile wallpaper, full-bleed edge to edge composition. The upper region of the frame is open and unadorned — atmosphere, gradient falloff or empty depth, no detail and no focal point there. The principal subject sits in the lower two thirds, weighted below centre and placed off the vertical axis. Clear depth across three planes: near, middle and far. No text, no letterforms, no numerals, no signature, no watermark, no logo, no border and no frame. Crystals, geodes, stone, metallic ore, fractured rock, polished mineral surfaces and intricate geological structures. Soft diffused illumination, luminous haze, gentle tonal transitions, restrained contrast, subtle bloom and an ethereal atmospheric glow. Gentle directional movement, softly displaced forms, subtle asymmetry and relaxed visual flow across the composition. Deep forest, emerald and jade with luminous chartreuse accents."
398,0398_architecture_storm_surge_emerald.jpg,general,architecture,storm,surge,emerald,,2071223019,previews/studio/general/0398_architecture_storm_surge_emerald.jpg,wallpapers/studio/general/0398_architecture_storm_surge_emerald.jpg,64428,ok,"A single striking abstract artwork made as a mobile phone wallpaper. Vertical 9:16 mobile wallpaper, full-bleed edge to edge composition. The upper region of the frame is open and unadorned — atmosphere, gradient falloff or empty depth, no detail and no focal point there. The principal subject sits in the lower two thirds, weighted below centre and placed off the vertical axis. Clear depth across three planes: near, middle and far. No text, no letterforms, no numerals, no signature, no watermark, no logo, no border and no frame. Arches, columns, vaults, stairs, towers, passages and monumental geometric structures arranged with dramatic scale and depth. Hard raking light through broken darkness, sharp highlights, deep shadows, high contrast and dense moisture-filled atmosphere. Forceful directional movement, strong diagonals, overlapping forms, dynamic scale changes and pronounced visual momentum. Deep forest, emerald and jade with luminous chartreuse accents."
546,0546_mineral_twilight_flow_opal.jpg,general,mineral,twilight,flow,opal,,1938208246,previews/studio/general/0546_mineral_twilight_flow_opal.jpg,wallpapers/studio/general/0546_mineral_twilight_flow_opal.jpg,2149,ok,"A single striking abstract artwork made as a mobile phone wallpaper. Vertical 9:16 mobile wallpaper, full-bleed edge to edge composition. The upper region of the frame is open and unadorned — atmosphere, gradient falloff or empty depth, no detail and no focal point there. The principal subject sits in the lower two thirds, weighted below centre and placed off the vertical axis. Clear depth across three planes: near, middle and far. No text, no letterforms, no numerals, no signature, no watermark, no logo, no border and no frame. Crystals, geodes, stone, metallic ore, fractured rock, polished mineral surfaces and intricate geological structures. Low directional light, long soft shadows, subdued highlights, layered atmospheric haze and a gradual transition between luminous and dark values. Continuous sweeping movement, interconnected forms, graceful curves and clear directional pathways carrying the eye through the composition. Pearl, lavender, pale cyan and blush with iridescent highlights."
399,0399_architecture_twilight_eruption_emerald.jpg,general,architecture,twilight,eruption,emerald,,430691486,previews/studio/general/0399_architecture_twilight_eruption_emerald.jpg,wallpapers/studio/general/0399_architecture_twilight_eruption_emerald.jpg,1922,ok,"A single striking abstract artwork made as a mobile phone wallpaper. Vertical 9:16 mobile wallpaper, full-bleed edge to edge composition. The upper region of the frame is open and unadorned — atmosphere, gradient falloff or empty depth, no detail and no focal point there. The principal subject sits in the lower two thirds, weighted below centre and placed off the vertical axis. Clear depth across three planes: near, middle and far. No text, no letterforms, no numerals, no signature, no watermark, no logo, no border and no frame. Arches, columns, vaults, stairs, towers, passages and monumental geometric structures arranged with dramatic scale and depth. Low directional light, long soft shadows, subdued highlights, layered atmospheric haze and a gradual transition between luminous and dark values. Explosive outward movement, fragmented forms, dramatic displacement, extreme scale variation and dense controlled complexity radiating through the composition. Deep forest, emerald and jade with luminous chartreuse accents."
262,0262_botanical_twilight_drift_opal.jpg,general,botanical,twilight,drift,opal,,1845212219,,,,failed,"prediction failed: Model execution failed (User Input Error): AiError: AiError: NSFW content detected. Try running it again, or try a different prompt. (2785ba69-75a4-41b8-be40-7df15efb6980)"
121,0121_ocean_midnight_eruption_inferno.jpg,general,ocean,midnight,eruption,inferno,,1231924496,previews/studio/general/0121_ocean_midnight_eruption_inferno.jpg,wallpapers/studio/general/0121_ocean_midnight_eruption_inferno.jpg,65021,ok,"A single striking abstract artwork made as a mobile phone wallpaper. Vertical 9:16 mobile wallpaper, full-bleed edge to edge composition. The upper region of the frame is open and unadorned — atmosphere, gradient falloff or empty depth, no detail and no focal point there. The principal subject sits in the lower two thirds, weighted below centre and placed off the vertical axis. Clear depth across three planes: near, middle and far. No text, no letterforms, no numerals, no signature, no watermark, no logo, no border and no frame. Deep water, waves, currents, suspended droplets, foam, bubbles, translucent depths and fluid underwater forms. Predominantly deep values, sparse concentrated illumination, rich shadows, isolated highlights and quiet low-light atmosphere. Explosive outward movement, fragmented forms, dramatic displacement, extreme scale variation and dense controlled complexity radiating through the composition. Scarlet, vermilion and molten gold against black."
122,0122_ocean_inferno_stillness_inferno.jpg,general,ocean,inferno,stillness,inferno,,1738876610,previews/studio/general/0122_ocean_inferno_stillness_inferno.jpg,wallpapers/studio/general/0122_ocean_inferno_stillness_inferno.jpg,2104,ok,"A single striking abstract artwork made as a mobile phone wallpaper. Vertical 9:16 mobile wallpaper, full-bleed edge to edge composition. The upper region of the frame is open and unadorned — atmosphere, gradient falloff or empty depth, no detail and no focal point there. The principal subject sits in the lower two thirds, weighted below centre and placed off the vertical axis. Clear depth across three planes: near, middle and far. No text, no letterforms, no numerals, no signature, no watermark, no logo, no border and no frame. Deep water, waves, currents, suspended droplets, foam, bubbles, translucent depths and fluid underwater forms. Intense internal illumination, brilliant hot highlights, deep surrounding shadows, glowing atmospheric haze and aggressive high-contrast luminosity. Centered, balanced composition with generous negative space, minimal directional movement, simple large forms and a strong sense of visual stability. Scarlet, vermilion and molten gold against black."
400,0400_architecture_eclipse_stillness_emerald.jpg,general,architecture,eclipse,stillness,emerald,,937643600,previews/studio/general/0400_architecture_eclipse_stillness_emerald.jpg,wallpapers/studio/general/0400_architecture_eclipse_stillness_emerald.jpg,64492,ok,"A single striking abstract artwork made as a mobile phone wallpaper. Vertical 9:16 mobile wallpaper, full-bleed edge to edge composition. The upper region of the frame is open and unadorned — atmosphere, gradient falloff or empty depth, no detail and no focal point there. The principal subject sits in the lower two thirds, weighted below centre and placed off the vertical axis. Clear depth across three planes: near, middle and far. No text, no letterforms, no numerals, no signature, no watermark, no logo, no border and no frame. Arches, columns, vaults, stairs, towers, passages and monumental geometric structures arranged with dramatic scale and depth. Strong backlighting, deep silhouettes, narrow brilliant rim light, extreme separation between darkness and radiance, with restrained atmospheric glow. Centered, balanced composition with generous negative space, minimal directional movement, simple large forms and a strong sense of visual stability. Deep forest, emerald and jade with luminous chartreuse accents."
547,0547_mineral_eclipse_surge_opal.jpg,general,mineral,eclipse,surge,opal,,297676713,previews/studio/general/0547_mineral_eclipse_surge_opal.jpg,wallpapers/studio/general/0547_mineral_eclipse_surge_opal.jpg,68615,ok,"A single striking abstract artwork made as a mobile phone wallpaper. Vertical 9:16 mobile wallpaper, full-bleed edge to edge composition. The upper region of the frame is open and unadorned — atmosphere, gradient falloff or empty depth, no detail and no focal point there. The principal subject sits in the lower two thirds, weighted below centre and placed off the vertical axis. Clear depth across three planes: near, middle and far. No text, no letterforms, no numerals, no signature, no watermark, no logo, no border and no frame. Crystals, geodes, stone, metallic ore, fractured rock, polished mineral surfaces and intricate geological structures. Strong backlighting, deep silhouettes, narrow brilliant rim light, extreme separation between darkness and radiance, with restrained atmospheric glow. Forceful directional movement, strong diagonals, overlapping forms, dynamic scale changes and pronounced visual momentum. Pearl, lavender, pale cyan and blush with iridescent highlights."
548,0548_mineral_midnight_eruption_opal.jpg,general,mineral,midnight,eruption,opal,,804628827,previews/studio/general/0548_mineral_midnight_eruption_opal.jpg,wallpapers/studio/general/0548_mineral_midnight_eruption_opal.jpg,1983,ok,"A single striking abstract artwork made as a mobile phone wallpaper. Vertical 9:16 mobile wallpaper, full-bleed edge to edge composition. The upper region of the frame is open and unadorned — atmosphere, gradient falloff or empty depth, no detail and no focal point there. The principal subject sits in the lower two thirds, weighted below centre and placed off the vertical axis. Clear depth across three planes: near, middle and far. No text, no letterforms, no numerals, no signature, no watermark, no logo, no border and no frame. Crystals, geodes, stone, metallic ore, fractured rock, polished mineral surfaces and intricate geological structures. Predominantly deep values, sparse concentrated illumination, rich shadows, isolated highlights and quiet low-light atmosphere. Explosive outward movement, fragmented forms, dramatic displacement, extreme scale variation and dense controlled complexity radiating through the composition. Pearl, lavender, pale cyan and blush with iridescent highlights."
263,0263_botanical_eclipse_flow_opal.jpg,general,botanical,eclipse,flow,opal,,204680686,previews/studio/general/0263_botanical_eclipse_flow_opal.jpg,wallpapers/studio/general/0263_botanical_eclipse_flow_opal.jpg,65664,ok,"A single striking abstract artwork made as a mobile phone wallpaper. Vertical 9:16 mobile wallpaper, full-bleed edge to edge composition. The upper region of the frame is open and unadorned — atmosphere, gradient falloff or empty depth, no detail and no focal point there. The principal subject sits in the lower two thirds, weighted below centre and placed off the vertical axis. Clear depth across three planes: near, middle and far. No text, no letterforms, no numerals, no signature, no watermark, no logo, no border and no frame. Leaves, petals, vines, roots, branches, blossoms, seeds and intricate organic plant structures woven into layered compositions. Strong backlighting, deep silhouettes, narrow brilliant rim light, extreme separation between darkness and radiance, with restrained atmospheric glow. Continuous sweeping movement, interconnected forms, graceful curves and clear directional pathways carrying the eye through the composition. Pearl, lavender, pale cyan and blush with iridescent highlights."
123,0123_ocean_dream_drift_inferno.jpg,general,ocean,dream,drift,inferno,,98345077,previews/studio/general/0123_ocean_dream_drift_inferno.jpg,wallpapers/studio/general/0123_ocean_dream_drift_inferno.jpg,64860,ok,"A single striking abstract artwork made as a mobile phone wallpaper. Vertical 9:16 mobile wallpaper, full-bleed edge to edge composition. The upper region of the frame is open and unadorned — atmosphere, gradient falloff or empty depth, no detail and no focal point there. The principal subject sits in the lower two thirds, weighted below centre and placed off the vertical axis. Clear depth across three planes: near, middle and far. No text, no letterforms, no numerals, no signature, no watermark, no logo, no border and no frame. Deep water, waves, currents, suspended droplets, foam, bubbles, translucent depths and fluid underwater forms. Soft diffused illumination, luminous haze, gentle tonal transitions, restrained contrast, subtle bloom and an ethereal atmospheric glow. Gentle directional movement, softly displaced forms, subtle asymmetry and relaxed visual flow across the composition. Scarlet, vermilion and molten gold against black."
401,0401_architecture_midnight_drift_emerald.jpg,general,architecture,midnight,drift,emerald,,1444595714,previews/studio/general/0401_architecture_midnight_drift_emerald.jpg,wallpapers/studio/general/0401_architecture_midnight_drift_emerald.jpg,64850,ok,"A single striking abstract artwork made as a mobile phone wallpaper. Vertical 9:16 mobile wallpaper, full-bleed edge to edge composition. The upper region of the frame is open and unadorned — atmosphere, gradient falloff or empty depth, no detail and no focal point there. The principal subject sits in the lower two thirds, weighted below centre and placed off the vertical axis. Clear depth across three planes: near, middle and far. No text, no letterforms, no numerals, no signature, no watermark, no logo, no border and no frame. Arches, columns, vaults, stairs, towers, passages and monumental geometric structures arranged with dramatic scale and depth. Predominantly deep values, sparse concentrated illumination, rich shadows, isolated highlights and quiet low-light atmosphere. Gentle directional movement, softly displaced forms, subtle asymmetry and relaxed visual flow across the composition. Deep forest, emerald and jade with luminous chartreuse accents."
402,0402_architecture_dream_flow_opal.jpg,general,architecture,dream,flow,opal,,1951547828,previews/studio/general/0402_architecture_dream_flow_opal.jpg,wallpapers/studio/general/0402_architecture_dream_flow_opal.jpg,1951,ok,"A single striking abstract artwork made as a mobile phone wallpaper. Vertical 9:16 mobile wallpaper, full-bleed edge to edge composition. The upper region of the frame is open and unadorned — atmosphere, gradient falloff or empty depth, no detail and no focal point there. The principal subject sits in the lower two thirds, weighted below centre and placed off the vertical axis. Clear depth across three planes: near, middle and far. No text, no letterforms, no numerals, no signature, no watermark, no logo, no border and no frame. Arches, columns, vaults, stairs, towers, passages and monumental geometric structures arranged with dramatic scale and depth. Soft diffused illumination, luminous haze, gentle tonal transitions, restrained contrast, subtle bloom and an ethereal atmospheric glow. Continuous sweeping movement, interconnected forms, graceful curves and clear directional pathways carrying the eye through the composition. Pearl, lavender, pale cyan and blush with iridescent highlights."
549,0549_mineral_inferno_stillness_opal.jpg,general,mineral,inferno,stillness,opal,,1311580941,previews/studio/general/0549_mineral_inferno_stillness_opal.jpg,wallpapers/studio/general/0549_mineral_inferno_stillness_opal.jpg,64455,ok,"A single striking abstract artwork made as a mobile phone wallpaper. Vertical 9:16 mobile wallpaper, full-bleed edge to edge composition. The upper region of the frame is open and unadorned — atmosphere, gradient falloff or empty depth, no detail and no focal point there. The principal subject sits in the lower two thirds, weighted below centre and placed off the vertical axis. Clear depth across three planes: near, middle and far. No text, no letterforms, no numerals, no signature, no watermark, no logo, no border and no frame. Crystals, geodes, stone, metallic ore, fractured rock, polished mineral surfaces and intricate geological structures. Intense internal illumination, brilliant hot highlights, deep surrounding shadows, glowing atmospheric haze and aggressive high-contrast luminosity. Centered, balanced composition with generous negative space, minimal directional movement, simple large forms and a strong sense of visual stability. Pearl, lavender, pale cyan and blush with iridescent highlights."
264,0264_botanical_inferno_surge_inferno.jpg,general,botanical,inferno,surge,inferno,,711632800,previews/studio/general/0264_botanical_inferno_surge_inferno.jpg,wallpapers/studio/general/0264_botanical_inferno_surge_inferno.jpg,65366,ok,"A single striking abstract artwork made as a mobile phone wallpaper. Vertical 9:16 mobile wallpaper, full-bleed edge to edge composition. The upper region of the frame is open and unadorned — atmosphere, gradient falloff or empty depth, no detail and no focal point there. The principal subject sits in the lower two thirds, weighted below centre and placed off the vertical axis. Clear depth across three planes: near, middle and far. No text, no letterforms, no numerals, no signature, no watermark, no logo, no border and no frame. Leaves, petals, vines, roots, branches, blossoms, seeds and intricate organic plant structures woven into layered compositions. Intense internal illumination, brilliant hot highlights, deep surrounding shadows, glowing atmospheric haze and aggressive high-contrast luminosity. Forceful directional movement, strong diagonals, overlapping forms, dynamic scale changes and pronounced visual momentum. Scarlet, vermilion and molten gold against black."
124,0124_ocean_storm_flow_inferno.jpg,general,ocean,storm,flow,inferno,,605297191,previews/studio/general/0124_ocean_storm_flow_inferno.jpg,wallpapers/studio/general/0124_ocean_storm_flow_inferno.jpg,64356,ok,"A single striking abstract artwork made as a mobile phone wallpaper. Vertical 9:16 mobile wallpaper, full-bleed edge to edge composition. The upper region of the frame is open and unadorned — atmosphere, gradient falloff or empty depth, no detail and no focal point there. The principal subject sits in the lower two thirds, weighted below centre and placed off the vertical axis. Clear depth across three planes: near, middle and far. No text, no letterforms, no numerals, no signature, no watermark, no logo, no border and no frame. Deep water, waves, currents, suspended droplets, foam, bubbles, translucent depths and fluid underwater forms. Hard raking light through broken darkness, sharp highlights, deep shadows, high contrast and dense moisture-filled atmosphere. Continuous sweeping movement, interconnected forms, graceful curves and clear directional pathways carrying the eye through the composition. Scarlet, vermilion and molten gold against black."
403,0403_architecture_storm_surge_opal.jpg,general,architecture,storm,surge,opal,,311016295,previews/studio/general/0403_architecture_storm_surge_opal.jpg,wallpapers/studio/general/0403_architecture_storm_surge_opal.jpg,64347,ok,"A single striking abstract artwork made as a mobile phone wallpaper. Vertical 9:16 mobile wallpaper, full-bleed edge to edge composition. The upper region of the frame is open and unadorned — atmosphere, gradient falloff or empty depth, no detail and no focal point there. The principal subject sits in the lower two thirds, weighted below centre and placed off the vertical axis. Clear depth across three planes: near, middle and far. No text, no letterforms, no numerals, no signature, no watermark, no logo, no border and no frame. Arches, columns, vaults, stairs, towers, passages and monumental geometric structures arranged with dramatic scale and depth. Hard raking light through broken darkness, sharp highlights, deep shadows, high contrast and dense moisture-filled atmosphere. Forceful directional movement, strong diagonals, overlapping forms, dynamic scale changes and pronounced visual momentum. Pearl, lavender, pale cyan and blush with iridescent highlights."
550,0550_mineral_dream_drift_opal.jpg,general,mineral,dream,drift,opal,,1818533055,previews/studio/general/0550_mineral_dream_drift_opal.jpg,wallpapers/studio/general/0550_mineral_dream_drift_opal.jpg,63390,ok,"A single striking abstract artwork made as a mobile phone wallpaper. Vertical 9:16 mobile wallpaper, full-bleed edge to edge composition. The upper region of the frame is open and unadorned — atmosphere, gradient falloff or empty depth, no detail and no focal point there. The principal subject sits in the lower two thirds, weighted below centre and placed off the vertical axis. Clear depth across three planes: near, middle and far. No text, no letterforms, no numerals, no signature, no watermark, no logo, no border and no frame. Crystals, geodes, stone, metallic ore, fractured rock, polished mineral surfaces and intricate geological structures. Soft diffused illumination, luminous haze, gentle tonal transitions, restrained contrast, subtle bloom and an ethereal atmospheric glow. Gentle directional movement, softly displaced forms, subtle asymmetry and relaxed visual flow across the composition. Pearl, lavender, pale cyan and blush with iridescent highlights."
265,0265_botanical_dream_eruption_inferno.jpg,general,botanical,dream,eruption,inferno,,1218584914,previews/studio/general/0265_botanical_dream_eruption_inferno.jpg,wallpapers/studio/general/0265_botanical_dream_eruption_inferno.jpg,64449,ok,"A single striking abstract artwork made as a mobile phone wallpaper. Vertical 9:16 mobile wallpaper, full-bleed edge to edge composition. The upper region of the frame is open and unadorned — atmosphere, gradient falloff or empty depth, no detail and no focal point there. The principal subject sits in the lower two thirds, weighted below centre and placed off the vertical axis. Clear depth across three planes: near, middle and far. No text, no letterforms, no numerals, no signature, no watermark, no logo, no border and no frame. Leaves, petals, vines, roots, branches, blossoms, seeds and intricate organic plant structures woven into layered compositions. Soft diffused illumination, luminous haze, gentle tonal transitions, restrained contrast, subtle bloom and an ethereal atmospheric glow. Explosive outward movement, fragmented forms, dramatic displacement, extreme scale variation and dense controlled complexity radiating through the composition. Scarlet, vermilion and molten gold against black."
125,0125_ocean_twilight_surge_inferno.jpg,general,ocean,twilight,surge,inferno,,1112249305,previews/studio/general/0125_ocean_twilight_surge_inferno.jpg,wallpapers/studio/general/0125_ocean_twilight_surge_inferno.jpg,64224,ok,"A single striking abstract artwork made as a mobile phone wallpaper. Vertical 9:16 mobile wallpaper, full-bleed edge to edge composition. The upper region of the frame is open and unadorned — atmosphere, gradient falloff or empty depth, no detail and no focal point there. The principal subject sits in the lower two thirds, weighted below centre and placed off the vertical axis. Clear depth across three planes: near, middle and far. No text, no letterforms, no numerals, no signature, no watermark, no logo, no border and no frame. Deep water, waves, currents, suspended droplets, foam, bubbles, translucent depths and fluid underwater forms. Low directional light, long soft shadows, subdued highlights, layered atmospheric haze and a gradual transition between luminous and dark values. Forceful directional movement, strong diagonals, overlapping forms, dynamic scale changes and pronounced visual momentum. Scarlet, vermilion and molten gold against black."
404,0404_architecture_twilight_eruption_opal.jpg,general,architecture,twilight,eruption,opal,,817968409,previews/studio/general/0404_architecture_twilight_eruption_opal.jpg,wallpapers/studio/general/0404_architecture_twilight_eruption_opal.jpg,64146,ok,"A single striking abstract artwork made as a mobile phone wallpaper. Vertical 9:16 mobile wallpaper, full-bleed edge to edge composition. The upper region of the frame is open and unadorned — atmosphere, gradient falloff or empty depth, no detail and no focal point there. The principal subject sits in the lower two thirds, weighted below centre and placed off the vertical axis. Clear depth across three planes: near, middle and far. No text, no letterforms, no numerals, no signature, no watermark, no logo, no border and no frame. Arches, columns, vaults, stairs, towers, passages and monumental geometric structures arranged with dramatic scale and depth. Low directional light, long soft shadows, subdued highlights, layered atmospheric haze and a gradual transition between luminous and dark values. Explosive outward movement, fragmented forms, dramatic displacement, extreme scale variation and dense controlled complexity radiating through the composition. Pearl, lavender, pale cyan and blush with iridescent highlights."
551,0551_mineral_storm_flow_opal.jpg,general,mineral,storm,flow,opal,,178001522,previews/studio/general/0551_mineral_storm_flow_opal.jpg,wallpapers/studio/general/0551_mineral_storm_flow_opal.jpg,63829,ok,"A single striking abstract artwork made as a mobile phone wallpaper. Vertical 9:16 mobile wallpaper, full-bleed edge to edge composition. The upper region of the frame is open and unadorned — atmosphere, gradient falloff or empty depth, no detail and no focal point there. The principal subject sits in the lower two thirds, weighted below centre and placed off the vertical axis. Clear depth across three planes: near, middle and far. No text, no letterforms, no numerals, no signature, no watermark, no logo, no border and no frame. Crystals, geodes, stone, metallic ore, fractured rock, polished mineral surfaces and intricate geological structures. Hard raking light through broken darkness, sharp highlights, deep shadows, high contrast and dense moisture-filled atmosphere. Continuous sweeping movement, interconnected forms, graceful curves and clear directional pathways carrying the eye through the composition. Pearl, lavender, pale cyan and blush with iridescent highlights."
266,0266_botanical_storm_stillness_inferno.jpg,general,botanical,storm,stillness,inferno,,1725537028,previews/studio/general/0266_botanical_storm_stillness_inferno.jpg,wallpapers/studio/general/0266_botanical_storm_stillness_inferno.jpg,64912,ok,"A single striking abstract artwork made as a mobile phone wallpaper. Vertical 9:16 mobile wallpaper, full-bleed edge to edge composition. The upper region of the frame is open and unadorned — atmosphere, gradient falloff or empty depth, no detail and no focal point there. The principal subject sits in the lower two thirds, weighted below centre and placed off the vertical axis. Clear depth across three planes: near, middle and far. No text, no letterforms, no numerals, no signature, no watermark, no logo, no border and no frame. Leaves, petals, vines, roots, branches, blossoms, seeds and intricate organic plant structures woven into layered compositions. Hard raking light through broken darkness, sharp highlights, deep shadows, high contrast and dense moisture-filled atmosphere. Centered, balanced composition with generous negative space, minimal directional movement, simple large forms and a strong sense of visual stability. Scarlet, vermilion and molten gold against black."
126,0126_ocean_midnight_eruption_arctic.jpg,general,ocean,midnight,eruption,arctic,,1619201419,previews/studio/general/0126_ocean_midnight_eruption_arctic.jpg,wallpapers/studio/general/0126_ocean_midnight_eruption_arctic.jpg,64002,ok,"A single striking abstract artwork made as a mobile phone wallpaper. Vertical 9:16 mobile wallpaper, full-bleed edge to edge composition. The upper region of the frame is open and unadorned — atmosphere, gradient falloff or empty depth, no detail and no focal point there. The principal subject sits in the lower two thirds, weighted below centre and placed off the vertical axis. Clear depth across three planes: near, middle and far. No text, no letterforms, no numerals, no signature, no watermark, no logo, no border and no frame. Deep water, waves, currents, suspended droplets, foam, bubbles, translucent depths and fluid underwater forms. Predominantly deep values, sparse concentrated illumination, rich shadows, isolated highlights and quiet low-light atmosphere. Explosive outward movement, fragmented forms, dramatic displacement, extreme scale variation and dense controlled complexity radiating through the composition. Ice blue, silver and white with restrained cobalt shadows."
127,0127_ocean_inferno_stillness_arctic.jpg,general,ocean,inferno,stillness,arctic,,2126153533,previews/studio/general/0127_ocean_inferno_stillness_arctic.jpg,wallpapers/studio/general/0127_ocean_inferno_stillness_arctic.jpg,2136,ok,"A single striking abstract artwork made as a mobile phone wallpaper. Vertical 9:16 mobile wallpaper, full-bleed edge to edge composition. The upper region of the frame is open and unadorned — atmosphere, gradient falloff or empty depth, no detail and no focal point there. The principal subject sits in the lower two thirds, weighted below centre and placed off the vertical axis. Clear depth across three planes: near, middle and far. No text, no letterforms, no numerals, no signature, no watermark, no logo, no border and no frame. Deep water, waves, currents, suspended droplets, foam, bubbles, translucent depths and fluid underwater forms. Intense internal illumination, brilliant hot highlights, deep surrounding shadows, glowing atmospheric haze and aggressive high-contrast luminosity. Centered, balanced composition with generous negative space, minimal directional movement, simple large forms and a strong sense of visual stability. Ice blue, silver and white with restrained cobalt shadows."
405,0405_architecture_eclipse_stillness_opal.jpg,general,architecture,eclipse,stillness,opal,,1324920523,previews/studio/general/0405_architecture_eclipse_stillness_opal.jpg,wallpapers/studio/general/0405_architecture_eclipse_stillness_opal.jpg,65280,ok,"A single striking abstract artwork made as a mobile phone wallpaper. Vertical 9:16 mobile wallpaper, full-bleed edge to edge composition. The upper region of the frame is open and unadorned — atmosphere, gradient falloff or empty depth, no detail and no focal point there. The principal subject sits in the lower two thirds, weighted below centre and placed off the vertical axis. Clear depth across three planes: near, middle and far. No text, no letterforms, no numerals, no signature, no watermark, no logo, no border and no frame. Arches, columns, vaults, stairs, towers, passages and monumental geometric structures arranged with dramatic scale and depth. Strong backlighting, deep silhouettes, narrow brilliant rim light, extreme separation between darkness and radiance, with restrained atmospheric glow. Centered, balanced composition with generous negative space, minimal directional movement, simple large forms and a strong sense of visual stability. Pearl, lavender, pale cyan and blush with iridescent highlights."
552,0552_mineral_eclipse_surge_inferno.jpg,general,mineral,eclipse,surge,inferno,,684953636,previews/studio/general/0552_mineral_eclipse_surge_inferno.jpg,wallpapers/studio/general/0552_mineral_eclipse_surge_inferno.jpg,63458,ok,"A single striking abstract artwork made as a mobile phone wallpaper. Vertical 9:16 mobile wallpaper, full-bleed edge to edge composition. The upper region of the frame is open and unadorned — atmosphere, gradient falloff or empty depth, no detail and no focal point there. The principal subject sits in the lower two thirds, weighted below centre and placed off the vertical axis. Clear depth across three planes: near, middle and far. No text, no letterforms, no numerals, no signature, no watermark, no logo, no border and no frame. Crystals, geodes, stone, metallic ore, fractured rock, polished mineral surfaces and intricate geological structures. Strong backlighting, deep silhouettes, narrow brilliant rim light, extreme separation between darkness and radiance, with restrained atmospheric glow. Forceful directional movement, strong diagonals, overlapping forms, dynamic scale changes and pronounced visual momentum. Scarlet, vermilion and molten gold against black."
406,0406_architecture_midnight_drift_opal.jpg,general,architecture,midnight,drift,opal,,1831872637,previews/studio/general/0406_architecture_midnight_drift_opal.jpg,wallpapers/studio/general/0406_architecture_midnight_drift_opal.jpg,2208,ok,"A single striking abstract artwork made as a mobile phone wallpaper. Vertical 9:16 mobile wallpaper, full-bleed edge to edge composition. The upper region of the frame is open and unadorned — atmosphere, gradient falloff or empty depth, no detail and no focal point there. The principal subject sits in the lower two thirds, weighted below centre and placed off the vertical axis. Clear depth across three planes: near, middle and far. No text, no letterforms, no numerals, no signature, no watermark, no logo, no border and no frame. Arches, columns, vaults, stairs, towers, passages and monumental geometric structures arranged with dramatic scale and depth. Predominantly deep values, sparse concentrated illumination, rich shadows, isolated highlights and quiet low-light atmosphere. Gentle directional movement, softly displaced forms, subtle asymmetry and relaxed visual flow across the composition. Pearl, lavender, pale cyan and blush with iridescent highlights."
267,0267_botanical_twilight_drift_inferno.jpg,general,botanical,twilight,drift,inferno,,85005495,previews/studio/general/0267_botanical_twilight_drift_inferno.jpg,wallpapers/studio/general/0267_botanical_twilight_drift_inferno.jpg,64189,ok,"A single striking abstract artwork made as a mobile phone wallpaper. Vertical 9:16 mobile wallpaper, full-bleed edge to edge composition. The upper region of the frame is open and unadorned — atmosphere, gradient falloff or empty depth, no detail and no focal point there. The principal subject sits in the lower two thirds, weighted below centre and placed off the vertical axis. Clear depth across three planes: near, middle and far. No text, no letterforms, no numerals, no signature, no watermark, no logo, no border and no frame. Leaves, petals, vines, roots, branches, blossoms, seeds and intricate organic plant structures woven into layered compositions. Low directional light, long soft shadows, subdued highlights, layered atmospheric haze and a gradual transition between luminous and dark values. Gentle directional movement, softly displaced forms, subtle asymmetry and relaxed visual flow across the composition. Scarlet, vermilion and molten gold against black."
128,0128_ocean_dream_drift_arctic.jpg,general,ocean,dream,drift,arctic,,485622000,previews/studio/general/0128_ocean_dream_drift_arctic.jpg,wallpapers/studio/general/0128_ocean_dream_drift_arctic.jpg,64232,ok,"A single striking abstract artwork made as a mobile phone wallpaper. Vertical 9:16 mobile wallpaper, full-bleed edge to edge composition. The upper region of the frame is open and unadorned — atmosphere, gradient falloff or empty depth, no detail and no focal point there. The principal subject sits in the lower two thirds, weighted below centre and placed off the vertical axis. Clear depth across three planes: near, middle and far. No text, no letterforms, no numerals, no signature, no watermark, no logo, no border and no frame. Deep water, waves, currents, suspended droplets, foam, bubbles, translucent depths and fluid underwater forms. Soft diffused illumination, luminous haze, gentle tonal transitions, restrained contrast, subtle bloom and an ethereal atmospheric glow. Gentle directional movement, softly displaced forms, subtle asymmetry and relaxed visual flow across the composition. Ice blue, silver and white with restrained cobalt shadows."
553,0553_mineral_midnight_eruption_inferno.jpg,general,mineral,midnight,eruption,inferno,,1191905750,previews/studio/general/0553_mineral_midnight_eruption_inferno.jpg,wallpapers/studio/general/0553_mineral_midnight_eruption_inferno.jpg,63774,ok,"A single striking abstract artwork made as a mobile phone wallpaper. Vertical 9:16 mobile wallpaper, full-bleed edge to edge composition. The upper region of the frame is open and unadorned — atmosphere, gradient falloff or empty depth, no detail and no focal point there. The principal subject sits in the lower two thirds, weighted below centre and placed off the vertical axis. Clear depth across three planes: near, middle and far. No text, no letterforms, no numerals, no signature, no watermark, no logo, no border and no frame. Crystals, geodes, stone, metallic ore, fractured rock, polished mineral surfaces and intricate geological structures. Predominantly deep values, sparse concentrated illumination, rich shadows, isolated highlights and quiet low-light atmosphere. Explosive outward movement, fragmented forms, dramatic displacement, extreme scale variation and dense controlled complexity radiating through the composition. Scarlet, vermilion and molten gold against black."
407,0407_architecture_inferno_flow_opal.jpg,general,architecture,inferno,flow,opal,,191341104,previews/studio/general/0407_architecture_inferno_flow_opal.jpg,wallpapers/studio/general/0407_architecture_inferno_flow_opal.jpg,64126,ok,"A single striking abstract artwork made as a mobile phone wallpaper. Vertical 9:16 mobile wallpaper, full-bleed edge to edge composition. The upper region of the frame is open and unadorned — atmosphere, gradient falloff or empty depth, no detail and no focal point there. The principal subject sits in the lower two thirds, weighted below centre and placed off the vertical axis. Clear depth across three planes: near, middle and far. No text, no letterforms, no numerals, no signature, no watermark, no logo, no border and no frame. Arches, columns, vaults, stairs, towers, passages and monumental geometric structures arranged with dramatic scale and depth. Intense internal illumination, brilliant hot highlights, deep surrounding shadows, glowing atmospheric haze and aggressive high-contrast luminosity. Continuous sweeping movement, interconnected forms, graceful curves and clear directional pathways carrying the eye through the composition. Pearl, lavender, pale cyan and blush with iridescent highlights."
268,0268_botanical_eclipse_flow_inferno.jpg,general,botanical,eclipse,flow,inferno,,591957609,previews/studio/general/0268_botanical_eclipse_flow_inferno.jpg,wallpapers/studio/general/0268_botanical_eclipse_flow_inferno.jpg,64556,ok,"A single striking abstract artwork made as a mobile phone wallpaper. Vertical 9:16 mobile wallpaper, full-bleed edge to edge composition. The upper region of the frame is open and unadorned — atmosphere, gradient falloff or empty depth, no detail and no focal point there. The principal subject sits in the lower two thirds, weighted below centre and placed off the vertical axis. Clear depth across three planes: near, middle and far. No text, no letterforms, no numerals, no signature, no watermark, no logo, no border and no frame. Leaves, petals, vines, roots, branches, blossoms, seeds and intricate organic plant structures woven into layered compositions. Strong backlighting, deep silhouettes, narrow brilliant rim light, extreme separation between darkness and radiance, with restrained atmospheric glow. Continuous sweeping movement, interconnected forms, graceful curves and clear directional pathways carrying the eye through the composition. Scarlet, vermilion and molten gold against black."
129,0129_ocean_storm_flow_arctic.jpg,general,ocean,storm,flow,arctic,,992574114,previews/studio/general/0129_ocean_storm_flow_arctic.jpg,wallpapers/studio/general/0129_ocean_storm_flow_arctic.jpg,64374,ok,"A single striking abstract artwork made as a mobile phone wallpaper. Vertical 9:16 mobile wallpaper, full-bleed edge to edge composition. The upper region of the frame is open and unadorned — atmosphere, gradient falloff or empty depth, no detail and no focal point there. The principal subject sits in the lower two thirds, weighted below centre and placed off the vertical axis. Clear depth across three planes: near, middle and far. No text, no letterforms, no numerals, no signature, no watermark, no logo, no border and no frame. Deep water, waves, currents, suspended droplets, foam, bubbles, translucent depths and fluid underwater forms. Hard raking light through broken darkness, sharp highlights, deep shadows, high contrast and dense moisture-filled atmosphere. Continuous sweeping movement, interconnected forms, graceful curves and clear directional pathways carrying the eye through the composition. Ice blue, silver and white with restrained cobalt shadows."
554,0554_mineral_inferno_stillness_inferno.jpg,general,mineral,inferno,stillness,inferno,,1698857864,previews/studio/general/0554_mineral_inferno_stillness_inferno.jpg,wallpapers/studio/general/0554_mineral_inferno_stillness_inferno.jpg,63215,ok,"A single striking abstract artwork made as a mobile phone wallpaper. Vertical 9:16 mobile wallpaper, full-bleed edge to edge composition. The upper region of the frame is open and unadorned — atmosphere, gradient falloff or empty depth, no detail and no focal point there. The principal subject sits in the lower two thirds, weighted below centre and placed off the vertical axis. Clear depth across three planes: near, middle and far. No text, no letterforms, no numerals, no signature, no watermark, no logo, no border and no frame. Crystals, geodes, stone, metallic ore, fractured rock, polished mineral surfaces and intricate geological structures. Intense internal illumination, brilliant hot highlights, deep surrounding shadows, glowing atmospheric haze and aggressive high-contrast luminosity. Centered, balanced composition with generous negative space, minimal directional movement, simple large forms and a strong sense of visual stability. Scarlet, vermilion and molten gold against black."
408,0408_architecture_storm_surge_inferno.jpg,general,architecture,storm,surge,inferno,,698293218,previews/studio/general/0408_architecture_storm_surge_inferno.jpg,wallpapers/studio/general/0408_architecture_storm_surge_inferno.jpg,64441,ok,"A single striking abstract artwork made as a mobile phone wallpaper. Vertical 9:16 mobile wallpaper, full-bleed edge to edge composition. The upper region of the frame is open and unadorned — atmosphere, gradient falloff or empty depth, no detail and no focal point there. The principal subject sits in the lower two thirds, weighted below centre and placed off the vertical axis. Clear depth across three planes: near, middle and far. No text, no letterforms, no numerals, no signature, no watermark, no logo, no border and no frame. Arches, columns, vaults, stairs, towers, passages and monumental geometric structures arranged with dramatic scale and depth. Hard raking light through broken darkness, sharp highlights, deep shadows, high contrast and dense moisture-filled atmosphere. Forceful directional movement, strong diagonals, overlapping forms, dynamic scale changes and pronounced visual momentum. Scarlet, vermilion and molten gold against black."
269,0269_botanical_midnight_surge_inferno.jpg,general,botanical,midnight,surge,inferno,,1098909723,previews/studio/general/0269_botanical_midnight_surge_inferno.jpg,wallpapers/studio/general/0269_botanical_midnight_surge_inferno.jpg,64699,ok,"A single striking abstract artwork made as a mobile phone wallpaper. Vertical 9:16 mobile wallpaper, full-bleed edge to edge composition. The upper region of the frame is open and unadorned — atmosphere, gradient falloff or empty depth, no detail and no focal point there. The principal subject sits in the lower two thirds, weighted below centre and placed off the vertical axis. Clear depth across three planes: near, middle and far. No text, no letterforms, no numerals, no signature, no watermark, no logo, no border and no frame. Leaves, petals, vines, roots, branches, blossoms, seeds and intricate organic plant structures woven into layered compositions. Predominantly deep values, sparse concentrated illumination, rich shadows, isolated highlights and quiet low-light atmosphere. Forceful directional movement, strong diagonals, overlapping forms, dynamic scale changes and pronounced visual momentum. Scarlet, vermilion and molten gold against black."
130,0130_ocean_twilight_surge_arctic.jpg,general,ocean,twilight,surge,arctic,,1499526228,previews/studio/general/0130_ocean_twilight_surge_arctic.jpg,wallpapers/studio/general/0130_ocean_twilight_surge_arctic.jpg,63896,ok,"A single striking abstract artwork made as a mobile phone wallpaper. Vertical 9:16 mobile wallpaper, full-bleed edge to edge composition. The upper region of the frame is open and unadorned — atmosphere, gradient falloff or empty depth, no detail and no focal point there. The principal subject sits in the lower two thirds, weighted below centre and placed off the vertical axis. Clear depth across three planes: near, middle and far. No text, no letterforms, no numerals, no signature, no watermark, no logo, no border and no frame. Deep water, waves, currents, suspended droplets, foam, bubbles, translucent depths and fluid underwater forms. Low directional light, long soft shadows, subdued highlights, layered atmospheric haze and a gradual transition between luminous and dark values. Forceful directional movement, strong diagonals, overlapping forms, dynamic scale changes and pronounced visual momentum. Ice blue, silver and white with restrained cobalt shadows."
409,0409_architecture_twilight_eruption_inferno.jpg,general,architecture,twilight,eruption,inferno,,1205245332,previews/studio/general/0409_architecture_twilight_eruption_inferno.jpg,wallpapers/studio/general/0409_architecture_twilight_eruption_inferno.jpg,64319,ok,"A single striking abstract artwork made as a mobile phone wallpaper. Vertical 9:16 mobile wallpaper, full-bleed edge to edge composition. The upper region of the frame is open and unadorned — atmosphere, gradient falloff or empty depth, no detail and no focal point there. The principal subject sits in the lower two thirds, weighted below centre and placed off the vertical axis. Clear depth across three planes: near, middle and far. No text, no letterforms, no numerals, no signature, no watermark, no logo, no border and no frame. Arches, columns, vaults, stairs, towers, passages and monumental geometric structures arranged with dramatic scale and depth. Low directional light, long soft shadows, subdued highlights, layered atmospheric haze and a gradual transition between luminous and dark values. Explosive outward movement, fragmented forms, dramatic displacement, extreme scale variation and dense controlled complexity radiating through the composition. Scarlet, vermilion and molten gold against black."
555,0555_mineral_dream_drift_inferno.jpg,general,mineral,dream,drift,inferno,,58326331,,,,failed,"flux timed out -- status=starting"
270,0270_botanical_dream_eruption_arctic.jpg,general,botanical,dream,eruption,arctic,,1605861837,,,,failed,"flux timed out -- status=starting"
410,0410_architecture_eclipse_stillness_inferno.jpg,general,architecture,eclipse,stillness,inferno,,1712197446,previews/studio/general/0410_architecture_eclipse_stillness_inferno.jpg,wallpapers/studio/general/0410_architecture_eclipse_stillness_inferno.jpg,63458,ok,"A single striking abstract artwork made as a mobile phone wallpaper. Vertical 9:16 mobile wallpaper, full-bleed edge to edge composition. The upper region of the frame is open and unadorned — atmosphere, gradient falloff or empty depth, no detail and no focal point there. The principal subject sits in the lower two thirds, weighted below centre and placed off the vertical axis. Clear depth across three planes: near, middle and far. No text, no letterforms, no numerals, no signature, no watermark, no logo, no border and no frame. Arches, columns, vaults, stairs, towers, passages and monumental geometric structures arranged with dramatic scale and depth. Strong backlighting, deep silhouettes, narrow brilliant rim light, extreme separation between darkness and radiance, with restrained atmospheric glow. Centered, balanced composition with generous negative space, minimal directional movement, simple large forms and a strong sense of visual stability. Scarlet, vermilion and molten gold against black."
131,0131_ocean_eclipse_eruption_arctic.jpg,general,ocean,eclipse,eruption,arctic,,2006478342,,,,failed,"flux timed out -- status=starting"
556,0556_mineral_storm_flow_inferno.jpg,general,mineral,storm,flow,inferno,,565278445,previews/studio/general/0556_mineral_storm_flow_inferno.jpg,wallpapers/studio/general/0556_mineral_storm_flow_inferno.jpg,64539,ok,"A single striking abstract artwork made as a mobile phone wallpaper. Vertical 9:16 mobile wallpaper, full-bleed edge to edge composition. The upper region of the frame is open and unadorned — atmosphere, gradient falloff or empty depth, no detail and no focal point there. The principal subject sits in the lower two thirds, weighted below centre and placed off the vertical axis. Clear depth across three planes: near, middle and far. No text, no letterforms, no numerals, no signature, no watermark, no logo, no border and no frame. Crystals, geodes, stone, metallic ore, fractured rock, polished mineral surfaces and intricate geological structures. Hard raking light through broken darkness, sharp highlights, deep shadows, high contrast and dense moisture-filled atmosphere. Continuous sweeping movement, interconnected forms, graceful curves and clear directional pathways carrying the eye through the composition. Scarlet, vermilion and molten gold against black."
271,0271_botanical_storm_stillness_arctic.jpg,general,botanical,storm,stillness,arctic,,2112813951,previews/studio/general/0271_botanical_storm_stillness_arctic.jpg,wallpapers/studio/general/0271_botanical_storm_stillness_arctic.jpg,64633,ok,"A single striking abstract artwork made as a mobile phone wallpaper. Vertical 9:16 mobile wallpaper, full-bleed edge to edge composition. The upper region of the frame is open and unadorned — atmosphere, gradient falloff or empty depth, no detail and no focal point there. The principal subject sits in the lower two thirds, weighted below centre and placed off the vertical axis. Clear depth across three planes: near, middle and far. No text, no letterforms, no numerals, no signature, no watermark, no logo, no border and no frame. Leaves, petals, vines, roots, branches, blossoms, seeds and intricate organic plant structures woven into layered compositions. Hard raking light through broken darkness, sharp highlights, deep shadows, high contrast and dense moisture-filled atmosphere. Centered, balanced composition with generous negative space, minimal directional movement, simple large forms and a strong sense of visual stability. Ice blue, silver and white with restrained cobalt shadows."
411,0411_architecture_midnight_drift_inferno.jpg,general,architecture,midnight,drift,inferno,,71665913,,,,failed,"flux timed out -- status=starting"
132,0132_ocean_inferno_stillness_midnight.jpg,general,ocean,inferno,stillness,midnight,,365946809,previews/studio/general/0132_ocean_inferno_stillness_midnight.jpg,wallpapers/studio/general/0132_ocean_inferno_stillness_midnight.jpg,66802,ok,"A single striking abstract artwork made as a mobile phone wallpaper. Vertical 9:16 mobile wallpaper, full-bleed edge to edge composition. The upper region of the frame is open and unadorned — atmosphere, gradient falloff or empty depth, no detail and no focal point there. The principal subject sits in the lower two thirds, weighted below centre and placed off the vertical axis. Clear depth across three planes: near, middle and far. No text, no letterforms, no numerals, no signature, no watermark, no logo, no border and no frame. Deep water, waves, currents, suspended droplets, foam, bubbles, translucent depths and fluid underwater forms. Intense internal illumination, brilliant hot highlights, deep surrounding shadows, glowing atmospheric haze and aggressive high-contrast luminosity. Centered, balanced composition with generous negative space, minimal directional movement, simple large forms and a strong sense of visual stability. Navy, indigo and black with sparse electric-blue illumination."
557,0557_mineral_twilight_surge_inferno.jpg,general,mineral,twilight,surge,inferno,,1072230559,,,,failed,"prediction failed: Director: unexpected error handling prediction (E9828)"
272,0272_botanical_twilight_drift_arctic.jpg,general,botanical,twilight,drift,arctic,,472282418,previews/studio/general/0272_botanical_twilight_drift_arctic.jpg,wallpapers/studio/general/0272_botanical_twilight_drift_arctic.jpg,63777,ok,"A single striking abstract artwork made as a mobile phone wallpaper. Vertical 9:16 mobile wallpaper, full-bleed edge to edge composition. The upper region of the frame is open and unadorned — atmosphere, gradient falloff or empty depth, no detail and no focal point there. The principal subject sits in the lower two thirds, weighted below centre and placed off the vertical axis. Clear depth across three planes: near, middle and far. No text, no letterforms, no numerals, no signature, no watermark, no logo, no border and no frame. Leaves, petals, vines, roots, branches, blossoms, seeds and intricate organic plant structures woven into layered compositions. Low directional light, long soft shadows, subdued highlights, layered atmospheric haze and a gradual transition between luminous and dark values. Gentle directional movement, softly displaced forms, subtle asymmetry and relaxed visual flow across the composition. Ice blue, silver and white with restrained cobalt shadows."
133,0133_ocean_dream_drift_midnight.jpg,general,ocean,dream,drift,midnight,,872898923,previews/studio/general/0133_ocean_dream_drift_midnight.jpg,wallpapers/studio/general/0133_ocean_dream_drift_midnight.jpg,63458,ok,"A single striking abstract artwork made as a mobile phone wallpaper. Vertical 9:16 mobile wallpaper, full-bleed edge to edge composition. The upper region of the frame is open and unadorned — atmosphere, gradient falloff or empty depth, no detail and no focal point there. The principal subject sits in the lower two thirds, weighted below centre and placed off the vertical axis. Clear depth across three planes: near, middle and far. No text, no letterforms, no numerals, no signature, no watermark, no logo, no border and no frame. Deep water, waves, currents, suspended droplets, foam, bubbles, translucent depths and fluid underwater forms. Soft diffused illumination, luminous haze, gentle tonal transitions, restrained contrast, subtle bloom and an ethereal atmospheric glow. Gentle directional movement, softly displaced forms, subtle asymmetry and relaxed visual flow across the composition. Navy, indigo and black with sparse electric-blue illumination."
412,0412_architecture_inferno_flow_inferno.jpg,general,architecture,inferno,flow,inferno,,578618027,previews/studio/general/0412_architecture_inferno_flow_inferno.jpg,wallpapers/studio/general/0412_architecture_inferno_flow_inferno.jpg,64906,ok,"A single striking abstract artwork made as a mobile phone wallpaper. Vertical 9:16 mobile wallpaper, full-bleed edge to edge composition. The upper region of the frame is open and unadorned — atmosphere, gradient falloff or empty depth, no detail and no focal point there. The principal subject sits in the lower two thirds, weighted below centre and placed off the vertical axis. Clear depth across three planes: near, middle and far. No text, no letterforms, no numerals, no signature, no watermark, no logo, no border and no frame. Arches, columns, vaults, stairs, towers, passages and monumental geometric structures arranged with dramatic scale and depth. Intense internal illumination, brilliant hot highlights, deep surrounding shadows, glowing atmospheric haze and aggressive high-contrast luminosity. Continuous sweeping movement, interconnected forms, graceful curves and clear directional pathways carrying the eye through the composition. Scarlet, vermilion and molten gold against black."
558,0558_mineral_midnight_eruption_arctic.jpg,general,mineral,midnight,eruption,arctic,,1579182673,previews/studio/general/0558_mineral_midnight_eruption_arctic.jpg,wallpapers/studio/general/0558_mineral_midnight_eruption_arctic.jpg,64123,ok,"A single striking abstract artwork made as a mobile phone wallpaper. Vertical 9:16 mobile wallpaper, full-bleed edge to edge composition. The upper region of the frame is open and unadorned — atmosphere, gradient falloff or empty depth, no detail and no focal point there. The principal subject sits in the lower two thirds, weighted below centre and placed off the vertical axis. Clear depth across three planes: near, middle and far. No text, no letterforms, no numerals, no signature, no watermark, no logo, no border and no frame. Crystals, geodes, stone, metallic ore, fractured rock, polished mineral surfaces and intricate geological structures. Predominantly deep values, sparse concentrated illumination, rich shadows, isolated highlights and quiet low-light atmosphere. Explosive outward movement, fragmented forms, dramatic displacement, extreme scale variation and dense controlled complexity radiating through the composition. Ice blue, silver and white with restrained cobalt shadows."
273,0273_botanical_eclipse_flow_arctic.jpg,general,botanical,eclipse,flow,arctic,,979234532,previews/studio/general/0273_botanical_eclipse_flow_arctic.jpg,wallpapers/studio/general/0273_botanical_eclipse_flow_arctic.jpg,64647,ok,"A single striking abstract artwork made as a mobile phone wallpaper. Vertical 9:16 mobile wallpaper, full-bleed edge to edge composition. The upper region of the frame is open and unadorned — atmosphere, gradient falloff or empty depth, no detail and no focal point there. The principal subject sits in the lower two thirds, weighted below centre and placed off the vertical axis. Clear depth across three planes: near, middle and far. No text, no letterforms, no numerals, no signature, no watermark, no logo, no border and no frame. Leaves, petals, vines, roots, branches, blossoms, seeds and intricate organic plant structures woven into layered compositions. Strong backlighting, deep silhouettes, narrow brilliant rim light, extreme separation between darkness and radiance, with restrained atmospheric glow. Continuous sweeping movement, interconnected forms, graceful curves and clear directional pathways carrying the eye through the composition. Ice blue, silver and white with restrained cobalt shadows."
274,0274_botanical_midnight_surge_arctic.jpg,general,botanical,midnight,surge,arctic,,1486186646,previews/studio/general/0274_botanical_midnight_surge_arctic.jpg,wallpapers/studio/general/0274_botanical_midnight_surge_arctic.jpg,3423,ok,"A single striking abstract artwork made as a mobile phone wallpaper. Vertical 9:16 mobile wallpaper, full-bleed edge to edge composition. The upper region of the frame is open and unadorned — atmosphere, gradient falloff or empty depth, no detail and no focal point there. The principal subject sits in the lower two thirds, weighted below centre and placed off the vertical axis. Clear depth across three planes: near, middle and far. No text, no letterforms, no numerals, no signature, no watermark, no logo, no border and no frame. Leaves, petals, vines, roots, branches, blossoms, seeds and intricate organic plant structures woven into layered compositions. Predominantly deep values, sparse concentrated illumination, rich shadows, isolated highlights and quiet low-light atmosphere. Forceful directional movement, strong diagonals, overlapping forms, dynamic scale changes and pronounced visual momentum. Ice blue, silver and white with restrained cobalt shadows."
275,0275_botanical_inferno_eruption_arctic.jpg,general,botanical,inferno,eruption,arctic,,1993138760,previews/studio/general/0275_botanical_inferno_eruption_arctic.jpg,wallpapers/studio/general/0275_botanical_inferno_eruption_arctic.jpg,4705,ok,"A single striking abstract artwork made as a mobile phone wallpaper. Vertical 9:16 mobile wallpaper, full-bleed edge to edge composition. The upper region of the frame is open and unadorned — atmosphere, gradient falloff or empty depth, no detail and no focal point there. The principal subject sits in the lower two thirds, weighted below centre and placed off the vertical axis. Clear depth across three planes: near, middle and far. No text, no letterforms, no numerals, no signature, no watermark, no logo, no border and no frame. Leaves, petals, vines, roots, branches, blossoms, seeds and intricate organic plant structures woven into layered compositions. Intense internal illumination, brilliant hot highlights, deep surrounding shadows, glowing atmospheric haze and aggressive high-contrast luminosity. Explosive outward movement, fragmented forms, dramatic displacement, extreme scale variation and dense controlled complexity radiating through the composition. Ice blue, silver and white with restrained cobalt shadows."
134,0134_ocean_storm_flow_midnight.jpg,general,ocean,storm,flow,midnight,,1379851037,previews/studio/general/0134_ocean_storm_flow_midnight.jpg,wallpapers/studio/general/0134_ocean_storm_flow_midnight.jpg,64260,ok,"A single striking abstract artwork made as a mobile phone wallpaper. Vertical 9:16 mobile wallpaper, full-bleed edge to edge composition. The upper region of the frame is open and unadorned — atmosphere, gradient falloff or empty depth, no detail and no focal point there. The principal subject sits in the lower two thirds, weighted below centre and placed off the vertical axis. Clear depth across three planes: near, middle and far. No text, no letterforms, no numerals, no signature, no watermark, no logo, no border and no frame. Deep water, waves, currents, suspended droplets, foam, bubbles, translucent depths and fluid underwater forms. Hard raking light through broken darkness, sharp highlights, deep shadows, high contrast and dense moisture-filled atmosphere. Continuous sweeping movement, interconnected forms, graceful curves and clear directional pathways carrying the eye through the composition. Navy, indigo and black with sparse electric-blue illumination."
413,0413_architecture_dream_surge_inferno.jpg,general,architecture,dream,surge,inferno,,1085570141,previews/studio/general/0413_architecture_dream_surge_inferno.jpg,wallpapers/studio/general/0413_architecture_dream_surge_inferno.jpg,64565,ok,"A single striking abstract artwork made as a mobile phone wallpaper. Vertical 9:16 mobile wallpaper, full-bleed edge to edge composition. The upper region of the frame is open and unadorned — atmosphere, gradient falloff or empty depth, no detail and no focal point there. The principal subject sits in the lower two thirds, weighted below centre and placed off the vertical axis. Clear depth across three planes: near, middle and far. No text, no letterforms, no numerals, no signature, no watermark, no logo, no border and no frame. Arches, columns, vaults, stairs, towers, passages and monumental geometric structures arranged with dramatic scale and depth. Soft diffused illumination, luminous haze, gentle tonal transitions, restrained contrast, subtle bloom and an ethereal atmospheric glow. Forceful directional movement, strong diagonals, overlapping forms, dynamic scale changes and pronounced visual momentum. Scarlet, vermilion and molten gold against black."
559,0559_mineral_inferno_stillness_arctic.jpg,general,mineral,inferno,stillness,arctic,,2086134787,previews/studio/general/0559_mineral_inferno_stillness_arctic.jpg,wallpapers/studio/general/0559_mineral_inferno_stillness_arctic.jpg,63962,ok,"A single striking abstract artwork made as a mobile phone wallpaper. Vertical 9:16 mobile wallpaper, full-bleed edge to edge composition. The upper region of the frame is open and unadorned — atmosphere, gradient falloff or empty depth, no detail and no focal point there. The principal subject sits in the lower two thirds, weighted below centre and placed off the vertical axis. Clear depth across three planes: near, middle and far. No text, no letterforms, no numerals, no signature, no watermark, no logo, no border and no frame. Crystals, geodes, stone, metallic ore, fractured rock, polished mineral surfaces and intricate geological structures. Intense internal illumination, brilliant hot highlights, deep surrounding shadows, glowing atmospheric haze and aggressive high-contrast luminosity. Centered, balanced composition with generous negative space, minimal directional movement, simple large forms and a strong sense of visual stability. Ice blue, silver and white with restrained cobalt shadows."
560,0560_mineral_dream_drift_arctic.jpg,general,mineral,dream,drift,arctic,,445603254,previews/studio/general/0560_mineral_dream_drift_arctic.jpg,wallpapers/studio/general/0560_mineral_dream_drift_arctic.jpg,5541,ok,"A single striking abstract artwork made as a mobile phone wallpaper. Vertical 9:16 mobile wallpaper, full-bleed edge to edge composition. The upper region of the frame is open and unadorned — atmosphere, gradient falloff or empty depth, no detail and no focal point there. The principal subject sits in the lower two thirds, weighted below centre and placed off the vertical axis. Clear depth across three planes: near, middle and far. No text, no letterforms, no numerals, no signature, no watermark, no logo, no border and no frame. Crystals, geodes, stone, metallic ore, fractured rock, polished mineral surfaces and intricate geological structures. Soft diffused illumination, luminous haze, gentle tonal transitions, restrained contrast, subtle bloom and an ethereal atmospheric glow. Gentle directional movement, softly displaced forms, subtle asymmetry and relaxed visual flow across the composition. Ice blue, silver and white with restrained cobalt shadows."
276,0276_botanical_storm_stillness_midnight.jpg,general,botanical,storm,stillness,midnight,,352607227,previews/studio/general/0276_botanical_storm_stillness_midnight.jpg,wallpapers/studio/general/0276_botanical_storm_stillness_midnight.jpg,63673,ok,"A single striking abstract artwork made as a mobile phone wallpaper. Vertical 9:16 mobile wallpaper, full-bleed edge to edge composition. The upper region of the frame is open and unadorned — atmosphere, gradient falloff or empty depth, no detail and no focal point there. The principal subject sits in the lower two thirds, weighted below centre and placed off the vertical axis. Clear depth across three planes: near, middle and far. No text, no letterforms, no numerals, no signature, no watermark, no logo, no border and no frame. Leaves, petals, vines, roots, branches, blossoms, seeds and intricate organic plant structures woven into layered compositions. Hard raking light through broken darkness, sharp highlights, deep shadows, high contrast and dense moisture-filled atmosphere. Centered, balanced composition with generous negative space, minimal directional movement, simple large forms and a strong sense of visual stability. Navy, indigo and black with sparse electric-blue illumination."
135,0135_ocean_twilight_surge_midnight.jpg,general,ocean,twilight,surge,midnight,,1886803151,previews/studio/general/0135_ocean_twilight_surge_midnight.jpg,wallpapers/studio/general/0135_ocean_twilight_surge_midnight.jpg,63568,ok,"A single striking abstract artwork made as a mobile phone wallpaper. Vertical 9:16 mobile wallpaper, full-bleed edge to edge composition. The upper region of the frame is open and unadorned — atmosphere, gradient falloff or empty depth, no detail and no focal point there. The principal subject sits in the lower two thirds, weighted below centre and placed off the vertical axis. Clear depth across three planes: near, middle and far. No text, no letterforms, no numerals, no signature, no watermark, no logo, no border and no frame. Deep water, waves, currents, suspended droplets, foam, bubbles, translucent depths and fluid underwater forms. Low directional light, long soft shadows, subdued highlights, layered atmospheric haze and a gradual transition between luminous and dark values. Forceful directional movement, strong diagonals, overlapping forms, dynamic scale changes and pronounced visual momentum. Navy, indigo and black with sparse electric-blue illumination."
414,0414_architecture_twilight_eruption_arctic.jpg,general,architecture,twilight,eruption,arctic,,1592522255,previews/studio/general/0414_architecture_twilight_eruption_arctic.jpg,wallpapers/studio/general/0414_architecture_twilight_eruption_arctic.jpg,64202,ok,"A single striking abstract artwork made as a mobile phone wallpaper. Vertical 9:16 mobile wallpaper, full-bleed edge to edge composition. The upper region of the frame is open and unadorned — atmosphere, gradient falloff or empty depth, no detail and no focal point there. The principal subject sits in the lower two thirds, weighted below centre and placed off the vertical axis. Clear depth across three planes: near, middle and far. No text, no letterforms, no numerals, no signature, no watermark, no logo, no border and no frame. Arches, columns, vaults, stairs, towers, passages and monumental geometric structures arranged with dramatic scale and depth. Low directional light, long soft shadows, subdued highlights, layered atmospheric haze and a gradual transition between luminous and dark values. Explosive outward movement, fragmented forms, dramatic displacement, extreme scale variation and dense controlled complexity radiating through the composition. Ice blue, silver and white with restrained cobalt shadows."
561,0561_mineral_storm_flow_arctic.jpg,general,mineral,storm,flow,arctic,,952555368,previews/studio/general/0561_mineral_storm_flow_arctic.jpg,wallpapers/studio/general/0561_mineral_storm_flow_arctic.jpg,64711,ok,"A single striking abstract artwork made as a mobile phone wallpaper. Vertical 9:16 mobile wallpaper, full-bleed edge to edge composition. The upper region of the frame is open and unadorned — atmosphere, gradient falloff or empty depth, no detail and no focal point there. The principal subject sits in the lower two thirds, weighted below centre and placed off the vertical axis. Clear depth across three planes: near, middle and far. No text, no letterforms, no numerals, no signature, no watermark, no logo, no border and no frame. Crystals, geodes, stone, metallic ore, fractured rock, polished mineral surfaces and intricate geological structures. Hard raking light through broken darkness, sharp highlights, deep shadows, high contrast and dense moisture-filled atmosphere. Continuous sweeping movement, interconnected forms, graceful curves and clear directional pathways carrying the eye through the composition. Ice blue, silver and white with restrained cobalt shadows."
277,0277_botanical_twilight_drift_midnight.jpg,general,botanical,twilight,drift,midnight,,859559341,previews/studio/general/0277_botanical_twilight_drift_midnight.jpg,wallpapers/studio/general/0277_botanical_twilight_drift_midnight.jpg,63569,ok,"A single striking abstract artwork made as a mobile phone wallpaper. Vertical 9:16 mobile wallpaper, full-bleed edge to edge composition. The upper region of the frame is open and unadorned — atmosphere, gradient falloff or empty depth, no detail and no focal point there. The principal subject sits in the lower two thirds, weighted below centre and placed off the vertical axis. Clear depth across three planes: near, middle and far. No text, no letterforms, no numerals, no signature, no watermark, no logo, no border and no frame. Leaves, petals, vines, roots, branches, blossoms, seeds and intricate organic plant structures woven into layered compositions. Low directional light, long soft shadows, subdued highlights, layered atmospheric haze and a gradual transition between luminous and dark values. Gentle directional movement, softly displaced forms, subtle asymmetry and relaxed visual flow across the composition. Navy, indigo and black with sparse electric-blue illumination."
136,0136_ocean_eclipse_eruption_midnight.jpg,general,ocean,eclipse,eruption,midnight,,246271618,previews/studio/general/0136_ocean_eclipse_eruption_midnight.jpg,wallpapers/studio/general/0136_ocean_eclipse_eruption_midnight.jpg,65837,ok,"A single striking abstract artwork made as a mobile phone wallpaper. Vertical 9:16 mobile wallpaper, full-bleed edge to edge composition. The upper region of the frame is open and unadorned — atmosphere, gradient falloff or empty depth, no detail and no focal point there. The principal subject sits in the lower two thirds, weighted below centre and placed off the vertical axis. Clear depth across three planes: near, middle and far. No text, no letterforms, no numerals, no signature, no watermark, no logo, no border and no frame. Deep water, waves, currents, suspended droplets, foam, bubbles, translucent depths and fluid underwater forms. Strong backlighting, deep silhouettes, narrow brilliant rim light, extreme separation between darkness and radiance, with restrained atmospheric glow. Explosive outward movement, fragmented forms, dramatic displacement, extreme scale variation and dense controlled complexity radiating through the composition. Navy, indigo and black with sparse electric-blue illumination."
415,0415_architecture_eclipse_stillness_arctic.jpg,general,architecture,eclipse,stillness,arctic,,2099474369,previews/studio/general/0415_architecture_eclipse_stillness_arctic.jpg,wallpapers/studio/general/0415_architecture_eclipse_stillness_arctic.jpg,64320,ok,"A single striking abstract artwork made as a mobile phone wallpaper. Vertical 9:16 mobile wallpaper, full-bleed edge to edge composition. The upper region of the frame is open and unadorned — atmosphere, gradient falloff or empty depth, no detail and no focal point there. The principal subject sits in the lower two thirds, weighted below centre and placed off the vertical axis. Clear depth across three planes: near, middle and far. No text, no letterforms, no numerals, no signature, no watermark, no logo, no border and no frame. Arches, columns, vaults, stairs, towers, passages and monumental geometric structures arranged with dramatic scale and depth. Strong backlighting, deep silhouettes, narrow brilliant rim light, extreme separation between darkness and radiance, with restrained atmospheric glow. Centered, balanced composition with generous negative space, minimal directional movement, simple large forms and a strong sense of visual stability. Ice blue, silver and white with restrained cobalt shadows."
562,0562_mineral_twilight_surge_arctic.jpg,general,mineral,twilight,surge,arctic,,1459507482,previews/studio/general/0562_mineral_twilight_surge_arctic.jpg,wallpapers/studio/general/0562_mineral_twilight_surge_arctic.jpg,64457,ok,"A single striking abstract artwork made as a mobile phone wallpaper. Vertical 9:16 mobile wallpaper, full-bleed edge to edge composition. The upper region of the frame is open and unadorned — atmosphere, gradient falloff or empty depth, no detail and no focal point there. The principal subject sits in the lower two thirds, weighted below centre and placed off the vertical axis. Clear depth across three planes: near, middle and far. No text, no letterforms, no numerals, no signature, no watermark, no logo, no border and no frame. Crystals, geodes, stone, metallic ore, fractured rock, polished mineral surfaces and intricate geological structures. Low directional light, long soft shadows, subdued highlights, layered atmospheric haze and a gradual transition between luminous and dark values. Forceful directional movement, strong diagonals, overlapping forms, dynamic scale changes and pronounced visual momentum. Ice blue, silver and white with restrained cobalt shadows."
278,0278_botanical_eclipse_flow_midnight.jpg,general,botanical,eclipse,flow,midnight,,1366511455,previews/studio/general/0278_botanical_eclipse_flow_midnight.jpg,wallpapers/studio/general/0278_botanical_eclipse_flow_midnight.jpg,64187,ok,"A single striking abstract artwork made as a mobile phone wallpaper. Vertical 9:16 mobile wallpaper, full-bleed edge to edge composition. The upper region of the frame is open and unadorned — atmosphere, gradient falloff or empty depth, no detail and no focal point there. The principal subject sits in the lower two thirds, weighted below centre and placed off the vertical axis. Clear depth across three planes: near, middle and far. No text, no letterforms, no numerals, no signature, no watermark, no logo, no border and no frame. Leaves, petals, vines, roots, branches, blossoms, seeds and intricate organic plant structures woven into layered compositions. Strong backlighting, deep silhouettes, narrow brilliant rim light, extreme separation between darkness and radiance, with restrained atmospheric glow. Continuous sweeping movement, interconnected forms, graceful curves and clear directional pathways carrying the eye through the composition. Navy, indigo and black with sparse electric-blue illumination."
137,0137_ocean_midnight_stillness_midnight.jpg,general,ocean,midnight,stillness,midnight,,753223732,previews/studio/general/0137_ocean_midnight_stillness_midnight.jpg,wallpapers/studio/general/0137_ocean_midnight_stillness_midnight.jpg,64396,ok,"A single striking abstract artwork made as a mobile phone wallpaper. Vertical 9:16 mobile wallpaper, full-bleed edge to edge composition. The upper region of the frame is open and unadorned — atmosphere, gradient falloff or empty depth, no detail and no focal point there. The principal subject sits in the lower two thirds, weighted below centre and placed off the vertical axis. Clear depth across three planes: near, middle and far. No text, no letterforms, no numerals, no signature, no watermark, no logo, no border and no frame. Deep water, waves, currents, suspended droplets, foam, bubbles, translucent depths and fluid underwater forms. Predominantly deep values, sparse concentrated illumination, rich shadows, isolated highlights and quiet low-light atmosphere. Centered, balanced composition with generous negative space, minimal directional movement, simple large forms and a strong sense of visual stability. Navy, indigo and black with sparse electric-blue illumination."
416,0416_architecture_midnight_drift_arctic.jpg,general,architecture,midnight,drift,arctic,,458942836,previews/studio/general/0416_architecture_midnight_drift_arctic.jpg,wallpapers/studio/general/0416_architecture_midnight_drift_arctic.jpg,64440,ok,"A single striking abstract artwork made as a mobile phone wallpaper. Vertical 9:16 mobile wallpaper, full-bleed edge to edge composition. The upper region of the frame is open and unadorned — atmosphere, gradient falloff or empty depth, no detail and no focal point there. The principal subject sits in the lower two thirds, weighted below centre and placed off the vertical axis. Clear depth across three planes: near, middle and far. No text, no letterforms, no numerals, no signature, no watermark, no logo, no border and no frame. Arches, columns, vaults, stairs, towers, passages and monumental geometric structures arranged with dramatic scale and depth. Predominantly deep values, sparse concentrated illumination, rich shadows, isolated highlights and quiet low-light atmosphere. Gentle directional movement, softly displaced forms, subtle asymmetry and relaxed visual flow across the composition. Ice blue, silver and white with restrained cobalt shadows."
563,0563_mineral_eclipse_eruption_arctic.jpg,general,mineral,eclipse,eruption,arctic,,1966459596,previews/studio/general/0563_mineral_eclipse_eruption_arctic.jpg,wallpapers/studio/general/0563_mineral_eclipse_eruption_arctic.jpg,63838,ok,"A single striking abstract artwork made as a mobile phone wallpaper. Vertical 9:16 mobile wallpaper, full-bleed edge to edge composition. The upper region of the frame is open and unadorned — atmosphere, gradient falloff or empty depth, no detail and no focal point there. The principal subject sits in the lower two thirds, weighted below centre and placed off the vertical axis. Clear depth across three planes: near, middle and far. No text, no letterforms, no numerals, no signature, no watermark, no logo, no border and no frame. Crystals, geodes, stone, metallic ore, fractured rock, polished mineral surfaces and intricate geological structures. Strong backlighting, deep silhouettes, narrow brilliant rim light, extreme separation between darkness and radiance, with restrained atmospheric glow. Explosive outward movement, fragmented forms, dramatic displacement, extreme scale variation and dense controlled complexity radiating through the composition. Ice blue, silver and white with restrained cobalt shadows."
279,0279_botanical_midnight_surge_midnight.jpg,general,botanical,midnight,surge,midnight,,1873463569,previews/studio/general/0279_botanical_midnight_surge_midnight.jpg,wallpapers/studio/general/0279_botanical_midnight_surge_midnight.jpg,65411,ok,"A single striking abstract artwork made as a mobile phone wallpaper. Vertical 9:16 mobile wallpaper, full-bleed edge to edge composition. The upper region of the frame is open and unadorned — atmosphere, gradient falloff or empty depth, no detail and no focal point there. The principal subject sits in the lower two thirds, weighted below centre and placed off the vertical axis. Clear depth across three planes: near, middle and far. No text, no letterforms, no numerals, no signature, no watermark, no logo, no border and no frame. Leaves, petals, vines, roots, branches, blossoms, seeds and intricate organic plant structures woven into layered compositions. Predominantly deep values, sparse concentrated illumination, rich shadows, isolated highlights and quiet low-light atmosphere. Forceful directional movement, strong diagonals, overlapping forms, dynamic scale changes and pronounced visual momentum. Navy, indigo and black with sparse electric-blue illumination."
138,0138_ocean_dream_drift_prismatic.jpg,general,ocean,dream,drift,prismatic,,1260175846,previews/studio/general/0138_ocean_dream_drift_prismatic.jpg,wallpapers/studio/general/0138_ocean_dream_drift_prismatic.jpg,64505,ok,"A single striking abstract artwork made as a mobile phone wallpaper. Vertical 9:16 mobile wallpaper, full-bleed edge to edge composition. The upper region of the frame is open and unadorned — atmosphere, gradient falloff or empty depth, no detail and no focal point there. The principal subject sits in the lower two thirds, weighted below centre and placed off the vertical axis. Clear depth across three planes: near, middle and far. No text, no letterforms, no numerals, no signature, no watermark, no logo, no border and no frame. Deep water, waves, currents, suspended droplets, foam, bubbles, translucent depths and fluid underwater forms. Soft diffused illumination, luminous haze, gentle tonal transitions, restrained contrast, subtle bloom and an ethereal atmospheric glow. Gentle directional movement, softly displaced forms, subtle asymmetry and relaxed visual flow across the composition. Controlled spectrum colour, rich refraction, luminous transitions."
417,0417_architecture_inferno_flow_arctic.jpg,general,architecture,inferno,flow,arctic,,965894950,previews/studio/general/0417_architecture_inferno_flow_arctic.jpg,wallpapers/studio/general/0417_architecture_inferno_flow_arctic.jpg,64628,ok,"A single striking abstract artwork made as a mobile phone wallpaper. Vertical 9:16 mobile wallpaper, full-bleed edge to edge composition. The upper region of the frame is open and unadorned — atmosphere, gradient falloff or empty depth, no detail and no focal point there. The principal subject sits in the lower two thirds, weighted below centre and placed off the vertical axis. Clear depth across three planes: near, middle and far. No text, no letterforms, no numerals, no signature, no watermark, no logo, no border and no frame. Arches, columns, vaults, stairs, towers, passages and monumental geometric structures arranged with dramatic scale and depth. Intense internal illumination, brilliant hot highlights, deep surrounding shadows, glowing atmospheric haze and aggressive high-contrast luminosity. Continuous sweeping movement, interconnected forms, graceful curves and clear directional pathways carrying the eye through the composition. Ice blue, silver and white with restrained cobalt shadows."
564,0564_mineral_inferno_stillness_midnight.jpg,general,mineral,inferno,stillness,midnight,,325928063,,,,failed,"prediction failed: Model execution failed (User Input Error): AiError: AiError: NSFW content detected. Try running it again, or try a different prompt. (20fb7734-204b-4cdb-97b9-b5a054819a70)"
280,0280_botanical_inferno_eruption_midnight.jpg,general,botanical,inferno,eruption,midnight,,232932036,previews/studio/general/0280_botanical_inferno_eruption_midnight.jpg,wallpapers/studio/general/0280_botanical_inferno_eruption_midnight.jpg,64313,ok,"A single striking abstract artwork made as a mobile phone wallpaper. Vertical 9:16 mobile wallpaper, full-bleed edge to edge composition. The upper region of the frame is open and unadorned — atmosphere, gradient falloff or empty depth, no detail and no focal point there. The principal subject sits in the lower two thirds, weighted below centre and placed off the vertical axis. Clear depth across three planes: near, middle and far. No text, no letterforms, no numerals, no signature, no watermark, no logo, no border and no frame. Leaves, petals, vines, roots, branches, blossoms, seeds and intricate organic plant structures woven into layered compositions. Intense internal illumination, brilliant hot highlights, deep surrounding shadows, glowing atmospheric haze and aggressive high-contrast luminosity. Explosive outward movement, fragmented forms, dramatic displacement, extreme scale variation and dense controlled complexity radiating through the composition. Navy, indigo and black with sparse electric-blue illumination."
139,0139_ocean_storm_flow_prismatic.jpg,general,ocean,storm,flow,prismatic,,1767127960,previews/studio/general/0139_ocean_storm_flow_prismatic.jpg,wallpapers/studio/general/0139_ocean_storm_flow_prismatic.jpg,64589,ok,"A single striking abstract artwork made as a mobile phone wallpaper. Vertical 9:16 mobile wallpaper, full-bleed edge to edge composition. The upper region of the frame is open and unadorned — atmosphere, gradient falloff or empty depth, no detail and no focal point there. The principal subject sits in the lower two thirds, weighted below centre and placed off the vertical axis. Clear depth across three planes: near, middle and far. No text, no letterforms, no numerals, no signature, no watermark, no logo, no border and no frame. Deep water, waves, currents, suspended droplets, foam, bubbles, translucent depths and fluid underwater forms. Hard raking light through broken darkness, sharp highlights, deep shadows, high contrast and dense moisture-filled atmosphere. Continuous sweeping movement, interconnected forms, graceful curves and clear directional pathways carrying the eye through the composition. Controlled spectrum colour, rich refraction, luminous transitions."
418,0418_architecture_dream_surge_arctic.jpg,general,architecture,dream,surge,arctic,,1472847064,previews/studio/general/0418_architecture_dream_surge_arctic.jpg,wallpapers/studio/general/0418_architecture_dream_surge_arctic.jpg,64391,ok,"A single striking abstract artwork made as a mobile phone wallpaper. Vertical 9:16 mobile wallpaper, full-bleed edge to edge composition. The upper region of the frame is open and unadorned — atmosphere, gradient falloff or empty depth, no detail and no focal point there. The principal subject sits in the lower two thirds, weighted below centre and placed off the vertical axis. Clear depth across three planes: near, middle and far. No text, no letterforms, no numerals, no signature, no watermark, no logo, no border and no frame. Arches, columns, vaults, stairs, towers, passages and monumental geometric structures arranged with dramatic scale and depth. Soft diffused illumination, luminous haze, gentle tonal transitions, restrained contrast, subtle bloom and an ethereal atmospheric glow. Forceful directional movement, strong diagonals, overlapping forms, dynamic scale changes and pronounced visual momentum. Ice blue, silver and white with restrained cobalt shadows."
565,0565_mineral_dream_drift_midnight.jpg,general,mineral,dream,drift,midnight,,832880177,,,,failed,"prediction failed: Model execution failed (User Input Error): AiError: AiError: NSFW content detected. Try running it again, or try a different prompt. (d60c096f-73ca-4335-a47a-1d325b7069ba)"
281,0281_botanical_dream_stillness_midnight.jpg,general,botanical,dream,stillness,midnight,,739884150,previews/studio/general/0281_botanical_dream_stillness_midnight.jpg,wallpapers/studio/general/0281_botanical_dream_stillness_midnight.jpg,63567,ok,"A single striking abstract artwork made as a mobile phone wallpaper. Vertical 9:16 mobile wallpaper, full-bleed edge to edge composition. The upper region of the frame is open and unadorned — atmosphere, gradient falloff or empty depth, no detail and no focal point there. The principal subject sits in the lower two thirds, weighted below centre and placed off the vertical axis. Clear depth across three planes: near, middle and far. No text, no letterforms, no numerals, no signature, no watermark, no logo, no border and no frame. Leaves, petals, vines, roots, branches, blossoms, seeds and intricate organic plant structures woven into layered compositions. Soft diffused illumination, luminous haze, gentle tonal transitions, restrained contrast, subtle bloom and an ethereal atmospheric glow. Centered, balanced composition with generous negative space, minimal directional movement, simple large forms and a strong sense of visual stability. Navy, indigo and black with sparse electric-blue illumination."
282,0282_botanical_twilight_drift_prismatic.jpg,general,botanical,twilight,drift,prismatic,,1246836264,previews/studio/general/0282_botanical_twilight_drift_prismatic.jpg,wallpapers/studio/general/0282_botanical_twilight_drift_prismatic.jpg,2069,ok,"A single striking abstract artwork made as a mobile phone wallpaper. Vertical 9:16 mobile wallpaper, full-bleed edge to edge composition. The upper region of the frame is open and unadorned — atmosphere, gradient falloff or empty depth, no detail and no focal point there. The principal subject sits in the lower two thirds, weighted below centre and placed off the vertical axis. Clear depth across three planes: near, middle and far. No text, no letterforms, no numerals, no signature, no watermark, no logo, no border and no frame. Leaves, petals, vines, roots, branches, blossoms, seeds and intricate organic plant structures woven into layered compositions. Low directional light, long soft shadows, subdued highlights, layered atmospheric haze and a gradual transition between luminous and dark values. Gentle directional movement, softly displaced forms, subtle asymmetry and relaxed visual flow across the composition. Controlled spectrum colour, rich refraction, luminous transitions."
140,0140_ocean_twilight_surge_prismatic.jpg,general,ocean,twilight,surge,prismatic,,126596427,previews/studio/general/0140_ocean_twilight_surge_prismatic.jpg,wallpapers/studio/general/0140_ocean_twilight_surge_prismatic.jpg,64563,ok,"A single striking abstract artwork made as a mobile phone wallpaper. Vertical 9:16 mobile wallpaper, full-bleed edge to edge composition. The upper region of the frame is open and unadorned — atmosphere, gradient falloff or empty depth, no detail and no focal point there. The principal subject sits in the lower two thirds, weighted below centre and placed off the vertical axis. Clear depth across three planes: near, middle and far. No text, no letterforms, no numerals, no signature, no watermark, no logo, no border and no frame. Deep water, waves, currents, suspended droplets, foam, bubbles, translucent depths and fluid underwater forms. Low directional light, long soft shadows, subdued highlights, layered atmospheric haze and a gradual transition between luminous and dark values. Forceful directional movement, strong diagonals, overlapping forms, dynamic scale changes and pronounced visual momentum. Controlled spectrum colour, rich refraction, luminous transitions."
419,0419_architecture_storm_eruption_arctic.jpg,general,architecture,storm,eruption,arctic,,1979799178,previews/studio/general/0419_architecture_storm_eruption_arctic.jpg,wallpapers/studio/general/0419_architecture_storm_eruption_arctic.jpg,64569,ok,"A single striking abstract artwork made as a mobile phone wallpaper. Vertical 9:16 mobile wallpaper, full-bleed edge to edge composition. The upper region of the frame is open and unadorned — atmosphere, gradient falloff or empty depth, no detail and no focal point there. The principal subject sits in the lower two thirds, weighted below centre and placed off the vertical axis. Clear depth across three planes: near, middle and far. No text, no letterforms, no numerals, no signature, no watermark, no logo, no border and no frame. Arches, columns, vaults, stairs, towers, passages and monumental geometric structures arranged with dramatic scale and depth. Hard raking light through broken darkness, sharp highlights, deep shadows, high contrast and dense moisture-filled atmosphere. Explosive outward movement, fragmented forms, dramatic displacement, extreme scale variation and dense controlled complexity radiating through the composition. Ice blue, silver and white with restrained cobalt shadows."
566,0566_mineral_storm_flow_midnight.jpg,general,mineral,storm,flow,midnight,,1339832291,previews/studio/general/0566_mineral_storm_flow_midnight.jpg,wallpapers/studio/general/0566_mineral_storm_flow_midnight.jpg,64197,ok,"A single striking abstract artwork made as a mobile phone wallpaper. Vertical 9:16 mobile wallpaper, full-bleed edge to edge composition. The upper region of the frame is open and unadorned — atmosphere, gradient falloff or empty depth, no detail and no focal point there. The principal subject sits in the lower two thirds, weighted below centre and placed off the vertical axis. Clear depth across three planes: near, middle and far. No text, no letterforms, no numerals, no signature, no watermark, no logo, no border and no frame. Crystals, geodes, stone, metallic ore, fractured rock, polished mineral surfaces and intricate geological structures. Hard raking light through broken darkness, sharp highlights, deep shadows, high contrast and dense moisture-filled atmosphere. Continuous sweeping movement, interconnected forms, graceful curves and clear directional pathways carrying the eye through the composition. Navy, indigo and black with sparse electric-blue illumination."
283,0283_botanical_eclipse_flow_prismatic.jpg,general,botanical,eclipse,flow,prismatic,,1753788378,previews/studio/general/0283_botanical_eclipse_flow_prismatic.jpg,wallpapers/studio/general/0283_botanical_eclipse_flow_prismatic.jpg,63555,ok,"A single striking abstract artwork made as a mobile phone wallpaper. Vertical 9:16 mobile wallpaper, full-bleed edge to edge composition. The upper region of the frame is open and unadorned — atmosphere, gradient falloff or empty depth, no detail and no focal point there. The principal subject sits in the lower two thirds, weighted below centre and placed off the vertical axis. Clear depth across three planes: near, middle and far. No text, no letterforms, no numerals, no signature, no watermark, no logo, no border and no frame. Leaves, petals, vines, roots, branches, blossoms, seeds and intricate organic plant structures woven into layered compositions. Strong backlighting, deep silhouettes, narrow brilliant rim light, extreme separation between darkness and radiance, with restrained atmospheric glow. Continuous sweeping movement, interconnected forms, graceful curves and clear directional pathways carrying the eye through the composition. Controlled spectrum colour, rich refraction, luminous transitions."
284,0284_botanical_midnight_surge_prismatic.jpg,general,botanical,midnight,surge,prismatic,,113256845,previews/studio/general/0284_botanical_midnight_surge_prismatic.jpg,wallpapers/studio/general/0284_botanical_midnight_surge_prismatic.jpg,1970,ok,"A single striking abstract artwork made as a mobile phone wallpaper. Vertical 9:16 mobile wallpaper, full-bleed edge to edge composition. The upper region of the frame is open and unadorned — atmosphere, gradient falloff or empty depth, no detail and no focal point there. The principal subject sits in the lower two thirds, weighted below centre and placed off the vertical axis. Clear depth across three planes: near, middle and far. No text, no letterforms, no numerals, no signature, no watermark, no logo, no border and no frame. Leaves, petals, vines, roots, branches, blossoms, seeds and intricate organic plant structures woven into layered compositions. Predominantly deep values, sparse concentrated illumination, rich shadows, isolated highlights and quiet low-light atmosphere. Forceful directional movement, strong diagonals, overlapping forms, dynamic scale changes and pronounced visual momentum. Controlled spectrum colour, rich refraction, luminous transitions."
141,0141_ocean_eclipse_eruption_prismatic.jpg,general,ocean,eclipse,eruption,prismatic,,633548541,previews/studio/general/0141_ocean_eclipse_eruption_prismatic.jpg,wallpapers/studio/general/0141_ocean_eclipse_eruption_prismatic.jpg,64414,ok,"A single striking abstract artwork made as a mobile phone wallpaper. Vertical 9:16 mobile wallpaper, full-bleed edge to edge composition. The upper region of the frame is open and unadorned — atmosphere, gradient falloff or empty depth, no detail and no focal point there. The principal subject sits in the lower two thirds, weighted below centre and placed off the vertical axis. Clear depth across three planes: near, middle and far. No text, no letterforms, no numerals, no signature, no watermark, no logo, no border and no frame. Deep water, waves, currents, suspended droplets, foam, bubbles, translucent depths and fluid underwater forms. Strong backlighting, deep silhouettes, narrow brilliant rim light, extreme separation between darkness and radiance, with restrained atmospheric glow. Explosive outward movement, fragmented forms, dramatic displacement, extreme scale variation and dense controlled complexity radiating through the composition. Controlled spectrum colour, rich refraction, luminous transitions."
420,0420_architecture_eclipse_stillness_midnight.jpg,general,architecture,eclipse,stillness,midnight,,339267645,previews/studio/general/0420_architecture_eclipse_stillness_midnight.jpg,wallpapers/studio/general/0420_architecture_eclipse_stillness_midnight.jpg,64639,ok,"A single striking abstract artwork made as a mobile phone wallpaper. Vertical 9:16 mobile wallpaper, full-bleed edge to edge composition. The upper region of the frame is open and unadorned — atmosphere, gradient falloff or empty depth, no detail and no focal point there. The principal subject sits in the lower two thirds, weighted below centre and placed off the vertical axis. Clear depth across three planes: near, middle and far. No text, no letterforms, no numerals, no signature, no watermark, no logo, no border and no frame. Arches, columns, vaults, stairs, towers, passages and monumental geometric structures arranged with dramatic scale and depth. Strong backlighting, deep silhouettes, narrow brilliant rim light, extreme separation between darkness and radiance, with restrained atmospheric glow. Centered, balanced composition with generous negative space, minimal directional movement, simple large forms and a strong sense of visual stability. Navy, indigo and black with sparse electric-blue illumination."
421,0421_architecture_midnight_drift_midnight.jpg,general,architecture,midnight,drift,midnight,,846219759,previews/studio/general/0421_architecture_midnight_drift_midnight.jpg,wallpapers/studio/general/0421_architecture_midnight_drift_midnight.jpg,2995,ok,"A single striking abstract artwork made as a mobile phone wallpaper. Vertical 9:16 mobile wallpaper, full-bleed edge to edge composition. The upper region of the frame is open and unadorned — atmosphere, gradient falloff or empty depth, no detail and no focal point there. The principal subject sits in the lower two thirds, weighted below centre and placed off the vertical axis. Clear depth across three planes: near, middle and far. No text, no letterforms, no numerals, no signature, no watermark, no logo, no border and no frame. Arches, columns, vaults, stairs, towers, passages and monumental geometric structures arranged with dramatic scale and depth. Predominantly deep values, sparse concentrated illumination, rich shadows, isolated highlights and quiet low-light atmosphere. Gentle directional movement, softly displaced forms, subtle asymmetry and relaxed visual flow across the composition. Navy, indigo and black with sparse electric-blue illumination."
567,0567_mineral_twilight_surge_midnight.jpg,general,mineral,twilight,surge,midnight,,1846784405,previews/studio/general/0567_mineral_twilight_surge_midnight.jpg,wallpapers/studio/general/0567_mineral_twilight_surge_midnight.jpg,63829,ok,"A single striking abstract artwork made as a mobile phone wallpaper. Vertical 9:16 mobile wallpaper, full-bleed edge to edge composition. The upper region of the frame is open and unadorned — atmosphere, gradient falloff or empty depth, no detail and no focal point there. The principal subject sits in the lower two thirds, weighted below centre and placed off the vertical axis. Clear depth across three planes: near, middle and far. No text, no letterforms, no numerals, no signature, no watermark, no logo, no border and no frame. Crystals, geodes, stone, metallic ore, fractured rock, polished mineral surfaces and intricate geological structures. Low directional light, long soft shadows, subdued highlights, layered atmospheric haze and a gradual transition between luminous and dark values. Forceful directional movement, strong diagonals, overlapping forms, dynamic scale changes and pronounced visual momentum. Navy, indigo and black with sparse electric-blue illumination."
568,0568_mineral_eclipse_eruption_midnight.jpg,general,mineral,eclipse,eruption,midnight,,206252872,previews/studio/general/0568_mineral_eclipse_eruption_midnight.jpg,wallpapers/studio/general/0568_mineral_eclipse_eruption_midnight.jpg,2560,ok,"A single striking abstract artwork made as a mobile phone wallpaper. Vertical 9:16 mobile wallpaper, full-bleed edge to edge composition. The upper region of the frame is open and unadorned — atmosphere, gradient falloff or empty depth, no detail and no focal point there. The principal subject sits in the lower two thirds, weighted below centre and placed off the vertical axis. Clear depth across three planes: near, middle and far. No text, no letterforms, no numerals, no signature, no watermark, no logo, no border and no frame. Crystals, geodes, stone, metallic ore, fractured rock, polished mineral surfaces and intricate geological structures. Strong backlighting, deep silhouettes, narrow brilliant rim light, extreme separation between darkness and radiance, with restrained atmospheric glow. Explosive outward movement, fragmented forms, dramatic displacement, extreme scale variation and dense controlled complexity radiating through the composition. Navy, indigo and black with sparse electric-blue illumination."
285,0285_botanical_inferno_eruption_prismatic.jpg,general,botanical,inferno,eruption,prismatic,,620208959,previews/studio/general/0285_botanical_inferno_eruption_prismatic.jpg,wallpapers/studio/general/0285_botanical_inferno_eruption_prismatic.jpg,64292,ok,"A single striking abstract artwork made as a mobile phone wallpaper. Vertical 9:16 mobile wallpaper, full-bleed edge to edge composition. The upper region of the frame is open and unadorned — atmosphere, gradient falloff or empty depth, no detail and no focal point there. The principal subject sits in the lower two thirds, weighted below centre and placed off the vertical axis. Clear depth across three planes: near, middle and far. No text, no letterforms, no numerals, no signature, no watermark, no logo, no border and no frame. Leaves, petals, vines, roots, branches, blossoms, seeds and intricate organic plant structures woven into layered compositions. Intense internal illumination, brilliant hot highlights, deep surrounding shadows, glowing atmospheric haze and aggressive high-contrast luminosity. Explosive outward movement, fragmented forms, dramatic displacement, extreme scale variation and dense controlled complexity radiating through the composition. Controlled spectrum colour, rich refraction, luminous transitions."
142,0142_ocean_midnight_stillness_prismatic.jpg,general,ocean,midnight,stillness,prismatic,,1140500655,previews/studio/general/0142_ocean_midnight_stillness_prismatic.jpg,wallpapers/studio/general/0142_ocean_midnight_stillness_prismatic.jpg,64022,ok,"A single striking abstract artwork made as a mobile phone wallpaper. Vertical 9:16 mobile wallpaper, full-bleed edge to edge composition. The upper region of the frame is open and unadorned — atmosphere, gradient falloff or empty depth, no detail and no focal point there. The principal subject sits in the lower two thirds, weighted below centre and placed off the vertical axis. Clear depth across three planes: near, middle and far. No text, no letterforms, no numerals, no signature, no watermark, no logo, no border and no frame. Deep water, waves, currents, suspended droplets, foam, bubbles, translucent depths and fluid underwater forms. Predominantly deep values, sparse concentrated illumination, rich shadows, isolated highlights and quiet low-light atmosphere. Centered, balanced composition with generous negative space, minimal directional movement, simple large forms and a strong sense of visual stability. Controlled spectrum colour, rich refraction, luminous transitions."
422,0422_architecture_inferno_flow_midnight.jpg,general,architecture,inferno,flow,midnight,,1353171873,previews/studio/general/0422_architecture_inferno_flow_midnight.jpg,wallpapers/studio/general/0422_architecture_inferno_flow_midnight.jpg,63638,ok,"A single striking abstract artwork made as a mobile phone wallpaper. Vertical 9:16 mobile wallpaper, full-bleed edge to edge composition. The upper region of the frame is open and unadorned — atmosphere, gradient falloff or empty depth, no detail and no focal point there. The principal subject sits in the lower two thirds, weighted below centre and placed off the vertical axis. Clear depth across three planes: near, middle and far. No text, no letterforms, no numerals, no signature, no watermark, no logo, no border and no frame. Arches, columns, vaults, stairs, towers, passages and monumental geometric structures arranged with dramatic scale and depth. Intense internal illumination, brilliant hot highlights, deep surrounding shadows, glowing atmospheric haze and aggressive high-contrast luminosity. Continuous sweeping movement, interconnected forms, graceful curves and clear directional pathways carrying the eye through the composition. Navy, indigo and black with sparse electric-blue illumination."
423,0423_architecture_dream_surge_midnight.jpg,general,architecture,dream,surge,midnight,,1860123987,previews/studio/general/0423_architecture_dream_surge_midnight.jpg,wallpapers/studio/general/0423_architecture_dream_surge_midnight.jpg,1738,ok,"A single striking abstract artwork made as a mobile phone wallpaper. Vertical 9:16 mobile wallpaper, full-bleed edge to edge composition. The upper region of the frame is open and unadorned — atmosphere, gradient falloff or empty depth, no detail and no focal point there. The principal subject sits in the lower two thirds, weighted below centre and placed off the vertical axis. Clear depth across three planes: near, middle and far. No text, no letterforms, no numerals, no signature, no watermark, no logo, no border and no frame. Arches, columns, vaults, stairs, towers, passages and monumental geometric structures arranged with dramatic scale and depth. Soft diffused illumination, luminous haze, gentle tonal transitions, restrained contrast, subtle bloom and an ethereal atmospheric glow. Forceful directional movement, strong diagonals, overlapping forms, dynamic scale changes and pronounced visual momentum. Navy, indigo and black with sparse electric-blue illumination."
424,0424_architecture_storm_eruption_midnight.jpg,general,architecture,storm,eruption,midnight,,219592454,previews/studio/general/0424_architecture_storm_eruption_midnight.jpg,wallpapers/studio/general/0424_architecture_storm_eruption_midnight.jpg,2784,ok,"A single striking abstract artwork made as a mobile phone wallpaper. Vertical 9:16 mobile wallpaper, full-bleed edge to edge composition. The upper region of the frame is open and unadorned — atmosphere, gradient falloff or empty depth, no detail and no focal point there. The principal subject sits in the lower two thirds, weighted below centre and placed off the vertical axis. Clear depth across three planes: near, middle and far. No text, no letterforms, no numerals, no signature, no watermark, no logo, no border and no frame. Arches, columns, vaults, stairs, towers, passages and monumental geometric structures arranged with dramatic scale and depth. Hard raking light through broken darkness, sharp highlights, deep shadows, high contrast and dense moisture-filled atmosphere. Explosive outward movement, fragmented forms, dramatic displacement, extreme scale variation and dense controlled complexity radiating through the composition. Navy, indigo and black with sparse electric-blue illumination."
425,0425_architecture_twilight_stillness_midnight.jpg,general,architecture,twilight,stillness,midnight,,726544568,previews/studio/general/0425_architecture_twilight_stillness_midnight.jpg,wallpapers/studio/general/0425_architecture_twilight_stillness_midnight.jpg,2328,ok,"A single striking abstract artwork made as a mobile phone wallpaper. Vertical 9:16 mobile wallpaper, full-bleed edge to edge composition. The upper region of the frame is open and unadorned — atmosphere, gradient falloff or empty depth, no detail and no focal point there. The principal subject sits in the lower two thirds, weighted below centre and placed off the vertical axis. Clear depth across three planes: near, middle and far. No text, no letterforms, no numerals, no signature, no watermark, no logo, no border and no frame. Arches, columns, vaults, stairs, towers, passages and monumental geometric structures arranged with dramatic scale and depth. Low directional light, long soft shadows, subdued highlights, layered atmospheric haze and a gradual transition between luminous and dark values. Centered, balanced composition with generous negative space, minimal directional movement, simple large forms and a strong sense of visual stability. Navy, indigo and black with sparse electric-blue illumination."
569,0569_mineral_midnight_stillness_midnight.jpg,general,mineral,midnight,stillness,midnight,,713204986,previews/studio/general/0569_mineral_midnight_stillness_midnight.jpg,wallpapers/studio/general/0569_mineral_midnight_stillness_midnight.jpg,63712,ok,"A single striking abstract artwork made as a mobile phone wallpaper. Vertical 9:16 mobile wallpaper, full-bleed edge to edge composition. The upper region of the frame is open and unadorned — atmosphere, gradient falloff or empty depth, no detail and no focal point there. The principal subject sits in the lower two thirds, weighted below centre and placed off the vertical axis. Clear depth across three planes: near, middle and far. No text, no letterforms, no numerals, no signature, no watermark, no logo, no border and no frame. Crystals, geodes, stone, metallic ore, fractured rock, polished mineral surfaces and intricate geological structures. Predominantly deep values, sparse concentrated illumination, rich shadows, isolated highlights and quiet low-light atmosphere. Centered, balanced composition with generous negative space, minimal directional movement, simple large forms and a strong sense of visual stability. Navy, indigo and black with sparse electric-blue illumination."
286,0286_botanical_dream_stillness_prismatic.jpg,general,botanical,dream,stillness,prismatic,,1127161073,previews/studio/general/0286_botanical_dream_stillness_prismatic.jpg,wallpapers/studio/general/0286_botanical_dream_stillness_prismatic.jpg,64062,ok,"A single striking abstract artwork made as a mobile phone wallpaper. Vertical 9:16 mobile wallpaper, full-bleed edge to edge composition. The upper region of the frame is open and unadorned — atmosphere, gradient falloff or empty depth, no detail and no focal point there. The principal subject sits in the lower two thirds, weighted below centre and placed off the vertical axis. Clear depth across three planes: near, middle and far. No text, no letterforms, no numerals, no signature, no watermark, no logo, no border and no frame. Leaves, petals, vines, roots, branches, blossoms, seeds and intricate organic plant structures woven into layered compositions. Soft diffused illumination, luminous haze, gentle tonal transitions, restrained contrast, subtle bloom and an ethereal atmospheric glow. Centered, balanced composition with generous negative space, minimal directional movement, simple large forms and a strong sense of visual stability. Controlled spectrum colour, rich refraction, luminous transitions."
143,0143_ocean_inferno_drift_prismatic.jpg,general,ocean,inferno,drift,prismatic,,1647452769,previews/studio/general/0143_ocean_inferno_drift_prismatic.jpg,wallpapers/studio/general/0143_ocean_inferno_drift_prismatic.jpg,64064,ok,"A single striking abstract artwork made as a mobile phone wallpaper. Vertical 9:16 mobile wallpaper, full-bleed edge to edge composition. The upper region of the frame is open and unadorned — atmosphere, gradient falloff or empty depth, no detail and no focal point there. The principal subject sits in the lower two thirds, weighted below centre and placed off the vertical axis. Clear depth across three planes: near, middle and far. No text, no letterforms, no numerals, no signature, no watermark, no logo, no border and no frame. Deep water, waves, currents, suspended droplets, foam, bubbles, translucent depths and fluid underwater forms. Intense internal illumination, brilliant hot highlights, deep surrounding shadows, glowing atmospheric haze and aggressive high-contrast luminosity. Gentle directional movement, softly displaced forms, subtle asymmetry and relaxed visual flow across the composition. Controlled spectrum colour, rich refraction, luminous transitions."
426,0426_architecture_midnight_drift_prismatic.jpg,general,architecture,midnight,drift,prismatic,,1233496682,previews/studio/general/0426_architecture_midnight_drift_prismatic.jpg,wallpapers/studio/general/0426_architecture_midnight_drift_prismatic.jpg,63576,ok,"A single striking abstract artwork made as a mobile phone wallpaper. Vertical 9:16 mobile wallpaper, full-bleed edge to edge composition. The upper region of the frame is open and unadorned — atmosphere, gradient falloff or empty depth, no detail and no focal point there. The principal subject sits in the lower two thirds, weighted below centre and placed off the vertical axis. Clear depth across three planes: near, middle and far. No text, no letterforms, no numerals, no signature, no watermark, no logo, no border and no frame. Arches, columns, vaults, stairs, towers, passages and monumental geometric structures arranged with dramatic scale and depth. Predominantly deep values, sparse concentrated illumination, rich shadows, isolated highlights and quiet low-light atmosphere. Gentle directional movement, softly displaced forms, subtle asymmetry and relaxed visual flow across the composition. Controlled spectrum colour, rich refraction, luminous transitions."
570,0570_mineral_dream_drift_prismatic.jpg,general,mineral,dream,drift,prismatic,,1220157100,previews/studio/general/0570_mineral_dream_drift_prismatic.jpg,wallpapers/studio/general/0570_mineral_dream_drift_prismatic.jpg,64865,ok,"A single striking abstract artwork made as a mobile phone wallpaper. Vertical 9:16 mobile wallpaper, full-bleed edge to edge composition. The upper region of the frame is open and unadorned — atmosphere, gradient falloff or empty depth, no detail and no focal point there. The principal subject sits in the lower two thirds, weighted below centre and placed off the vertical axis. Clear depth across three planes: near, middle and far. No text, no letterforms, no numerals, no signature, no watermark, no logo, no border and no frame. Crystals, geodes, stone, metallic ore, fractured rock, polished mineral surfaces and intricate geological structures. Soft diffused illumination, luminous haze, gentle tonal transitions, restrained contrast, subtle bloom and an ethereal atmospheric glow. Gentle directional movement, softly displaced forms, subtle asymmetry and relaxed visual flow across the composition. Controlled spectrum colour, rich refraction, luminous transitions."
287,0287_botanical_storm_drift_prismatic.jpg,general,botanical,storm,drift,prismatic,,1634113187,previews/studio/general/0287_botanical_storm_drift_prismatic.jpg,wallpapers/studio/general/0287_botanical_storm_drift_prismatic.jpg,64158,ok,"A single striking abstract artwork made as a mobile phone wallpaper. Vertical 9:16 mobile wallpaper, full-bleed edge to edge composition. The upper region of the frame is open and unadorned — atmosphere, gradient falloff or empty depth, no detail and no focal point there. The principal subject sits in the lower two thirds, weighted below centre and placed off the vertical axis. Clear depth across three planes: near, middle and far. No text, no letterforms, no numerals, no signature, no watermark, no logo, no border and no frame. Leaves, petals, vines, roots, branches, blossoms, seeds and intricate organic plant structures woven into layered compositions. Hard raking light through broken darkness, sharp highlights, deep shadows, high contrast and dense moisture-filled atmosphere. Gentle directional movement, softly displaced forms, subtle asymmetry and relaxed visual flow across the composition. Controlled spectrum colour, rich refraction, luminous transitions."
427,0427_architecture_inferno_flow_prismatic.jpg,general,architecture,inferno,flow,prismatic,,1740448796,previews/studio/general/0427_architecture_inferno_flow_prismatic.jpg,wallpapers/studio/general/0427_architecture_inferno_flow_prismatic.jpg,64958,ok,"A single striking abstract artwork made as a mobile phone wallpaper. Vertical 9:16 mobile wallpaper, full-bleed edge to edge composition. The upper region of the frame is open and unadorned — atmosphere, gradient falloff or empty depth, no detail and no focal point there. The principal subject sits in the lower two thirds, weighted below centre and placed off the vertical axis. Clear depth across three planes: near, middle and far. No text, no letterforms, no numerals, no signature, no watermark, no logo, no border and no frame. Arches, columns, vaults, stairs, towers, passages and monumental geometric structures arranged with dramatic scale and depth. Intense internal illumination, brilliant hot highlights, deep surrounding shadows, glowing atmospheric haze and aggressive high-contrast luminosity. Continuous sweeping movement, interconnected forms, graceful curves and clear directional pathways carrying the eye through the composition. Controlled spectrum colour, rich refraction, luminous transitions."
571,0571_mineral_storm_flow_prismatic.jpg,general,mineral,storm,flow,prismatic,,1727109214,previews/studio/general/0571_mineral_storm_flow_prismatic.jpg,wallpapers/studio/general/0571_mineral_storm_flow_prismatic.jpg,63625,ok,"A single striking abstract artwork made as a mobile phone wallpaper. Vertical 9:16 mobile wallpaper, full-bleed edge to edge composition. The upper region of the frame is open and unadorned — atmosphere, gradient falloff or empty depth, no detail and no focal point there. The principal subject sits in the lower two thirds, weighted below centre and placed off the vertical axis. Clear depth across three planes: near, middle and far. No text, no letterforms, no numerals, no signature, no watermark, no logo, no border and no frame. Crystals, geodes, stone, metallic ore, fractured rock, polished mineral surfaces and intricate geological structures. Hard raking light through broken darkness, sharp highlights, deep shadows, high contrast and dense moisture-filled atmosphere. Continuous sweeping movement, interconnected forms, graceful curves and clear directional pathways carrying the eye through the composition. Controlled spectrum colour, rich refraction, luminous transitions."
428,0428_architecture_dream_surge_prismatic.jpg,general,architecture,dream,surge,prismatic,,99917263,previews/studio/general/0428_architecture_dream_surge_prismatic.jpg,wallpapers/studio/general/0428_architecture_dream_surge_prismatic.jpg,63848,ok,"A single striking abstract artwork made as a mobile phone wallpaper. Vertical 9:16 mobile wallpaper, full-bleed edge to edge composition. The upper region of the frame is open and unadorned — atmosphere, gradient falloff or empty depth, no detail and no focal point there. The principal subject sits in the lower two thirds, weighted below centre and placed off the vertical axis. Clear depth across three planes: near, middle and far. No text, no letterforms, no numerals, no signature, no watermark, no logo, no border and no frame. Arches, columns, vaults, stairs, towers, passages and monumental geometric structures arranged with dramatic scale and depth. Soft diffused illumination, luminous haze, gentle tonal transitions, restrained contrast, subtle bloom and an ethereal atmospheric glow. Forceful directional movement, strong diagonals, overlapping forms, dynamic scale changes and pronounced visual momentum. Controlled spectrum colour, rich refraction, luminous transitions."
572,0572_mineral_twilight_surge_prismatic.jpg,general,mineral,twilight,surge,prismatic,,86577681,previews/studio/general/0572_mineral_twilight_surge_prismatic.jpg,wallpapers/studio/general/0572_mineral_twilight_surge_prismatic.jpg,64320,ok,"A single striking abstract artwork made as a mobile phone wallpaper. Vertical 9:16 mobile wallpaper, full-bleed edge to edge composition. The upper region of the frame is open and unadorned — atmosphere, gradient falloff or empty depth, no detail and no focal point there. The principal subject sits in the lower two thirds, weighted below centre and placed off the vertical axis. Clear depth across three planes: near, middle and far. No text, no letterforms, no numerals, no signature, no watermark, no logo, no border and no frame. Crystals, geodes, stone, metallic ore, fractured rock, polished mineral surfaces and intricate geological structures. Low directional light, long soft shadows, subdued highlights, layered atmospheric haze and a gradual transition between luminous and dark values. Forceful directional movement, strong diagonals, overlapping forms, dynamic scale changes and pronounced visual momentum. Controlled spectrum colour, rich refraction, luminous transitions."
573,0573_mineral_eclipse_eruption_prismatic.jpg,general,mineral,eclipse,eruption,prismatic,,593529795,previews/studio/general/0573_mineral_eclipse_eruption_prismatic.jpg,wallpapers/studio/general/0573_mineral_eclipse_eruption_prismatic.jpg,64302,ok,"A single striking abstract artwork made as a mobile phone wallpaper. Vertical 9:16 mobile wallpaper, full-bleed edge to edge composition. The upper region of the frame is open and unadorned — atmosphere, gradient falloff or empty depth, no detail and no focal point there. The principal subject sits in the lower two thirds, weighted below centre and placed off the vertical axis. Clear depth across three planes: near, middle and far. No text, no letterforms, no numerals, no signature, no watermark, no logo, no border and no frame. Crystals, geodes, stone, metallic ore, fractured rock, polished mineral surfaces and intricate geological structures. Strong backlighting, deep silhouettes, narrow brilliant rim light, extreme separation between darkness and radiance, with restrained atmospheric glow. Explosive outward movement, fragmented forms, dramatic displacement, extreme scale variation and dense controlled complexity radiating through the composition. Controlled spectrum colour, rich refraction, luminous transitions."
429,0429_architecture_storm_eruption_prismatic.jpg,general,architecture,storm,eruption,prismatic,,606869377,,,,failed,"flux timed out -- status=starting"
574,0574_mineral_midnight_stillness_prismatic.jpg,general,mineral,midnight,stillness,prismatic,,1100481909,previews/studio/general/0574_mineral_midnight_stillness_prismatic.jpg,wallpapers/studio/general/0574_mineral_midnight_stillness_prismatic.jpg,64220,ok,"A single striking abstract artwork made as a mobile phone wallpaper. Vertical 9:16 mobile wallpaper, full-bleed edge to edge composition. The upper region of the frame is open and unadorned — atmosphere, gradient falloff or empty depth, no detail and no focal point there. The principal subject sits in the lower two thirds, weighted below centre and placed off the vertical axis. Clear depth across three planes: near, middle and far. No text, no letterforms, no numerals, no signature, no watermark, no logo, no border and no frame. Crystals, geodes, stone, metallic ore, fractured rock, polished mineral surfaces and intricate geological structures. Predominantly deep values, sparse concentrated illumination, rich shadows, isolated highlights and quiet low-light atmosphere. Centered, balanced composition with generous negative space, minimal directional movement, simple large forms and a strong sense of visual stability. Controlled spectrum colour, rich refraction, luminous transitions."
430,0430_architecture_twilight_stillness_prismatic.jpg,general,architecture,twilight,stillness,prismatic,,1113821491,previews/studio/general/0430_architecture_twilight_stillness_prismatic.jpg,wallpapers/studio/general/0430_architecture_twilight_stillness_prismatic.jpg,64138,ok,"A single striking abstract artwork made as a mobile phone wallpaper. Vertical 9:16 mobile wallpaper, full-bleed edge to edge composition. The upper region of the frame is open and unadorned — atmosphere, gradient falloff or empty depth, no detail and no focal point there. The principal subject sits in the lower two thirds, weighted below centre and placed off the vertical axis. Clear depth across three planes: near, middle and far. No text, no letterforms, no numerals, no signature, no watermark, no logo, no border and no frame. Arches, columns, vaults, stairs, towers, passages and monumental geometric structures arranged with dramatic scale and depth. Low directional light, long soft shadows, subdued highlights, layered atmospheric haze and a gradual transition between luminous and dark values. Centered, balanced composition with generous negative space, minimal directional movement, simple large forms and a strong sense of visual stability. Controlled spectrum colour, rich refraction, luminous transitions."
575,0575_mineral_inferno_drift_prismatic.jpg,general,mineral,inferno,drift,prismatic,,1607434023,,,,failed,"prediction failed: Model execution failed (User Input Error): AiError: AiError: NSFW content detected. Try running it again, or try a different prompt. (579081bc-3b56-4a22-9931-8a7865f36462)"
431,0431_architecture_eclipse_drift_prismatic.jpg,general,architecture,eclipse,drift,prismatic,,1620773605,previews/studio/general/0431_architecture_eclipse_drift_prismatic.jpg,wallpapers/studio/general/0431_architecture_eclipse_drift_prismatic.jpg,64318,ok,"A single striking abstract artwork made as a mobile phone wallpaper. Vertical 9:16 mobile wallpaper, full-bleed edge to edge composition. The upper region of the frame is open and unadorned — atmosphere, gradient falloff or empty depth, no detail and no focal point there. The principal subject sits in the lower two thirds, weighted below centre and placed off the vertical axis. Clear depth across three planes: near, middle and far. No text, no letterforms, no numerals, no signature, no watermark, no logo, no border and no frame. Arches, columns, vaults, stairs, towers, passages and monumental geometric structures arranged with dramatic scale and depth. Strong backlighting, deep silhouettes, narrow brilliant rim light, extreme separation between darkness and radiance, with restrained atmospheric glow. Gentle directional movement, softly displaced forms, subtle asymmetry and relaxed visual flow across the composition. Controlled spectrum colour, rich refraction, luminous transitions."
6,0006_cosmos_storm_drift_ember.jpg,general,cosmos,storm,drift,ember,,914489855,previews/studio/general/0006_cosmos_storm_drift_ember.jpg,wallpapers/studio/general/0006_cosmos_storm_drift_ember.jpg,65335,ok,"A single striking abstract artwork made as a mobile phone wallpaper. Vertical 9:16 mobile wallpaper, full-bleed edge to edge composition. The upper region of the frame is open and unadorned — atmosphere, gradient falloff or empty depth, no detail and no focal point there. The principal subject sits in the lower two thirds, weighted below centre and placed off the vertical axis. Clear depth across three planes: near, middle and far. No text, no letterforms, no numerals, no signature, no watermark, no logo, no border and no frame. Vast celestial forms, nebulae, star fields, cosmic dust, planetary curves, gravitational arcs and luminous interstellar structures. Hard raking light through broken darkness, sharp highlights, deep shadows, high contrast and dense moisture-filled atmosphere. Gentle directional movement, softly displaced forms, subtle asymmetry and relaxed visual flow across the composition. Molten orange, crimson and amber against charcoal."
13,0013_cosmos_eclipse_surge_deep_ocean.jpg,general,cosmos,eclipse,surge,deep_ocean,,168187359,,,,failed,"prediction failed: Model execution failed (User Input Error): AiError: AiError: NSFW content detected. Try running it again, or try a different prompt. (bcbbc617-394d-4b03-b930-582ec6534dc2)"
15,0015_cosmos_inferno_stillness_deep_ocean.jpg,general,cosmos,inferno,stillness,deep_ocean,,1182091587,,,,failed,"prediction failed: Model execution failed (User Input Error): AiError: AiError: NSFW content detected. Try running it again, or try a different prompt. (53000316-50f0-4b19-94c1-b14a344ff1a5)"
19,0019_cosmos_midnight_eruption_ultraviolet.jpg,general,cosmos,midnight,eruption,ultraviolet,,1062416396,,,,failed,"prediction failed: Model execution failed (User Input Error): AiError: AiError: NSFW content detected. Try running it again, or try a different prompt. (c56108d9-c416-42f8-bcb5-043f1da1e484)"
20,0020_cosmos_inferno_stillness_ultraviolet.jpg,general,cosmos,inferno,stillness,ultraviolet,,1569368510,,,,failed,"prediction failed: Model execution failed (User Input Error): AiError: AiError: NSFW content detected. Try running it again, or try a different prompt. (8b7b2939-ee28-4f3e-9baa-de7f5b741dd0)"
21,0021_cosmos_dream_drift_ultraviolet.jpg,general,cosmos,dream,drift,ultraviolet,,2076320624,,,,failed,"prediction failed: Model execution failed (User Input Error): AiError: AiError: NSFW content detected. Try running it again, or try a different prompt. (509c9e42-bd21-46fa-805f-930c7ddaf6c2)"
25,0025_cosmos_inferno_stillness_solar.jpg,general,cosmos,inferno,stillness,solar,,1956645433,previews/studio/general/0025_cosmos_inferno_stillness_solar.jpg,wallpapers/studio/general/0025_cosmos_inferno_stillness_solar.jpg,65173,ok,"A single striking abstract artwork made as a mobile phone wallpaper. Vertical 9:16 mobile wallpaper, full-bleed edge to edge composition. The upper region of the frame is open and unadorned — atmosphere, gradient falloff or empty depth, no detail and no focal point there. The principal subject sits in the lower two thirds, weighted below centre and placed off the vertical axis. Clear depth across three planes: near, middle and far. No text, no letterforms, no numerals, no signature, no watermark, no logo, no border and no frame. Vast celestial forms, nebulae, star fields, cosmic dust, planetary curves, gravitational arcs and luminous interstellar structures. Intense internal illumination, brilliant hot highlights, deep surrounding shadows, glowing atmospheric haze and aggressive high-contrast luminosity. Centered, balanced composition with generous negative space, minimal directional movement, simple large forms and a strong sense of visual stability. Radiant gold, amber and warm ivory against deep bronze."
26,0026_cosmos_dream_drift_solar.jpg,general,cosmos,dream,drift,solar,,316113900,previews/studio/general/0026_cosmos_dream_drift_solar.jpg,wallpapers/studio/general/0026_cosmos_dream_drift_solar.jpg,65564,ok,"A single striking abstract artwork made as a mobile phone wallpaper. Vertical 9:16 mobile wallpaper, full-bleed edge to edge composition. The upper region of the frame is open and unadorned — atmosphere, gradient falloff or empty depth, no detail and no focal point there. The principal subject sits in the lower two thirds, weighted below centre and placed off the vertical axis. Clear depth across three planes: near, middle and far. No text, no letterforms, no numerals, no signature, no watermark, no logo, no border and no frame. Vast celestial forms, nebulae, star fields, cosmic dust, planetary curves, gravitational arcs and luminous interstellar structures. Soft diffused illumination, luminous haze, gentle tonal transitions, restrained contrast, subtle bloom and an ethereal atmospheric glow. Gentle directional movement, softly displaced forms, subtle asymmetry and relaxed visual flow across the composition. Radiant gold, amber and warm ivory against deep bronze."
30,0030_cosmos_inferno_stillness_neon_noir.jpg,general,cosmos,inferno,stillness,neon_noir,,196438709,,,,failed,"prediction failed: Model execution failed (User Input Error): AiError: AiError: NSFW content detected. Try running it again, or try a different prompt. (2acb0161-5add-4bac-8ee2-44f0f8a344e4)"
32,0032_cosmos_storm_flow_neon_noir.jpg,general,cosmos,storm,flow,neon_noir,,1210342937,,,,failed,"prediction failed: Model execution failed (User Input Error): AiError: AiError: NSFW content detected. Try running it again, or try a different prompt. (287977de-e9ab-4b8c-a8d7-f96b823ed136)"
33,0033_cosmos_twilight_surge_neon_noir.jpg,general,cosmos,twilight,surge,neon_noir,,1717295051,,,,failed,"prediction failed: Model execution failed (User Input Error): AiError: AiError: NSFW content detected. Try running it again, or try a different prompt. (2db1cf66-a5f7-4017-aab0-6279f5f2a0ab)"
35,0035_cosmos_midnight_stillness_neon_noir.jpg,general,cosmos,midnight,stillness,neon_noir,,583715632,,,,failed,"prediction failed: Model execution failed (User Input Error): AiError: AiError: NSFW content detected. Try running it again, or try a different prompt. (87113a58-f79c-4cd3-a914-35babdc2fcdc)"
39,0039_cosmos_eclipse_eruption_emerald.jpg,general,cosmos,eclipse,eruption,emerald,,464040441,previews/studio/general/0039_cosmos_eclipse_eruption_emerald.jpg,wallpapers/studio/general/0039_cosmos_eclipse_eruption_emerald.jpg,65416,ok,"A single striking abstract artwork made as a mobile phone wallpaper. Vertical 9:16 mobile wallpaper, full-bleed edge to edge composition. The upper region of the frame is open and unadorned — atmosphere, gradient falloff or empty depth, no detail and no focal point there. The principal subject sits in the lower two thirds, weighted below centre and placed off the vertical axis. Clear depth across three planes: near, middle and far. No text, no letterforms, no numerals, no signature, no watermark, no logo, no border and no frame. Vast celestial forms, nebulae, star fields, cosmic dust, planetary curves, gravitational arcs and luminous interstellar structures. Strong backlighting, deep silhouettes, narrow brilliant rim light, extreme separation between darkness and radiance, with restrained atmospheric glow. Explosive outward movement, fragmented forms, dramatic displacement, extreme scale variation and dense controlled complexity radiating through the composition. Deep forest, emerald and jade with luminous chartreuse accents."
41,0041_cosmos_inferno_drift_emerald.jpg,general,cosmos,inferno,drift,emerald,,1477944669,,,,failed,"prediction failed: Model execution failed (User Input Error): AiError: AiError: NSFW content detected. Try running it again, or try a different prompt. (032d9bcb-cb52-4227-90fd-ab418ed9a51d)"
43,0043_cosmos_twilight_surge_opal.jpg,general,cosmos,twilight,surge,opal,,344365250,,,,failed,"prediction failed: Model execution failed (User Input Error): AiError: AiError: NSFW content detected. Try running it again, or try a different prompt. (c268e35f-52ee-418a-9e86-74b493ed7c88)"
45,0045_cosmos_midnight_stillness_opal.jpg,general,cosmos,midnight,stillness,opal,,1358269478,,,,failed,"prediction failed: Model execution failed (User Input Error): AiError: AiError: NSFW content detected. Try running it again, or try a different prompt. (51ef47d9-bd69-48d6-b539-44bb6d8d2d3d)"
50,0050_cosmos_midnight_stillness_inferno.jpg,general,cosmos,midnight,stillness,inferno,,1745546401,previews/studio/general/0050_cosmos_midnight_stillness_inferno.jpg,wallpapers/studio/general/0050_cosmos_midnight_stillness_inferno.jpg,64615,ok,"A single striking abstract artwork made as a mobile phone wallpaper. Vertical 9:16 mobile wallpaper, full-bleed edge to edge composition. The upper region of the frame is open and unadorned — atmosphere, gradient falloff or empty depth, no detail and no focal point there. The principal subject sits in the lower two thirds, weighted below centre and placed off the vertical axis. Clear depth across three planes: near, middle and far. No text, no letterforms, no numerals, no signature, no watermark, no logo, no border and no frame. Vast celestial forms, nebulae, star fields, cosmic dust, planetary curves, gravitational arcs and luminous interstellar structures. Predominantly deep values, sparse concentrated illumination, rich shadows, isolated highlights and quiet low-light atmosphere. Centered, balanced composition with generous negative space, minimal directional movement, simple large forms and a strong sense of visual stability. Scarlet, vermilion and molten gold against black."
63,0063_cosmos_storm_surge_midnight.jpg,general,cosmos,storm,surge,midnight,,1893472942,,,,failed,"prediction failed: Model execution failed (User Input Error): AiError: AiError: NSFW content detected. Try running it again, or try a different prompt. (296974ce-6195-464a-8b54-7966af7eeca1)"
64,0064_cosmos_twilight_eruption_midnight.jpg,general,cosmos,twilight,eruption,midnight,,252941409,previews/studio/general/0064_cosmos_twilight_eruption_midnight.jpg,wallpapers/studio/general/0064_cosmos_twilight_eruption_midnight.jpg,65082,ok,"A single striking abstract artwork made as a mobile phone wallpaper. Vertical 9:16 mobile wallpaper, full-bleed edge to edge composition. The upper region of the frame is open and unadorned — atmosphere, gradient falloff or empty depth, no detail and no focal point there. The principal subject sits in the lower two thirds, weighted below centre and placed off the vertical axis. Clear depth across three planes: near, middle and far. No text, no letterforms, no numerals, no signature, no watermark, no logo, no border and no frame. Vast celestial forms, nebulae, star fields, cosmic dust, planetary curves, gravitational arcs and luminous interstellar structures. Low directional light, long soft shadows, subdued highlights, layered atmospheric haze and a gradual transition between luminous and dark values. Explosive outward movement, fragmented forms, dramatic displacement, extreme scale variation and dense controlled complexity radiating through the composition. Navy, indigo and black with sparse electric-blue illumination."
101,0101_ocean_midnight_eruption_solar.jpg,general,ocean,midnight,eruption,solar,,1830300451,previews/studio/general/0101_ocean_midnight_eruption_solar.jpg,wallpapers/studio/general/0101_ocean_midnight_eruption_solar.jpg,64621,ok,"A single striking abstract artwork made as a mobile phone wallpaper. Vertical 9:16 mobile wallpaper, full-bleed edge to edge composition. The upper region of the frame is open and unadorned — atmosphere, gradient falloff or empty depth, no detail and no focal point there. The principal subject sits in the lower two thirds, weighted below centre and placed off the vertical axis. Clear depth across three planes: near, middle and far. No text, no letterforms, no numerals, no signature, no watermark, no logo, no border and no frame. Deep water, waves, currents, suspended droplets, foam, bubbles, translucent depths and fluid underwater forms. Predominantly deep values, sparse concentrated illumination, rich shadows, isolated highlights and quiet low-light atmosphere. Explosive outward movement, fragmented forms, dramatic displacement, extreme scale variation and dense controlled complexity radiating through the composition. Radiant gold, amber and warm ivory against deep bronze."
113,0113_ocean_dream_drift_emerald.jpg,general,ocean,dream,drift,emerald,,1471274878,previews/studio/general/0113_ocean_dream_drift_emerald.jpg,wallpapers/studio/general/0113_ocean_dream_drift_emerald.jpg,64606,ok,"A single striking abstract artwork made as a mobile phone wallpaper. Vertical 9:16 mobile wallpaper, full-bleed edge to edge composition. The upper region of the frame is open and unadorned — atmosphere, gradient falloff or empty depth, no detail and no focal point there. The principal subject sits in the lower two thirds, weighted below centre and placed off the vertical axis. Clear depth across three planes: near, middle and far. No text, no letterforms, no numerals, no signature, no watermark, no logo, no border and no frame. Deep water, waves, currents, suspended droplets, foam, bubbles, translucent depths and fluid underwater forms. Soft diffused illumination, luminous haze, gentle tonal transitions, restrained contrast, subtle bloom and an ethereal atmospheric glow. Gentle directional movement, softly displaced forms, subtle asymmetry and relaxed visual flow across the composition. Deep forest, emerald and jade with luminous chartreuse accents."
131,0131_ocean_eclipse_eruption_arctic.jpg,general,ocean,eclipse,eruption,arctic,,2006478342,previews/studio/general/0131_ocean_eclipse_eruption_arctic.jpg,wallpapers/studio/general/0131_ocean_eclipse_eruption_arctic.jpg,65263,ok,"A single striking abstract artwork made as a mobile phone wallpaper. Vertical 9:16 mobile wallpaper, full-bleed edge to edge composition. The upper region of the frame is open and unadorned — atmosphere, gradient falloff or empty depth, no detail and no focal point there. The principal subject sits in the lower two thirds, weighted below centre and placed off the vertical axis. Clear depth across three planes: near, middle and far. No text, no letterforms, no numerals, no signature, no watermark, no logo, no border and no frame. Deep water, waves, currents, suspended droplets, foam, bubbles, translucent depths and fluid underwater forms. Strong backlighting, deep silhouettes, narrow brilliant rim light, extreme separation between darkness and radiance, with restrained atmospheric glow. Explosive outward movement, fragmented forms, dramatic displacement, extreme scale variation and dense controlled complexity radiating through the composition. Ice blue, silver and white with restrained cobalt shadows."
145,0145_glass_eclipse_drift_aurora.jpg,general,glass,eclipse,drift,aurora,,513873350,previews/studio/general/0145_glass_eclipse_drift_aurora.jpg,wallpapers/studio/general/0145_glass_eclipse_drift_aurora.jpg,66061,ok,"A single striking abstract artwork made as a mobile phone wallpaper. Vertical 9:16 mobile wallpaper, full-bleed edge to edge composition. The upper region of the frame is open and unadorned — atmosphere, gradient falloff or empty depth, no detail and no focal point there. The principal subject sits in the lower two thirds, weighted below centre and placed off the vertical axis. Clear depth across three planes: near, middle and far. No text, no letterforms, no numerals, no signature, no watermark, no logo, no border and no frame. Transparent and translucent glass, refraction, caustics, prisms, curved surfaces, crystalline edges, internal reflections and luminous optical depth. Strong backlighting, deep silhouettes, narrow brilliant rim light, extreme separation between darkness and radiance, with restrained atmospheric glow. Gentle directional movement, softly displaced forms, subtle asymmetry and relaxed visual flow across the composition. Electric cyan, violet and emerald, luminous against midnight."
146,0146_glass_midnight_flow_aurora.jpg,general,glass,midnight,flow,aurora,,1020825464,,,,failed,"prediction failed: Model execution failed (User Input Error): AiError: AiError: NSFW content detected. Try running it again, or try a different prompt. (73c3e2eb-145b-4aef-b036-685393647b1f)"
147,0147_glass_inferno_surge_aurora.jpg,general,glass,inferno,surge,aurora,,1527777578,,,,failed,"prediction failed: Model execution failed (User Input Error): AiError: AiError: NSFW content detected. Try running it again, or try a different prompt. (30a1058b-ebc9-485a-b0ea-94d00d5c34ea)"
149,0149_glass_storm_stillness_aurora.jpg,general,glass,storm,stillness,aurora,,394198159,,,,failed,"prediction failed: Model execution failed (User Input Error): AiError: AiError: NSFW content detected. Try running it again, or try a different prompt. (52088b96-ff8d-4a81-bf74-7c1074465532)"
157,0157_glass_inferno_surge_deep_ocean.jpg,general,glass,inferno,surge,deep_ocean,,154847777,previews/studio/general/0157_glass_inferno_surge_deep_ocean.jpg,wallpapers/studio/general/0157_glass_inferno_surge_deep_ocean.jpg,64928,ok,"A single striking abstract artwork made as a mobile phone wallpaper. Vertical 9:16 mobile wallpaper, full-bleed edge to edge composition. The upper region of the frame is open and unadorned — atmosphere, gradient falloff or empty depth, no detail and no focal point there. The principal subject sits in the lower two thirds, weighted below centre and placed off the vertical axis. Clear depth across three planes: near, middle and far. No text, no letterforms, no numerals, no signature, no watermark, no logo, no border and no frame. Transparent and translucent glass, refraction, caustics, prisms, curved surfaces, crystalline edges, internal reflections and luminous optical depth. Intense internal illumination, brilliant hot highlights, deep surrounding shadows, glowing atmospheric haze and aggressive high-contrast luminosity. Forceful directional movement, strong diagonals, overlapping forms, dynamic scale changes and pronounced visual momentum. Cobalt, teal and turquoise with tiny aqua highlights."
167,0167_glass_midnight_surge_ultraviolet.jpg,general,glass,midnight,surge,ultraviolet,,929401623,,,,failed,"prediction failed: Model execution failed (User Input Error): AiError: AiError: NSFW content detected. Try running it again, or try a different prompt. (9122e16e-1cc8-4c18-8d3d-f1f3cb262491)"
175,0175_glass_twilight_drift_neon_noir.jpg,general,glass,twilight,drift,neon_noir,,690051241,,,,failed,"prediction failed: Model execution failed (User Input Error): AiError: AiError: NSFW content detected. Try running it again, or try a different prompt. (acbc9610-ab68-4712-a3f9-643ab021ba0c)"
178,0178_glass_inferno_eruption_neon_noir.jpg,general,glass,inferno,eruption,neon_noir,,63423936,previews/studio/general/0178_glass_inferno_eruption_neon_noir.jpg,wallpapers/studio/general/0178_glass_inferno_eruption_neon_noir.jpg,65215,ok,"A single striking abstract artwork made as a mobile phone wallpaper. Vertical 9:16 mobile wallpaper, full-bleed edge to edge composition. The upper region of the frame is open and unadorned — atmosphere, gradient falloff or empty depth, no detail and no focal point there. The principal subject sits in the lower two thirds, weighted below centre and placed off the vertical axis. Clear depth across three planes: near, middle and far. No text, no letterforms, no numerals, no signature, no watermark, no logo, no border and no frame. Transparent and translucent glass, refraction, caustics, prisms, curved surfaces, crystalline edges, internal reflections and luminous optical depth. Intense internal illumination, brilliant hot highlights, deep surrounding shadows, glowing atmospheric haze and aggressive high-contrast luminosity. Explosive outward movement, fragmented forms, dramatic displacement, extreme scale variation and dense controlled complexity radiating through the composition. Hot magenta, cyan and violet against near-black."
187,0187_glass_midnight_surge_opal.jpg,general,glass,midnight,surge,opal,,331025668,previews/studio/general/0187_glass_midnight_surge_opal.jpg,wallpapers/studio/general/0187_glass_midnight_surge_opal.jpg,64529,ok,"A single striking abstract artwork made as a mobile phone wallpaper. Vertical 9:16 mobile wallpaper, full-bleed edge to edge composition. The upper region of the frame is open and unadorned — atmosphere, gradient falloff or empty depth, no detail and no focal point there. The principal subject sits in the lower two thirds, weighted below centre and placed off the vertical axis. Clear depth across three planes: near, middle and far. No text, no letterforms, no numerals, no signature, no watermark, no logo, no border and no frame. Transparent and translucent glass, refraction, caustics, prisms, curved surfaces, crystalline edges, internal reflections and luminous optical depth. Predominantly deep values, sparse concentrated illumination, rich shadows, isolated highlights and quiet low-light atmosphere. Forceful directional movement, strong diagonals, overlapping forms, dynamic scale changes and pronounced visual momentum. Pearl, lavender, pale cyan and blush with iridescent highlights."
197,0197_glass_eclipse_surge_inferno.jpg,general,glass,eclipse,surge,inferno,,1105579514,,,,failed,"prediction failed: Model execution failed (User Input Error): AiError: AiError: NSFW content detected. Try running it again, or try a different prompt. (489d74fd-1f16-433b-8b9e-6765894d2335)"
212,0212_glass_eclipse_surge_prismatic.jpg,general,glass,eclipse,surge,prismatic,,119926636,previews/studio/general/0212_glass_eclipse_surge_prismatic.jpg,wallpapers/studio/general/0212_glass_eclipse_surge_prismatic.jpg,65138,ok,"A single striking abstract artwork made as a mobile phone wallpaper. Vertical 9:16 mobile wallpaper, full-bleed edge to edge composition. The upper region of the frame is open and unadorned — atmosphere, gradient falloff or empty depth, no detail and no focal point there. The principal subject sits in the lower two thirds, weighted below centre and placed off the vertical axis. Clear depth across three planes: near, middle and far. No text, no letterforms, no numerals, no signature, no watermark, no logo, no border and no frame. Transparent and translucent glass, refraction, caustics, prisms, curved surfaces, crystalline edges, internal reflections and luminous optical depth. Strong backlighting, deep silhouettes, narrow brilliant rim light, extreme separation between darkness and radiance, with restrained atmospheric glow. Forceful directional movement, strong diagonals, overlapping forms, dynamic scale changes and pronounced visual momentum. Controlled spectrum colour, rich refraction, luminous transitions."
215,0215_glass_dream_drift_prismatic.jpg,general,glass,dream,drift,prismatic,,1640782978,,,,failed,"prediction failed: Model execution failed (User Input Error): AiError: AiError: NSFW content detected. Try running it again, or try a different prompt. (32c50bb4-0ca3-4bbe-855a-2cf9e0f96bcd)"
220,0220_botanical_storm_eruption_aurora.jpg,general,botanical,storm,eruption,aurora,,2028059901,,,,failed,"prediction failed: Model execution failed (User Input Error): AiError: AiError: NSFW content detected. Try running it again, or try a different prompt. (2513339b-d099-4979-8f48-cd93998fa8ef)"
221,0221_botanical_twilight_stillness_aurora.jpg,general,botanical,twilight,stillness,aurora,,387528368,,,,failed,"prediction failed: Model execution failed (User Input Error): AiError: AiError: NSFW content detected. Try running it again, or try a different prompt. (c0923919-3c94-4b34-9090-9c3f07741107)"
223,0223_botanical_inferno_flow_ember.jpg,general,botanical,inferno,flow,ember,,1401432596,,,,failed,"prediction failed: Model execution failed (User Input Error): AiError: AiError: NSFW content detected. Try running it again, or try a different prompt. (e13a3342-83c4-425d-a07e-68c82ebaed02)"
229,0229_botanical_dream_surge_deep_ocean.jpg,general,botanical,dream,surge,deep_ocean,,148177986,,,,failed,"prediction failed: Model execution failed (User Input Error): AiError: AiError: NSFW content detected. Try running it again, or try a different prompt. (99bf7786-bd3c-4606-be3f-402e0c162de8)"
231,0231_botanical_twilight_stillness_deep_ocean.jpg,general,botanical,twilight,stillness,deep_ocean,,1162082214,,,,failed,"prediction failed: Model execution failed (User Input Error): AiError: AiError: NSFW content detected. Try running it again, or try a different prompt. (761657fd-1f29-4f88-a5e2-c8e20ebd82ee)"
235,0235_botanical_storm_eruption_ultraviolet.jpg,general,botanical,storm,eruption,ultraviolet,,1042407023,,,,failed,"prediction failed: Model execution failed (User Input Error): AiError: AiError: NSFW content detected. Try running it again, or try a different prompt. (61566fd6-f216-4a2a-877d-6527f480ab5f)"
236,0236_botanical_twilight_stillness_ultraviolet.jpg,general,botanical,twilight,stillness,ultraviolet,,1549359137,,,,failed,"prediction failed: Model execution failed (User Input Error): AiError: AiError: NSFW content detected. Try running it again, or try a different prompt. (e12391ee-e353-44d8-b628-46292b42d4cb)"
238,0238_botanical_midnight_flow_ultraviolet.jpg,general,botanical,midnight,flow,ultraviolet,,415779718,,,,failed,"prediction failed: Model execution failed (User Input Error): AiError: AiError: NSFW content detected. Try running it again, or try a different prompt. (feeb38b6-e247-4711-be4b-c2b591cbd280)"
239,0239_botanical_inferno_surge_ultraviolet.jpg,general,botanical,inferno,surge,ultraviolet,,922731832,,,,failed,"prediction failed: Model execution failed (User Input Error): AiError: AiError: NSFW content detected. Try running it again, or try a different prompt. (a2774cf9-a4db-4f92-af4b-3cb8778a9969)"
247,0247_botanical_eclipse_drift_neon_noir.jpg,general,botanical,eclipse,drift,neon_noir,,683381450,,,,failed,"prediction failed: Model execution failed (User Input Error): AiError: AiError: NSFW content detected. Try running it again, or try a different prompt. (1cf325a5-9b1f-4991-b2fc-74c6238d6d51)"
249,0249_botanical_inferno_surge_neon_noir.jpg,general,botanical,inferno,surge,neon_noir,,1697285678,,,,failed,"prediction failed: Model execution failed (User Input Error): AiError: AiError: NSFW content detected. Try running it again, or try a different prompt. (5381b919-4675-4fba-a6e2-85387b8eb15f)"
262,0262_botanical_twilight_drift_opal.jpg,general,botanical,twilight,drift,opal,,1845212219,,,,failed,"prediction failed: Model execution failed (User Input Error): AiError: AiError: NSFW content detected. Try running it again, or try a different prompt. (e475f033-4866-4382-83ee-0f59179254be)"
270,0270_botanical_dream_eruption_arctic.jpg,general,botanical,dream,eruption,arctic,,1605861837,previews/studio/general/0270_botanical_dream_eruption_arctic.jpg,wallpapers/studio/general/0270_botanical_dream_eruption_arctic.jpg,64984,ok,"A single striking abstract artwork made as a mobile phone wallpaper. Vertical 9:16 mobile wallpaper, full-bleed edge to edge composition. The upper region of the frame is open and unadorned — atmosphere, gradient falloff or empty depth, no detail and no focal point there. The principal subject sits in the lower two thirds, weighted below centre and placed off the vertical axis. Clear depth across three planes: near, middle and far. No text, no letterforms, no numerals, no signature, no watermark, no logo, no border and no frame. Leaves, petals, vines, roots, branches, blossoms, seeds and intricate organic plant structures woven into layered compositions. Soft diffused illumination, luminous haze, gentle tonal transitions, restrained contrast, subtle bloom and an ethereal atmospheric glow. Explosive outward movement, fragmented forms, dramatic displacement, extreme scale variation and dense controlled complexity radiating through the composition. Ice blue, silver and white with restrained cobalt shadows."
290,0290_liquid_dream_flow_aurora.jpg,general,liquid,dream,flow,aurora,,1007485882,previews/studio/general/0290_liquid_dream_flow_aurora.jpg,wallpapers/studio/general/0290_liquid_dream_flow_aurora.jpg,65758,ok,"A single striking abstract artwork made as a mobile phone wallpaper. Vertical 9:16 mobile wallpaper, full-bleed edge to edge composition. The upper region of the frame is open and unadorned — atmosphere, gradient falloff or empty depth, no detail and no focal point there. The principal subject sits in the lower two thirds, weighted below centre and placed off the vertical axis. Clear depth across three planes: near, middle and far. No text, no letterforms, no numerals, no signature, no watermark, no logo, no border and no frame. Flowing, suspended and colliding fluids; ribbons, droplets, splashes, folds, pools and smooth sculptural forms shaped by surface tension. Soft diffused illumination, luminous haze, gentle tonal transitions, restrained contrast, subtle bloom and an ethereal atmospheric glow. Continuous sweeping movement, interconnected forms, graceful curves and clear directional pathways carrying the eye through the composition. Electric cyan, violet and emerald, luminous against midnight."
300,0300_liquid_dream_flow_deep_ocean.jpg,general,liquid,dream,flow,deep_ocean,,1782039728,previews/studio/general/0300_liquid_dream_flow_deep_ocean.jpg,wallpapers/studio/general/0300_liquid_dream_flow_deep_ocean.jpg,65166,ok,"A single striking abstract artwork made as a mobile phone wallpaper. Vertical 9:16 mobile wallpaper, full-bleed edge to edge composition. The upper region of the frame is open and unadorned — atmosphere, gradient falloff or empty depth, no detail and no focal point there. The principal subject sits in the lower two thirds, weighted below centre and placed off the vertical axis. Clear depth across three planes: near, middle and far. No text, no letterforms, no numerals, no signature, no watermark, no logo, no border and no frame. Flowing, suspended and colliding fluids; ribbons, droplets, splashes, folds, pools and smooth sculptural forms shaped by surface tension. Soft diffused illumination, luminous haze, gentle tonal transitions, restrained contrast, subtle bloom and an ethereal atmospheric glow. Continuous sweeping movement, interconnected forms, graceful curves and clear directional pathways carrying the eye through the composition. Cobalt, teal and turquoise with tiny aqua highlights."
308,0308_liquid_eclipse_stillness_ultraviolet.jpg,general,liquid,eclipse,stillness,ultraviolet,,1542689346,,,,failed,"prediction failed: Model execution failed (User Input Error): AiError: AiError: NSFW content detected. Try running it again, or try a different prompt. (4df9cf06-6759-46f8-8cc1-1176b80e2108)"
310,0310_liquid_inferno_flow_ultraviolet.jpg,general,liquid,inferno,flow,ultraviolet,,409109927,,,,failed,"prediction failed: Model execution failed (User Input Error): AiError: AiError: NSFW content detected. Try running it again, or try a different prompt. (4a79b0e8-2c3c-4568-bdc2-601f59a926c7)"
311,0311_liquid_dream_surge_ultraviolet.jpg,general,liquid,dream,surge,ultraviolet,,916062041,,,,failed,"prediction failed: Model execution failed (User Input Error): AiError: AiError: NSFW content detected. Try running it again, or try a different prompt. (2ca4ce29-7b4d-4d06-9297-81fe9117f2c2)"
321,0321_liquid_dream_surge_neon_noir.jpg,general,liquid,dream,surge,neon_noir,,1690615887,previews/studio/general/0321_liquid_dream_surge_neon_noir.jpg,wallpapers/studio/general/0321_liquid_dream_surge_neon_noir.jpg,64759,ok,"A single striking abstract artwork made as a mobile phone wallpaper. Vertical 9:16 mobile wallpaper, full-bleed edge to edge composition. The upper region of the frame is open and unadorned — atmosphere, gradient falloff or empty depth, no detail and no focal point there. The principal subject sits in the lower two thirds, weighted below centre and placed off the vertical axis. Clear depth across three planes: near, middle and far. No text, no letterforms, no numerals, no signature, no watermark, no logo, no border and no frame. Flowing, suspended and colliding fluids; ribbons, droplets, splashes, folds, pools and smooth sculptural forms shaped by surface tension. Soft diffused illumination, luminous haze, gentle tonal transitions, restrained contrast, subtle bloom and an ethereal atmospheric glow. Forceful directional movement, strong diagonals, overlapping forms, dynamic scale changes and pronounced visual momentum. Hot magenta, cyan and violet against near-black."
322,0322_liquid_storm_eruption_neon_noir.jpg,general,liquid,storm,eruption,neon_noir,,50084354,previews/studio/general/0322_liquid_storm_eruption_neon_noir.jpg,wallpapers/studio/general/0322_liquid_storm_eruption_neon_noir.jpg,64401,ok,"A single striking abstract artwork made as a mobile phone wallpaper. Vertical 9:16 mobile wallpaper, full-bleed edge to edge composition. The upper region of the frame is open and unadorned — atmosphere, gradient falloff or empty depth, no detail and no focal point there. The principal subject sits in the lower two thirds, weighted below centre and placed off the vertical axis. Clear depth across three planes: near, middle and far. No text, no letterforms, no numerals, no signature, no watermark, no logo, no border and no frame. Flowing, suspended and colliding fluids; ribbons, droplets, splashes, folds, pools and smooth sculptural forms shaped by surface tension. Hard raking light through broken darkness, sharp highlights, deep shadows, high contrast and dense moisture-filled atmosphere. Explosive outward movement, fragmented forms, dramatic displacement, extreme scale variation and dense controlled complexity radiating through the composition. Hot magenta, cyan and violet against near-black."
330,0330_liquid_inferno_flow_opal.jpg,general,liquid,inferno,flow,opal,,1958217619,,,,failed,"prediction failed: Model execution failed (User Input Error): AiError: AiError: NSFW content detected. Try running it again, or try a different prompt. (256773c9-2cb6-4f79-a9a2-37a775739944)"
332,0332_liquid_storm_eruption_opal.jpg,general,liquid,storm,eruption,opal,,824638200,previews/studio/general/0332_liquid_storm_eruption_opal.jpg,wallpapers/studio/general/0332_liquid_storm_eruption_opal.jpg,64693,ok,"A single striking abstract artwork made as a mobile phone wallpaper. Vertical 9:16 mobile wallpaper, full-bleed edge to edge composition. The upper region of the frame is open and unadorned — atmosphere, gradient falloff or empty depth, no detail and no focal point there. The principal subject sits in the lower two thirds, weighted below centre and placed off the vertical axis. Clear depth across three planes: near, middle and far. No text, no letterforms, no numerals, no signature, no watermark, no logo, no border and no frame. Flowing, suspended and colliding fluids; ribbons, droplets, splashes, folds, pools and smooth sculptural forms shaped by surface tension. Hard raking light through broken darkness, sharp highlights, deep shadows, high contrast and dense moisture-filled atmosphere. Explosive outward movement, fragmented forms, dramatic displacement, extreme scale variation and dense controlled complexity radiating through the composition. Pearl, lavender, pale cyan and blush with iridescent highlights."
353,0353_liquid_storm_stillness_midnight.jpg,general,liquid,storm,stillness,midnight,,733214359,previews/studio/general/0353_liquid_storm_stillness_midnight.jpg,wallpapers/studio/general/0353_liquid_storm_stillness_midnight.jpg,65032,ok,"A single striking abstract artwork made as a mobile phone wallpaper. Vertical 9:16 mobile wallpaper, full-bleed edge to edge composition. The upper region of the frame is open and unadorned — atmosphere, gradient falloff or empty depth, no detail and no focal point there. The principal subject sits in the lower two thirds, weighted below centre and placed off the vertical axis. Clear depth across three planes: near, middle and far. No text, no letterforms, no numerals, no signature, no watermark, no logo, no border and no frame. Flowing, suspended and colliding fluids; ribbons, droplets, splashes, folds, pools and smooth sculptural forms shaped by surface tension. Hard raking light through broken darkness, sharp highlights, deep shadows, high contrast and dense moisture-filled atmosphere. Centered, balanced composition with generous negative space, minimal directional movement, simple large forms and a strong sense of visual stability. Navy, indigo and black with sparse electric-blue illumination."
369,0369_architecture_eclipse_eruption_ember.jpg,general,architecture,eclipse,eruption,ember,,254513595,previews/studio/general/0369_architecture_eclipse_eruption_ember.jpg,wallpapers/studio/general/0369_architecture_eclipse_eruption_ember.jpg,64720,ok,"A single striking abstract artwork made as a mobile phone wallpaper. Vertical 9:16 mobile wallpaper, full-bleed edge to edge composition. The upper region of the frame is open and unadorned — atmosphere, gradient falloff or empty depth, no detail and no focal point there. The principal subject sits in the lower two thirds, weighted below centre and placed off the vertical axis. Clear depth across three planes: near, middle and far. No text, no letterforms, no numerals, no signature, no watermark, no logo, no border and no frame. Arches, columns, vaults, stairs, towers, passages and monumental geometric structures arranged with dramatic scale and depth. Strong backlighting, deep silhouettes, narrow brilliant rim light, extreme separation between darkness and radiance, with restrained atmospheric glow. Explosive outward movement, fragmented forms, dramatic displacement, extreme scale variation and dense controlled complexity radiating through the composition. Molten orange, crimson and amber against charcoal."
392,0392_architecture_dream_flow_neon_noir.jpg,general,architecture,dream,flow,neon_noir,,1176993982,previews/studio/general/0392_architecture_dream_flow_neon_noir.jpg,wallpapers/studio/general/0392_architecture_dream_flow_neon_noir.jpg,64742,ok,"A single striking abstract artwork made as a mobile phone wallpaper. Vertical 9:16 mobile wallpaper, full-bleed edge to edge composition. The upper region of the frame is open and unadorned — atmosphere, gradient falloff or empty depth, no detail and no focal point there. The principal subject sits in the lower two thirds, weighted below centre and placed off the vertical axis. Clear depth across three planes: near, middle and far. No text, no letterforms, no numerals, no signature, no watermark, no logo, no border and no frame. Arches, columns, vaults, stairs, towers, passages and monumental geometric structures arranged with dramatic scale and depth. Soft diffused illumination, luminous haze, gentle tonal transitions, restrained contrast, subtle bloom and an ethereal atmospheric glow. Continuous sweeping movement, interconnected forms, graceful curves and clear directional pathways carrying the eye through the composition. Hot magenta, cyan and violet against near-black."
394,0394_architecture_twilight_eruption_neon_noir.jpg,general,architecture,twilight,eruption,neon_noir,,43414563,previews/studio/general/0394_architecture_twilight_eruption_neon_noir.jpg,wallpapers/studio/general/0394_architecture_twilight_eruption_neon_noir.jpg,64512,ok,"A single striking abstract artwork made as a mobile phone wallpaper. Vertical 9:16 mobile wallpaper, full-bleed edge to edge composition. The upper region of the frame is open and unadorned — atmosphere, gradient falloff or empty depth, no detail and no focal point there. The principal subject sits in the lower two thirds, weighted below centre and placed off the vertical axis. Clear depth across three planes: near, middle and far. No text, no letterforms, no numerals, no signature, no watermark, no logo, no border and no frame. Arches, columns, vaults, stairs, towers, passages and monumental geometric structures arranged with dramatic scale and depth. Low directional light, long soft shadows, subdued highlights, layered atmospheric haze and a gradual transition between luminous and dark values. Explosive outward movement, fragmented forms, dramatic displacement, extreme scale variation and dense controlled complexity radiating through the composition. Hot magenta, cyan and violet against near-black."
411,0411_architecture_midnight_drift_inferno.jpg,general,architecture,midnight,drift,inferno,,71665913,previews/studio/general/0411_architecture_midnight_drift_inferno.jpg,wallpapers/studio/general/0411_architecture_midnight_drift_inferno.jpg,64251,ok,"A single striking abstract artwork made as a mobile phone wallpaper. Vertical 9:16 mobile wallpaper, full-bleed edge to edge composition. The upper region of the frame is open and unadorned — atmosphere, gradient falloff or empty depth, no detail and no focal point there. The principal subject sits in the lower two thirds, weighted below centre and placed off the vertical axis. Clear depth across three planes: near, middle and far. No text, no letterforms, no numerals, no signature, no watermark, no logo, no border and no frame. Arches, columns, vaults, stairs, towers, passages and monumental geometric structures arranged with dramatic scale and depth. Predominantly deep values, sparse concentrated illumination, rich shadows, isolated highlights and quiet low-light atmosphere. Gentle directional movement, softly displaced forms, subtle asymmetry and relaxed visual flow across the composition. Scarlet, vermilion and molten gold against black."
429,0429_architecture_storm_eruption_prismatic.jpg,general,architecture,storm,eruption,prismatic,,606869377,previews/studio/general/0429_architecture_storm_eruption_prismatic.jpg,wallpapers/studio/general/0429_architecture_storm_eruption_prismatic.jpg,64403,ok,"A single striking abstract artwork made as a mobile phone wallpaper. Vertical 9:16 mobile wallpaper, full-bleed edge to edge composition. The upper region of the frame is open and unadorned — atmosphere, gradient falloff or empty depth, no detail and no focal point there. The principal subject sits in the lower two thirds, weighted below centre and placed off the vertical axis. Clear depth across three planes: near, middle and far. No text, no letterforms, no numerals, no signature, no watermark, no logo, no border and no frame. Arches, columns, vaults, stairs, towers, passages and monumental geometric structures arranged with dramatic scale and depth. Hard raking light through broken darkness, sharp highlights, deep shadows, high contrast and dense moisture-filled atmosphere. Explosive outward movement, fragmented forms, dramatic displacement, extreme scale variation and dense controlled complexity radiating through the composition. Controlled spectrum colour, rich refraction, luminous transitions."
435,0435_light_eclipse_surge_aurora.jpg,general,light,eclipse,surge,aurora,,1501098414,previews/studio/general/0435_light_eclipse_surge_aurora.jpg,wallpapers/studio/general/0435_light_eclipse_surge_aurora.jpg,64388,ok,"A single striking abstract artwork made as a mobile phone wallpaper. Vertical 9:16 mobile wallpaper, full-bleed edge to edge composition. The upper region of the frame is open and unadorned — atmosphere, gradient falloff or empty depth, no detail and no focal point there. The principal subject sits in the lower two thirds, weighted below centre and placed off the vertical axis. Clear depth across three planes: near, middle and far. No text, no letterforms, no numerals, no signature, no watermark, no logo, no border and no frame. Beams, halos, luminous ribbons, glowing fields, volumetric rays, reflections and radiant forms constructed primarily from illumination. Strong backlighting, deep silhouettes, narrow brilliant rim light, extreme separation between darkness and radiance, with restrained atmospheric glow. Forceful directional movement, strong diagonals, overlapping forms, dynamic scale changes and pronounced visual momentum. Electric cyan, violet and emerald, luminous against midnight."
462,0462_light_inferno_stillness_neon_noir.jpg,general,light,inferno,stillness,neon_noir,,156419963,,,,failed,"prediction failed: Model execution failed (User Input Error): AiError: AiError: NSFW content detected. Try running it again, or try a different prompt. (a2d23247-18c6-4775-807a-f4a0c547684d)"
467,0467_light_midnight_stillness_neon_noir.jpg,general,light,midnight,stillness,neon_noir,,543696886,,,,failed,"prediction failed: Model execution failed (User Input Error): AiError: AiError: NSFW content detected. Try running it again, or try a different prompt. (113181d6-e172-43cd-b290-ed195eb74b1f)"
475,0475_light_twilight_surge_opal.jpg,general,light,twilight,surge,opal,,304346504,,,,failed,"prediction failed: Model execution failed (User Input Error): AiError: AiError: NSFW content detected. Try running it again, or try a different prompt. (faf5220c-9b41-4102-aa82-d495f6ee983f)"
476,0476_light_eclipse_eruption_opal.jpg,general,light,eclipse,eruption,opal,,811298618,,,,failed,"prediction failed: Model execution failed (User Input Error): AiError: AiError: NSFW content detected. Try running it again, or try a different prompt. (1dd07dcf-16a7-448e-8777-eeadbf31c382)"
477,0477_light_midnight_stillness_opal.jpg,general,light,midnight,stillness,opal,,1318250732,,,,failed,"prediction failed: Model execution failed (User Input Error): AiError: AiError: NSFW content detected. Try running it again, or try a different prompt. (a93c0d02-d8ea-4ae9-ba0d-6a3f9674e5c4)"
482,0482_light_midnight_stillness_inferno.jpg,general,light,midnight,stillness,inferno,,1705527655,,,,failed,"prediction failed: Model execution failed (User Input Error): AiError: AiError: NSFW content detected. Try running it again, or try a different prompt. (baf4c0f4-a505-452b-addc-f9009f2b2891)"
491,0491_light_twilight_eruption_arctic.jpg,general,light,twilight,eruption,arctic,,1973129387,previews/studio/general/0491_light_twilight_eruption_arctic.jpg,wallpapers/studio/general/0491_light_twilight_eruption_arctic.jpg,73092,ok,"A single striking abstract artwork made as a mobile phone wallpaper. Vertical 9:16 mobile wallpaper, full-bleed edge to edge composition. The upper region of the frame is open and unadorned — atmosphere, gradient falloff or empty depth, no detail and no focal point there. The principal subject sits in the lower two thirds, weighted below centre and placed off the vertical axis. Clear depth across three planes: near, middle and far. No text, no letterforms, no numerals, no signature, no watermark, no logo, no border and no frame. Beams, halos, luminous ribbons, glowing fields, volumetric rays, reflections and radiant forms constructed primarily from illumination. Low directional light, long soft shadows, subdued highlights, layered atmospheric haze and a gradual transition between luminous and dark values. Explosive outward movement, fragmented forms, dramatic displacement, extreme scale variation and dense controlled complexity radiating through the composition. Ice blue, silver and white with restrained cobalt shadows."
501,0501_light_twilight_eruption_prismatic.jpg,general,light,twilight,eruption,prismatic,,600199586,previews/studio/general/0501_light_twilight_eruption_prismatic.jpg,wallpapers/studio/general/0501_light_twilight_eruption_prismatic.jpg,65022,ok,"A single striking abstract artwork made as a mobile phone wallpaper. Vertical 9:16 mobile wallpaper, full-bleed edge to edge composition. The upper region of the frame is open and unadorned — atmosphere, gradient falloff or empty depth, no detail and no focal point there. The principal subject sits in the lower two thirds, weighted below centre and placed off the vertical axis. Clear depth across three planes: near, middle and far. No text, no letterforms, no numerals, no signature, no watermark, no logo, no border and no frame. Beams, halos, luminous ribbons, glowing fields, volumetric rays, reflections and radiant forms constructed primarily from illumination. Low directional light, long soft shadows, subdued highlights, layered atmospheric haze and a gradual transition between luminous and dark values. Explosive outward movement, fragmented forms, dramatic displacement, extreme scale variation and dense controlled complexity radiating through the composition. Controlled spectrum colour, rich refraction, luminous transitions."
505,0505_mineral_twilight_drift_aurora.jpg,general,mineral,twilight,drift,aurora,,480524395,,,,failed,"prediction failed: Model execution failed (User Input Error): AiError: AiError: NSFW content detected. Try running it again, or try a different prompt. (7800a179-1e08-41c2-a1fb-733fed2392fe)"
507,0507_mineral_midnight_surge_aurora.jpg,general,mineral,midnight,surge,aurora,,1494428623,,,,failed,"prediction failed: Model execution failed (User Input Error): AiError: AiError: NSFW content detected. Try running it again, or try a different prompt. (07dd4ee7-9535-446c-b29a-136fc87ff697)"
508,0508_mineral_inferno_eruption_aurora.jpg,general,mineral,inferno,eruption,aurora,,2001380737,,,,failed,"prediction failed: Model execution failed (User Input Error): AiError: AiError: NSFW content detected. Try running it again, or try a different prompt. (caa00cc6-0ae0-49dd-84a5-ca614cd4ec2b)"
520,0520_mineral_storm_drift_deep_ocean.jpg,general,mineral,storm,drift,deep_ocean,,1642355164,previews/studio/general/0520_mineral_storm_drift_deep_ocean.jpg,wallpapers/studio/general/0520_mineral_storm_drift_deep_ocean.jpg,65440,ok,"A single striking abstract artwork made as a mobile phone wallpaper. Vertical 9:16 mobile wallpaper, full-bleed edge to edge composition. The upper region of the frame is open and unadorned — atmosphere, gradient falloff or empty depth, no detail and no focal point there. The principal subject sits in the lower two thirds, weighted below centre and placed off the vertical axis. Clear depth across three planes: near, middle and far. No text, no letterforms, no numerals, no signature, no watermark, no logo, no border and no frame. Crystals, geodes, stone, metallic ore, fractured rock, polished mineral surfaces and intricate geological structures. Hard raking light through broken darkness, sharp highlights, deep shadows, high contrast and dense moisture-filled atmosphere. Gentle directional movement, softly displaced forms, subtle asymmetry and relaxed visual flow across the composition. Cobalt, teal and turquoise with tiny aqua highlights."
523,0523_mineral_inferno_eruption_ultraviolet.jpg,general,mineral,inferno,eruption,ultraviolet,,1015727859,,,,failed,"prediction failed: Model execution failed (User Input Error): AiError: AiError: NSFW content detected. Try running it again, or try a different prompt. (24ef6058-3fa8-438a-93cc-7613ee4ab23f)"
529,0529_mineral_dream_stillness_solar.jpg,general,mineral,dream,stillness,solar,,1909956896,previews/studio/general/0529_mineral_dream_stillness_solar.jpg,wallpapers/studio/general/0529_mineral_dream_stillness_solar.jpg,64723,ok,"A single striking abstract artwork made as a mobile phone wallpaper. Vertical 9:16 mobile wallpaper, full-bleed edge to edge composition. The upper region of the frame is open and unadorned — atmosphere, gradient falloff or empty depth, no detail and no focal point there. The principal subject sits in the lower two thirds, weighted below centre and placed off the vertical axis. Clear depth across three planes: near, middle and far. No text, no letterforms, no numerals, no signature, no watermark, no logo, no border and no frame. Crystals, geodes, stone, metallic ore, fractured rock, polished mineral surfaces and intricate geological structures. Soft diffused illumination, luminous haze, gentle tonal transitions, restrained contrast, subtle bloom and an ethereal atmospheric glow. Centered, balanced composition with generous negative space, minimal directional movement, simple large forms and a strong sense of visual stability. Radiant gold, amber and warm ivory against deep bronze."
531,0531_mineral_twilight_flow_solar.jpg,general,mineral,twilight,flow,solar,,776377477,previews/studio/general/0531_mineral_twilight_flow_solar.jpg,wallpapers/studio/general/0531_mineral_twilight_flow_solar.jpg,64645,ok,"A single striking abstract artwork made as a mobile phone wallpaper. Vertical 9:16 mobile wallpaper, full-bleed edge to edge composition. The upper region of the frame is open and unadorned — atmosphere, gradient falloff or empty depth, no detail and no focal point there. The principal subject sits in the lower two thirds, weighted below centre and placed off the vertical axis. Clear depth across three planes: near, middle and far. No text, no letterforms, no numerals, no signature, no watermark, no logo, no border and no frame. Crystals, geodes, stone, metallic ore, fractured rock, polished mineral surfaces and intricate geological structures. Low directional light, long soft shadows, subdued highlights, layered atmospheric haze and a gradual transition between luminous and dark values. Continuous sweeping movement, interconnected forms, graceful curves and clear directional pathways carrying the eye through the composition. Radiant gold, amber and warm ivory against deep bronze."
555,0555_mineral_dream_drift_inferno.jpg,general,mineral,dream,drift,inferno,,58326331,previews/studio/general/0555_mineral_dream_drift_inferno.jpg,wallpapers/studio/general/0555_mineral_dream_drift_inferno.jpg,65185,ok,"A single striking abstract artwork made as a mobile phone wallpaper. Vertical 9:16 mobile wallpaper, full-bleed edge to edge composition. The upper region of the frame is open and unadorned — atmosphere, gradient falloff or empty depth, no detail and no focal point there. The principal subject sits in the lower two thirds, weighted below centre and placed off the vertical axis. Clear depth across three planes: near, middle and far. No text, no letterforms, no numerals, no signature, no watermark, no logo, no border and no frame. Crystals, geodes, stone, metallic ore, fractured rock, polished mineral surfaces and intricate geological structures. Soft diffused illumination, luminous haze, gentle tonal transitions, restrained contrast, subtle bloom and an ethereal atmospheric glow. Gentle directional movement, softly displaced forms, subtle asymmetry and relaxed visual flow across the composition. Scarlet, vermilion and molten gold against black."
557,0557_mineral_twilight_surge_inferno.jpg,general,mineral,twilight,surge,inferno,,1072230559,previews/studio/general/0557_mineral_twilight_surge_inferno.jpg,wallpapers/studio/general/0557_mineral_twilight_surge_inferno.jpg,64106,ok,"A single striking abstract artwork made as a mobile phone wallpaper. Vertical 9:16 mobile wallpaper, full-bleed edge to edge composition. The upper region of the frame is open and unadorned — atmosphere, gradient falloff or empty depth, no detail and no focal point there. The principal subject sits in the lower two thirds, weighted below centre and placed off the vertical axis. Clear depth across three planes: near, middle and far. No text, no letterforms, no numerals, no signature, no watermark, no logo, no border and no frame. Crystals, geodes, stone, metallic ore, fractured rock, polished mineral surfaces and intricate geological structures. Low directional light, long soft shadows, subdued highlights, layered atmospheric haze and a gradual transition between luminous and dark values. Forceful directional movement, strong diagonals, overlapping forms, dynamic scale changes and pronounced visual momentum. Scarlet, vermilion and molten gold against black."
564,0564_mineral_inferno_stillness_midnight.jpg,general,mineral,inferno,stillness,midnight,,325928063,,,,failed,"prediction failed: Model execution failed (User Input Error): AiError: AiError: NSFW content detected. Try running it again, or try a different prompt. (44b515c4-1c02-4163-bb7b-14f8e805ccb2)"
565,0565_mineral_dream_drift_midnight.jpg,general,mineral,dream,drift,midnight,,832880177,,,,failed,"prediction failed: Model execution failed (User Input Error): AiError: AiError: NSFW content detected. Try running it again, or try a different prompt. (c802e05b-6b41-4ae1-9f6b-8ad9af443d17)"
575,0575_mineral_inferno_drift_prismatic.jpg,general,mineral,inferno,drift,prismatic,,1607434023,,,,failed,"prediction failed: Model execution failed (User Input Error): AiError: AiError: NSFW content detected. Try running it again, or try a different prompt. (54f80216-d419-4903-b916-456b65a099d7)"
