index,plate,season,world,mood,energy,palette,twist,seed,clean_path,preview_path,duration_ms,status,prompt
0,0000_haunted_bewitched_stillness_blood_moon_impossible_scale.jpg,halloween,haunted,bewitched,stillness,blood_moon,impossible_scale,20260818,previews/studio/halloween/0000_haunted_bewitched_stillness_blood_moon_impossible_scale.jpg,wallpapers/studio/halloween/0000_haunted_bewitched_stillness_blood_moon_impossible_scale.jpg,65486,ok,"A single striking Halloween artwork made as a mobile phone wallpaper. One extraordinary focal idea, composed as a scene rather than an arrangement of seasonal objects. Vertical 9:16 mobile wallpaper, full-bleed edge to edge composition. The upper region of the frame is open and unadorned — atmosphere, gradient falloff or empty depth, no detail and no focal point there. The principal subject sits in the lower two thirds, weighted below centre and placed off the vertical axis. Clear depth across three planes: near, middle and far. No text, no letterforms, no numerals, no signature, no watermark, no logo, no border and no frame. A vast supernatural environment of impossible haunted mansions, ruined castles, forgotten estates and ancient graveyards. Architecture feels alive and subtly wrong: impossible corridors, leaning towers, illuminated windows, monumental gates and structures disappearing into fog. Unseen inhabitants are suggested through distant lights, silhouettes and movement. Elegant gothic horror. Seductive supernatural illumination, luminous haze and mysterious coloured light. Shadows remain soft and dimensional while magical highlights appear unexpectedly throughout the scene. Enchanting, mysterious and beautiful, with a subtle sense that something impossible is happening. Centered, balanced composition with generous negative space, minimal directional movement, simple large forms and a strong sense of visual stability. Blood red, crimson and burnt orange against black. One element is vastly larger than it could be, dwarfing everything around it."
214,0214_infernal_ominous_flow_dead_forest_organic_geometry.jpg,halloween,infernal,ominous,flow,dead_forest,organic_geometry,1133830864,,,,failed,"prediction failed: Model execution failed (User Input Error): AiError: AiError: NSFW content detected. Try running it again, or try a different prompt. (41c7e95f-529c-4b31-b57f-1128b3d88d7c)"
1,0001_haunted_haunting_drift_blood_moon_living_architecture.jpg,halloween,haunted,haunting,drift,blood_moon,living_architecture,527212932,previews/studio/halloween/0001_haunted_haunting_drift_blood_moon_living_architecture.jpg,wallpapers/studio/halloween/0001_haunted_haunting_drift_blood_moon_living_architecture.jpg,64232,ok,"A single striking Halloween artwork made as a mobile phone wallpaper. One extraordinary focal idea, composed as a scene rather than an arrangement of seasonal objects. Vertical 9:16 mobile wallpaper, full-bleed edge to edge composition. The upper region of the frame is open and unadorned — atmosphere, gradient falloff or empty depth, no detail and no focal point there. The principal subject sits in the lower two thirds, weighted below centre and placed off the vertical axis. Clear depth across three planes: near, middle and far. No text, no letterforms, no numerals, no signature, no watermark, no logo, no border and no frame. A vast supernatural environment of impossible haunted mansions, ruined castles, forgotten estates and ancient graveyards. Architecture feels alive and subtly wrong: impossible corridors, leaning towers, illuminated windows, monumental gates and structures disappearing into fog. Unseen inhabitants are suggested through distant lights, silhouettes and movement. Elegant gothic horror. Quiet, melancholy and deeply atmospheric. Diffused moonlight, pale illumination, long shadows, drifting fog and restrained contrast create the feeling of a place inhabited by memories or unseen presences. Beautiful first, unsettling second. Gentle directional movement, softly displaced forms, subtle asymmetry and relaxed visual flow across the composition. Blood red, crimson and burnt orange against black. Built structures behave like a creature: breathing, watching, reaching, or forming a silhouette that is almost a body."
215,0215_infernal_macabre_surge_dead_forest_something_watching.jpg,halloween,infernal,macabre,surge,dead_forest,something_watching,1640782978,previews/studio/halloween/0215_infernal_macabre_surge_dead_forest_something_watching.jpg,wallpapers/studio/halloween/0215_infernal_macabre_surge_dead_forest_something_watching.jpg,64707,ok,"A single striking Halloween artwork made as a mobile phone wallpaper. One extraordinary focal idea, composed as a scene rather than an arrangement of seasonal objects. Vertical 9:16 mobile wallpaper, full-bleed edge to edge composition. The upper region of the frame is open and unadorned — atmosphere, gradient falloff or empty depth, no detail and no focal point there. The principal subject sits in the lower two thirds, weighted below centre and placed off the vertical axis. Clear depth across three planes: near, middle and far. No text, no letterforms, no numerals, no signature, no watermark, no logo, no border and no frame. An immense mythic underworld of obsidian formations, volcanic chasms, ruined citadels and monumental demonic architecture. Molten light glows through cracks in black stone while smoke, embers and enormous shadowy entities occupy impossible distances. Ancient, powerful and visually magnificent. Elegant darkness with stronger mortality and decay: aged surfaces, skeletal forms, dead vegetation, ruined grandeur and stark chiaroscuro. Sophisticated gothic beauty, disturbing details used sparingly against richly rendered darkness. Forceful directional movement, strong diagonals, overlapping forms, dynamic scale changes and pronounced visual momentum. Umber, moss green and rust against smoky black. The composition is arranged around an unseen observer, and the scene knows it is being looked at."
2,0002_haunted_ominous_flow_blood_moon_beautiful_decay.jpg,halloween,haunted,ominous,flow,blood_moon,beautiful_decay,1034165046,previews/studio/halloween/0002_haunted_ominous_flow_blood_moon_beautiful_decay.jpg,wallpapers/studio/halloween/0002_haunted_ominous_flow_blood_moon_beautiful_decay.jpg,63879,ok,"A single striking Halloween artwork made as a mobile phone wallpaper. One extraordinary focal idea, composed as a scene rather than an arrangement of seasonal objects. Vertical 9:16 mobile wallpaper, full-bleed edge to edge composition. The upper region of the frame is open and unadorned — atmosphere, gradient falloff or empty depth, no detail and no focal point there. The principal subject sits in the lower two thirds, weighted below centre and placed off the vertical axis. Clear depth across three planes: near, middle and far. No text, no letterforms, no numerals, no signature, no watermark, no logo, no border and no frame. A vast supernatural environment of impossible haunted mansions, ruined castles, forgotten estates and ancient graveyards. Architecture feels alive and subtly wrong: impossible corridors, leaning towers, illuminated windows, monumental gates and structures disappearing into fog. Unseen inhabitants are suggested through distant lights, silhouettes and movement. Elegant gothic horror. Heavy darkness, approaching weather, deep directional shadows and isolated pools of illumination create mounting tension. The composition suggests that something enormous is about to happen without revealing exactly what it is. Continuous sweeping movement, interconnected forms, graceful curves and clear directional pathways carrying the eye through the composition. Blood red, crimson and burnt orange against black. Ruin rendered as splendour: collapse, erosion and overgrowth arranged into something lovelier than the intact thing was."
216,0216_infernal_macabre_flow_gothic_jewel_something_watching.jpg,halloween,infernal,macabre,flow,gothic_jewel,something_watching,251445,previews/studio/halloween/0216_infernal_macabre_flow_gothic_jewel_something_watching.jpg,wallpapers/studio/halloween/0216_infernal_macabre_flow_gothic_jewel_something_watching.jpg,64007,ok,"A single striking Halloween artwork made as a mobile phone wallpaper. One extraordinary focal idea, composed as a scene rather than an arrangement of seasonal objects. Vertical 9:16 mobile wallpaper, full-bleed edge to edge composition. The upper region of the frame is open and unadorned — atmosphere, gradient falloff or empty depth, no detail and no focal point there. The principal subject sits in the lower two thirds, weighted below centre and placed off the vertical axis. Clear depth across three planes: near, middle and far. No text, no letterforms, no numerals, no signature, no watermark, no logo, no border and no frame. An immense mythic underworld of obsidian formations, volcanic chasms, ruined citadels and monumental demonic architecture. Molten light glows through cracks in black stone while smoke, embers and enormous shadowy entities occupy impossible distances. Ancient, powerful and visually magnificent. Elegant darkness with stronger mortality and decay: aged surfaces, skeletal forms, dead vegetation, ruined grandeur and stark chiaroscuro. Sophisticated gothic beauty, disturbing details used sparingly against richly rendered darkness. Continuous sweeping movement, interconnected forms, graceful curves and clear directional pathways carrying the eye through the composition. Garnet, emerald, sapphire and amethyst with antique gold. The composition is arranged around an unseen observer, and the scene knows it is being looked at."
3,0003_haunted_macabre_surge_blood_moon_hidden_presence.jpg,halloween,haunted,macabre,surge,blood_moon,hidden_presence,1541117160,previews/studio/halloween/0003_haunted_macabre_surge_blood_moon_hidden_presence.jpg,wallpapers/studio/halloween/0003_haunted_macabre_surge_blood_moon_hidden_presence.jpg,63718,ok,"A single striking Halloween artwork made as a mobile phone wallpaper. One extraordinary focal idea, composed as a scene rather than an arrangement of seasonal objects. Vertical 9:16 mobile wallpaper, full-bleed edge to edge composition. The upper region of the frame is open and unadorned — atmosphere, gradient falloff or empty depth, no detail and no focal point there. The principal subject sits in the lower two thirds, weighted below centre and placed off the vertical axis. Clear depth across three planes: near, middle and far. No text, no letterforms, no numerals, no signature, no watermark, no logo, no border and no frame. A vast supernatural environment of impossible haunted mansions, ruined castles, forgotten estates and ancient graveyards. Architecture feels alive and subtly wrong: impossible corridors, leaning towers, illuminated windows, monumental gates and structures disappearing into fog. Unseen inhabitants are suggested through distant lights, silhouettes and movement. Elegant gothic horror. Elegant darkness with stronger mortality and decay: aged surfaces, skeletal forms, dead vegetation, ruined grandeur and stark chiaroscuro. Sophisticated gothic beauty, disturbing details used sparingly against richly rendered darkness. Forceful directional movement, strong diagonals, overlapping forms, dynamic scale changes and pronounced visual momentum. Blood red, crimson and burnt orange against black. Something enormous is barely perceptible within the scene, read only as a shape in the mist, the stone or the shadow."
217,0217_infernal_nightmarish_surge_gothic_jewel_impossible_scale.jpg,halloween,infernal,nightmarish,surge,gothic_jewel,impossible_scale,507203559,previews/studio/halloween/0217_infernal_nightmarish_surge_gothic_jewel_impossible_scale.jpg,wallpapers/studio/halloween/0217_infernal_nightmarish_surge_gothic_jewel_impossible_scale.jpg,64478,ok,"A single striking Halloween artwork made as a mobile phone wallpaper. One extraordinary focal idea, composed as a scene rather than an arrangement of seasonal objects. Vertical 9:16 mobile wallpaper, full-bleed edge to edge composition. The upper region of the frame is open and unadorned — atmosphere, gradient falloff or empty depth, no detail and no focal point there. The principal subject sits in the lower two thirds, weighted below centre and placed off the vertical axis. Clear depth across three planes: near, middle and far. No text, no letterforms, no numerals, no signature, no watermark, no logo, no border and no frame. An immense mythic underworld of obsidian formations, volcanic chasms, ruined citadels and monumental demonic architecture. Molten light glows through cracks in black stone while smoke, embers and enormous shadowy entities occupy impossible distances. Ancient, powerful and visually magnificent. Unnatural lighting, extreme scale, distorted depth and impossible shadows make the scene feel like a vivid nightmare. Familiar forms become subtly wrong and visual logic begins to break down. Intensely unsettling and surreal, sophisticated and visually spectacular. Forceful directional movement, strong diagonals, overlapping forms, dynamic scale changes and pronounced visual momentum. Garnet, emerald, sapphire and amethyst with antique gold. One element is vastly larger than it could be, dwarfing everything around it."
4,0004_haunted_nightmarish_eruption_blood_moon_material_transformation.jpg,halloween,haunted,nightmarish,eruption,blood_moon,material_transformation,2048069274,previews/studio/halloween/0004_haunted_nightmarish_eruption_blood_moon_material_transformation.jpg,wallpapers/studio/halloween/0004_haunted_nightmarish_eruption_blood_moon_material_transformation.jpg,64080,ok,"A single striking Halloween artwork made as a mobile phone wallpaper. One extraordinary focal idea, composed as a scene rather than an arrangement of seasonal objects. Vertical 9:16 mobile wallpaper, full-bleed edge to edge composition. The upper region of the frame is open and unadorned — atmosphere, gradient falloff or empty depth, no detail and no focal point there. The principal subject sits in the lower two thirds, weighted below centre and placed off the vertical axis. Clear depth across three planes: near, middle and far. No text, no letterforms, no numerals, no signature, no watermark, no logo, no border and no frame. A vast supernatural environment of impossible haunted mansions, ruined castles, forgotten estates and ancient graveyards. Architecture feels alive and subtly wrong: impossible corridors, leaning towers, illuminated windows, monumental gates and structures disappearing into fog. Unseen inhabitants are suggested through distant lights, silhouettes and movement. Elegant gothic horror. Unnatural lighting, extreme scale, distorted depth and impossible shadows make the scene feel like a vivid nightmare. Familiar forms become subtly wrong and visual logic begins to break down. Intensely unsettling and surreal, sophisticated and visually spectacular. Explosive outward movement, fragmented forms, dramatic displacement, extreme scale variation and dense controlled complexity radiating through the composition. Blood red, crimson and burnt orange against black. One substance becomes another mid-form: stone into smoke, water into glass, cloth into flame."
218,0218_infernal_majestic_eruption_gothic_jewel_living_architecture.jpg,halloween,infernal,majestic,eruption,gothic_jewel,living_architecture,1014155673,previews/studio/halloween/0218_infernal_majestic_eruption_gothic_jewel_living_architecture.jpg,wallpapers/studio/halloween/0218_infernal_majestic_eruption_gothic_jewel_living_architecture.jpg,64209,ok,"A single striking Halloween artwork made as a mobile phone wallpaper. One extraordinary focal idea, composed as a scene rather than an arrangement of seasonal objects. Vertical 9:16 mobile wallpaper, full-bleed edge to edge composition. The upper region of the frame is open and unadorned — atmosphere, gradient falloff or empty depth, no detail and no focal point there. The principal subject sits in the lower two thirds, weighted below centre and placed off the vertical axis. Clear depth across three planes: near, middle and far. No text, no letterforms, no numerals, no signature, no watermark, no logo, no border and no frame. An immense mythic underworld of obsidian formations, volcanic chasms, ruined citadels and monumental demonic architecture. Molten light glows through cracks in black stone while smoke, embers and enormous shadowy entities occupy impossible distances. Ancient, powerful and visually magnificent. Grand cinematic illumination, monumental scale, deep dimensional contrast and radiant focal light. Darkness frames moments of extraordinary beauty and power. The scene inspires awe as much as fear, treating Halloween fantasy with the visual grandeur of an epic myth. Explosive outward movement, fragmented forms, dramatic displacement, extreme scale variation and dense controlled complexity radiating through the composition. Garnet, emerald, sapphire and amethyst with antique gold. Built structures behave like a creature: breathing, watching, reaching, or forming a silhouette that is almost a body."
5,0005_haunted_majestic_stillness_blood_moon_unnatural_light.jpg,halloween,haunted,majestic,stillness,blood_moon,unnatural_light,407537741,previews/studio/halloween/0005_haunted_majestic_stillness_blood_moon_unnatural_light.jpg,wallpapers/studio/halloween/0005_haunted_majestic_stillness_blood_moon_unnatural_light.jpg,63868,ok,"A single striking Halloween artwork made as a mobile phone wallpaper. One extraordinary focal idea, composed as a scene rather than an arrangement of seasonal objects. Vertical 9:16 mobile wallpaper, full-bleed edge to edge composition. The upper region of the frame is open and unadorned — atmosphere, gradient falloff or empty depth, no detail and no focal point there. The principal subject sits in the lower two thirds, weighted below centre and placed off the vertical axis. Clear depth across three planes: near, middle and far. No text, no letterforms, no numerals, no signature, no watermark, no logo, no border and no frame. A vast supernatural environment of impossible haunted mansions, ruined castles, forgotten estates and ancient graveyards. Architecture feels alive and subtly wrong: impossible corridors, leaning towers, illuminated windows, monumental gates and structures disappearing into fog. Unseen inhabitants are suggested through distant lights, silhouettes and movement. Elegant gothic horror. Grand cinematic illumination, monumental scale, deep dimensional contrast and radiant focal light. Darkness frames moments of extraordinary beauty and power. The scene inspires awe as much as fear, treating Halloween fantasy with the visual grandeur of an epic myth. Centered, balanced composition with generous negative space, minimal directional movement, simple large forms and a strong sense of visual stability. Blood red, crimson and burnt orange against black. Light behaves impossibly: falling upward, casting the wrong shadow, glowing from within a solid, or illuminating only one thing."
219,0219_infernal_bewitched_stillness_gothic_jewel_beautiful_decay.jpg,halloween,infernal,bewitched,stillness,gothic_jewel,beautiful_decay,1521107787,previews/studio/halloween/0219_infernal_bewitched_stillness_gothic_jewel_beautiful_decay.jpg,wallpapers/studio/halloween/0219_infernal_bewitched_stillness_gothic_jewel_beautiful_decay.jpg,64250,ok,"A single striking Halloween artwork made as a mobile phone wallpaper. One extraordinary focal idea, composed as a scene rather than an arrangement of seasonal objects. Vertical 9:16 mobile wallpaper, full-bleed edge to edge composition. The upper region of the frame is open and unadorned — atmosphere, gradient falloff or empty depth, no detail and no focal point there. The principal subject sits in the lower two thirds, weighted below centre and placed off the vertical axis. Clear depth across three planes: near, middle and far. No text, no letterforms, no numerals, no signature, no watermark, no logo, no border and no frame. An immense mythic underworld of obsidian formations, volcanic chasms, ruined citadels and monumental demonic architecture. Molten light glows through cracks in black stone while smoke, embers and enormous shadowy entities occupy impossible distances. Ancient, powerful and visually magnificent. Seductive supernatural illumination, luminous haze and mysterious coloured light. Shadows remain soft and dimensional while magical highlights appear unexpectedly throughout the scene. Enchanting, mysterious and beautiful, with a subtle sense that something impossible is happening. Centered, balanced composition with generous negative space, minimal directional movement, simple large forms and a strong sense of visual stability. Garnet, emerald, sapphire and amethyst with antique gold. Ruin rendered as splendour: collapse, erosion and overgrowth arranged into something lovelier than the intact thing was."
6,0006_haunted_bewitched_drift_blood_moon_ancient_monument.jpg,halloween,haunted,bewitched,drift,blood_moon,ancient_monument,914489855,previews/studio/halloween/0006_haunted_bewitched_drift_blood_moon_ancient_monument.jpg,wallpapers/studio/halloween/0006_haunted_bewitched_drift_blood_moon_ancient_monument.jpg,65018,ok,"A single striking Halloween artwork made as a mobile phone wallpaper. One extraordinary focal idea, composed as a scene rather than an arrangement of seasonal objects. Vertical 9:16 mobile wallpaper, full-bleed edge to edge composition. The upper region of the frame is open and unadorned — atmosphere, gradient falloff or empty depth, no detail and no focal point there. The principal subject sits in the lower two thirds, weighted below centre and placed off the vertical axis. Clear depth across three planes: near, middle and far. No text, no letterforms, no numerals, no signature, no watermark, no logo, no border and no frame. A vast supernatural environment of impossible haunted mansions, ruined castles, forgotten estates and ancient graveyards. Architecture feels alive and subtly wrong: impossible corridors, leaning towers, illuminated windows, monumental gates and structures disappearing into fog. Unseen inhabitants are suggested through distant lights, silhouettes and movement. Elegant gothic horror. Seductive supernatural illumination, luminous haze and mysterious coloured light. Shadows remain soft and dimensional while magical highlights appear unexpectedly throughout the scene. Enchanting, mysterious and beautiful, with a subtle sense that something impossible is happening. Gentle directional movement, softly displaced forms, subtle asymmetry and relaxed visual flow across the composition. Blood red, crimson and burnt orange against black. A single colossal made object dominates, older than anything around it and built for a purpose nobody remembers."
220,0220_infernal_haunting_drift_gothic_jewel_hidden_presence.jpg,halloween,infernal,haunting,drift,gothic_jewel,hidden_presence,2028059901,previews/studio/halloween/0220_infernal_haunting_drift_gothic_jewel_hidden_presence.jpg,wallpapers/studio/halloween/0220_infernal_haunting_drift_gothic_jewel_hidden_presence.jpg,63778,ok,"A single striking Halloween artwork made as a mobile phone wallpaper. One extraordinary focal idea, composed as a scene rather than an arrangement of seasonal objects. Vertical 9:16 mobile wallpaper, full-bleed edge to edge composition. The upper region of the frame is open and unadorned — atmosphere, gradient falloff or empty depth, no detail and no focal point there. The principal subject sits in the lower two thirds, weighted below centre and placed off the vertical axis. Clear depth across three planes: near, middle and far. No text, no letterforms, no numerals, no signature, no watermark, no logo, no border and no frame. An immense mythic underworld of obsidian formations, volcanic chasms, ruined citadels and monumental demonic architecture. Molten light glows through cracks in black stone while smoke, embers and enormous shadowy entities occupy impossible distances. Ancient, powerful and visually magnificent. Quiet, melancholy and deeply atmospheric. Diffused moonlight, pale illumination, long shadows, drifting fog and restrained contrast create the feeling of a place inhabited by memories or unseen presences. Beautiful first, unsettling second. Gentle directional movement, softly displaced forms, subtle asymmetry and relaxed visual flow across the composition. Garnet, emerald, sapphire and amethyst with antique gold. Something enormous is barely perceptible within the scene, read only as a shape in the mist, the stone or the shadow."
7,0007_haunted_haunting_flow_blood_moon_endless_depth.jpg,halloween,haunted,haunting,flow,blood_moon,endless_depth,1421441969,previews/studio/halloween/0007_haunted_haunting_flow_blood_moon_endless_depth.jpg,wallpapers/studio/halloween/0007_haunted_haunting_flow_blood_moon_endless_depth.jpg,63873,ok,"A single striking Halloween artwork made as a mobile phone wallpaper. One extraordinary focal idea, composed as a scene rather than an arrangement of seasonal objects. Vertical 9:16 mobile wallpaper, full-bleed edge to edge composition. The upper region of the frame is open and unadorned — atmosphere, gradient falloff or empty depth, no detail and no focal point there. The principal subject sits in the lower two thirds, weighted below centre and placed off the vertical axis. Clear depth across three planes: near, middle and far. No text, no letterforms, no numerals, no signature, no watermark, no logo, no border and no frame. A vast supernatural environment of impossible haunted mansions, ruined castles, forgotten estates and ancient graveyards. Architecture feels alive and subtly wrong: impossible corridors, leaning towers, illuminated windows, monumental gates and structures disappearing into fog. Unseen inhabitants are suggested through distant lights, silhouettes and movement. Elegant gothic horror. Quiet, melancholy and deeply atmospheric. Diffused moonlight, pale illumination, long shadows, drifting fog and restrained contrast create the feeling of a place inhabited by memories or unseen presences. Beautiful first, unsettling second. Continuous sweeping movement, interconnected forms, graceful curves and clear directional pathways carrying the eye through the composition. Blood red, crimson and burnt orange against black. The scene recedes far past where it should end, plane behind plane into immeasurable distance."
221,0221_infernal_ominous_flow_gothic_jewel_material_transformation.jpg,halloween,infernal,ominous,flow,gothic_jewel,material_transformation,387528368,previews/studio/halloween/0221_infernal_ominous_flow_gothic_jewel_material_transformation.jpg,wallpapers/studio/halloween/0221_infernal_ominous_flow_gothic_jewel_material_transformation.jpg,63617,ok,"A single striking Halloween artwork made as a mobile phone wallpaper. One extraordinary focal idea, composed as a scene rather than an arrangement of seasonal objects. Vertical 9:16 mobile wallpaper, full-bleed edge to edge composition. The upper region of the frame is open and unadorned — atmosphere, gradient falloff or empty depth, no detail and no focal point there. The principal subject sits in the lower two thirds, weighted below centre and placed off the vertical axis. Clear depth across three planes: near, middle and far. No text, no letterforms, no numerals, no signature, no watermark, no logo, no border and no frame. An immense mythic underworld of obsidian formations, volcanic chasms, ruined citadels and monumental demonic architecture. Molten light glows through cracks in black stone while smoke, embers and enormous shadowy entities occupy impossible distances. Ancient, powerful and visually magnificent. Heavy darkness, approaching weather, deep directional shadows and isolated pools of illumination create mounting tension. The composition suggests that something enormous is about to happen without revealing exactly what it is. Continuous sweeping movement, interconnected forms, graceful curves and clear directional pathways carrying the eye through the composition. Garnet, emerald, sapphire and amethyst with antique gold. One substance becomes another mid-form: stone into smoke, water into glass, cloth into flame."
8,0008_haunted_haunting_drift_pumpkin_fire_endless_depth.jpg,halloween,haunted,haunting,drift,pumpkin_fire,endless_depth,1928394083,previews/studio/halloween/0008_haunted_haunting_drift_pumpkin_fire_endless_depth.jpg,wallpapers/studio/halloween/0008_haunted_haunting_drift_pumpkin_fire_endless_depth.jpg,64097,ok,"A single striking Halloween artwork made as a mobile phone wallpaper. One extraordinary focal idea, composed as a scene rather than an arrangement of seasonal objects. Vertical 9:16 mobile wallpaper, full-bleed edge to edge composition. The upper region of the frame is open and unadorned — atmosphere, gradient falloff or empty depth, no detail and no focal point there. The principal subject sits in the lower two thirds, weighted below centre and placed off the vertical axis. Clear depth across three planes: near, middle and far. No text, no letterforms, no numerals, no signature, no watermark, no logo, no border and no frame. A vast supernatural environment of impossible haunted mansions, ruined castles, forgotten estates and ancient graveyards. Architecture feels alive and subtly wrong: impossible corridors, leaning towers, illuminated windows, monumental gates and structures disappearing into fog. Unseen inhabitants are suggested through distant lights, silhouettes and movement. Elegant gothic horror. Quiet, melancholy and deeply atmospheric. Diffused moonlight, pale illumination, long shadows, drifting fog and restrained contrast create the feeling of a place inhabited by memories or unseen presences. Beautiful first, unsettling second. Gentle directional movement, softly displaced forms, subtle asymmetry and relaxed visual flow across the composition. Pumpkin orange, amber and copper against deep umber. The scene recedes far past where it should end, plane behind plane into immeasurable distance."
222,0222_infernal_macabre_surge_gothic_jewel_unnatural_light.jpg,halloween,infernal,macabre,surge,gothic_jewel,unnatural_light,894480482,previews/studio/halloween/0222_infernal_macabre_surge_gothic_jewel_unnatural_light.jpg,wallpapers/studio/halloween/0222_infernal_macabre_surge_gothic_jewel_unnatural_light.jpg,64617,ok,"A single striking Halloween artwork made as a mobile phone wallpaper. One extraordinary focal idea, composed as a scene rather than an arrangement of seasonal objects. Vertical 9:16 mobile wallpaper, full-bleed edge to edge composition. The upper region of the frame is open and unadorned — atmosphere, gradient falloff or empty depth, no detail and no focal point there. The principal subject sits in the lower two thirds, weighted below centre and placed off the vertical axis. Clear depth across three planes: near, middle and far. No text, no letterforms, no numerals, no signature, no watermark, no logo, no border and no frame. An immense mythic underworld of obsidian formations, volcanic chasms, ruined citadels and monumental demonic architecture. Molten light glows through cracks in black stone while smoke, embers and enormous shadowy entities occupy impossible distances. Ancient, powerful and visually magnificent. Elegant darkness with stronger mortality and decay: aged surfaces, skeletal forms, dead vegetation, ruined grandeur and stark chiaroscuro. Sophisticated gothic beauty, disturbing details used sparingly against richly rendered darkness. Forceful directional movement, strong diagonals, overlapping forms, dynamic scale changes and pronounced visual momentum. Garnet, emerald, sapphire and amethyst with antique gold. Light behaves impossibly: falling upward, casting the wrong shadow, glowing from within a solid, or illuminating only one thing."
427,0427_gothic_majestic_drift_ghostlight_living_architecture.jpg,halloween,gothic,majestic,drift,ghostlight,living_architecture,1740448796,previews/studio/halloween/0427_gothic_majestic_drift_ghostlight_living_architecture.jpg,wallpapers/studio/halloween/0427_gothic_majestic_drift_ghostlight_living_architecture.jpg,65229,ok,"A single striking Halloween artwork made as a mobile phone wallpaper. One extraordinary focal idea, composed as a scene rather than an arrangement of seasonal objects. Vertical 9:16 mobile wallpaper, full-bleed edge to edge composition. The upper region of the frame is open and unadorned — atmosphere, gradient falloff or empty depth, no detail and no focal point there. The principal subject sits in the lower two thirds, weighted below centre and placed off the vertical axis. Clear depth across three planes: near, middle and far. No text, no letterforms, no numerals, no signature, no watermark, no logo, no border and no frame. A monumental dark-romantic world of cathedrals, gargoyles, ruined abbeys, ironwork, ancient stone, enormous windows and impossible vertical architecture. Structures rise dramatically through mist and darkness, illuminated by moonlight, candles and supernatural glow. Ornate, decaying and breathtaking, beauty and menace in equal measure. Grand cinematic illumination, monumental scale, deep dimensional contrast and radiant focal light. Darkness frames moments of extraordinary beauty and power. The scene inspires awe as much as fear, treating Halloween fantasy with the visual grandeur of an epic myth. Gentle directional movement, softly displaced forms, subtle asymmetry and relaxed visual flow across the composition. Spectral cyan, pale aqua and icy white against midnight blue. Built structures behave like a creature: breathing, watching, reaching, or forming a silhouette that is almost a body."
9,0009_haunted_ominous_flow_pumpkin_fire_emerging_form.jpg,halloween,haunted,ominous,flow,pumpkin_fire,emerging_form,287862550,previews/studio/halloween/0009_haunted_ominous_flow_pumpkin_fire_emerging_form.jpg,wallpapers/studio/halloween/0009_haunted_ominous_flow_pumpkin_fire_emerging_form.jpg,64721,ok,"A single striking Halloween artwork made as a mobile phone wallpaper. One extraordinary focal idea, composed as a scene rather than an arrangement of seasonal objects. Vertical 9:16 mobile wallpaper, full-bleed edge to edge composition. The upper region of the frame is open and unadorned — atmosphere, gradient falloff or empty depth, no detail and no focal point there. The principal subject sits in the lower two thirds, weighted below centre and placed off the vertical axis. Clear depth across three planes: near, middle and far. No text, no letterforms, no numerals, no signature, no watermark, no logo, no border and no frame. A vast supernatural environment of impossible haunted mansions, ruined castles, forgotten estates and ancient graveyards. Architecture feels alive and subtly wrong: impossible corridors, leaning towers, illuminated windows, monumental gates and structures disappearing into fog. Unseen inhabitants are suggested through distant lights, silhouettes and movement. Elegant gothic horror. Heavy darkness, approaching weather, deep directional shadows and isolated pools of illumination create mounting tension. The composition suggests that something enormous is about to happen without revealing exactly what it is. Continuous sweeping movement, interconnected forms, graceful curves and clear directional pathways carrying the eye through the composition. Pumpkin orange, amber and copper against deep umber. A shape is resolving out of the environment itself, half-formed and still becoming."
223,0223_infernal_nightmarish_eruption_gothic_jewel_ancient_monument.jpg,halloween,infernal,nightmarish,eruption,gothic_jewel,ancient_monument,1401432596,previews/studio/halloween/0223_infernal_nightmarish_eruption_gothic_jewel_ancient_monument.jpg,wallpapers/studio/halloween/0223_infernal_nightmarish_eruption_gothic_jewel_ancient_monument.jpg,63869,ok,"A single striking Halloween artwork made as a mobile phone wallpaper. One extraordinary focal idea, composed as a scene rather than an arrangement of seasonal objects. Vertical 9:16 mobile wallpaper, full-bleed edge to edge composition. The upper region of the frame is open and unadorned — atmosphere, gradient falloff or empty depth, no detail and no focal point there. The principal subject sits in the lower two thirds, weighted below centre and placed off the vertical axis. Clear depth across three planes: near, middle and far. No text, no letterforms, no numerals, no signature, no watermark, no logo, no border and no frame. An immense mythic underworld of obsidian formations, volcanic chasms, ruined citadels and monumental demonic architecture. Molten light glows through cracks in black stone while smoke, embers and enormous shadowy entities occupy impossible distances. Ancient, powerful and visually magnificent. Unnatural lighting, extreme scale, distorted depth and impossible shadows make the scene feel like a vivid nightmare. Familiar forms become subtly wrong and visual logic begins to break down. Intensely unsettling and surreal, sophisticated and visually spectacular. Explosive outward movement, fragmented forms, dramatic displacement, extreme scale variation and dense controlled complexity radiating through the composition. Garnet, emerald, sapphire and amethyst with antique gold. A single colossal made object dominates, older than anything around it and built for a purpose nobody remembers."
428,0428_gothic_bewitched_flow_ghostlight_beautiful_decay.jpg,halloween,gothic,bewitched,flow,ghostlight,beautiful_decay,99917263,previews/studio/halloween/0428_gothic_bewitched_flow_ghostlight_beautiful_decay.jpg,wallpapers/studio/halloween/0428_gothic_bewitched_flow_ghostlight_beautiful_decay.jpg,64577,ok,"A single striking Halloween artwork made as a mobile phone wallpaper. One extraordinary focal idea, composed as a scene rather than an arrangement of seasonal objects. Vertical 9:16 mobile wallpaper, full-bleed edge to edge composition. The upper region of the frame is open and unadorned — atmosphere, gradient falloff or empty depth, no detail and no focal point there. The principal subject sits in the lower two thirds, weighted below centre and placed off the vertical axis. Clear depth across three planes: near, middle and far. No text, no letterforms, no numerals, no signature, no watermark, no logo, no border and no frame. A monumental dark-romantic world of cathedrals, gargoyles, ruined abbeys, ironwork, ancient stone, enormous windows and impossible vertical architecture. Structures rise dramatically through mist and darkness, illuminated by moonlight, candles and supernatural glow. Ornate, decaying and breathtaking, beauty and menace in equal measure. Seductive supernatural illumination, luminous haze and mysterious coloured light. Shadows remain soft and dimensional while magical highlights appear unexpectedly throughout the scene. Enchanting, mysterious and beautiful, with a subtle sense that something impossible is happening. Continuous sweeping movement, interconnected forms, graceful curves and clear directional pathways carrying the eye through the composition. Spectral cyan, pale aqua and icy white against midnight blue. Ruin rendered as splendour: collapse, erosion and overgrowth arranged into something lovelier than the intact thing was."
10,0010_haunted_macabre_surge_pumpkin_fire_impossible_weather.jpg,halloween,haunted,macabre,surge,pumpkin_fire,impossible_weather,794814664,previews/studio/halloween/0010_haunted_macabre_surge_pumpkin_fire_impossible_weather.jpg,wallpapers/studio/halloween/0010_haunted_macabre_surge_pumpkin_fire_impossible_weather.jpg,63930,ok,"A single striking Halloween artwork made as a mobile phone wallpaper. One extraordinary focal idea, composed as a scene rather than an arrangement of seasonal objects. Vertical 9:16 mobile wallpaper, full-bleed edge to edge composition. The upper region of the frame is open and unadorned — atmosphere, gradient falloff or empty depth, no detail and no focal point there. The principal subject sits in the lower two thirds, weighted below centre and placed off the vertical axis. Clear depth across three planes: near, middle and far. No text, no letterforms, no numerals, no signature, no watermark, no logo, no border and no frame. A vast supernatural environment of impossible haunted mansions, ruined castles, forgotten estates and ancient graveyards. Architecture feels alive and subtly wrong: impossible corridors, leaning towers, illuminated windows, monumental gates and structures disappearing into fog. Unseen inhabitants are suggested through distant lights, silhouettes and movement. Elegant gothic horror. Elegant darkness with stronger mortality and decay: aged surfaces, skeletal forms, dead vegetation, ruined grandeur and stark chiaroscuro. Sophisticated gothic beauty, disturbing details used sparingly against richly rendered darkness. Forceful directional movement, strong diagonals, overlapping forms, dynamic scale changes and pronounced visual momentum. Pumpkin orange, amber and copper against deep umber. The atmosphere does something it could not: falling upward, standing still, burning, or moving as one body."
224,0224_infernal_nightmarish_surge_eclipse_ancient_monument.jpg,halloween,infernal,nightmarish,surge,eclipse,ancient_monument,1908384710,previews/studio/halloween/0224_infernal_nightmarish_surge_eclipse_ancient_monument.jpg,wallpapers/studio/halloween/0224_infernal_nightmarish_surge_eclipse_ancient_monument.jpg,65078,ok,"A single striking Halloween artwork made as a mobile phone wallpaper. One extraordinary focal idea, composed as a scene rather than an arrangement of seasonal objects. Vertical 9:16 mobile wallpaper, full-bleed edge to edge composition. The upper region of the frame is open and unadorned — atmosphere, gradient falloff or empty depth, no detail and no focal point there. The principal subject sits in the lower two thirds, weighted below centre and placed off the vertical axis. Clear depth across three planes: near, middle and far. No text, no letterforms, no numerals, no signature, no watermark, no logo, no border and no frame. An immense mythic underworld of obsidian formations, volcanic chasms, ruined citadels and monumental demonic architecture. Molten light glows through cracks in black stone while smoke, embers and enormous shadowy entities occupy impossible distances. Ancient, powerful and visually magnificent. Unnatural lighting, extreme scale, distorted depth and impossible shadows make the scene feel like a vivid nightmare. Familiar forms become subtly wrong and visual logic begins to break down. Intensely unsettling and surreal, sophisticated and visually spectacular. Forceful directional movement, strong diagonals, overlapping forms, dynamic scale changes and pronounced visual momentum. Charcoal and black with burning gold and solar orange. A single colossal made object dominates, older than anything around it and built for a purpose nobody remembers."
429,0429_gothic_haunting_surge_ghostlight_hidden_presence.jpg,halloween,gothic,haunting,surge,ghostlight,hidden_presence,606869377,previews/studio/halloween/0429_gothic_haunting_surge_ghostlight_hidden_presence.jpg,wallpapers/studio/halloween/0429_gothic_haunting_surge_ghostlight_hidden_presence.jpg,63473,ok,"A single striking Halloween artwork made as a mobile phone wallpaper. One extraordinary focal idea, composed as a scene rather than an arrangement of seasonal objects. Vertical 9:16 mobile wallpaper, full-bleed edge to edge composition. The upper region of the frame is open and unadorned — atmosphere, gradient falloff or empty depth, no detail and no focal point there. The principal subject sits in the lower two thirds, weighted below centre and placed off the vertical axis. Clear depth across three planes: near, middle and far. No text, no letterforms, no numerals, no signature, no watermark, no logo, no border and no frame. A monumental dark-romantic world of cathedrals, gargoyles, ruined abbeys, ironwork, ancient stone, enormous windows and impossible vertical architecture. Structures rise dramatically through mist and darkness, illuminated by moonlight, candles and supernatural glow. Ornate, decaying and breathtaking, beauty and menace in equal measure. Quiet, melancholy and deeply atmospheric. Diffused moonlight, pale illumination, long shadows, drifting fog and restrained contrast create the feeling of a place inhabited by memories or unseen presences. Beautiful first, unsettling second. Forceful directional movement, strong diagonals, overlapping forms, dynamic scale changes and pronounced visual momentum. Spectral cyan, pale aqua and icy white against midnight blue. Something enormous is barely perceptible within the scene, read only as a shape in the mist, the stone or the shadow."
11,0011_haunted_nightmarish_eruption_pumpkin_fire_organic_geometry.jpg,halloween,haunted,nightmarish,eruption,pumpkin_fire,organic_geometry,1301766778,previews/studio/halloween/0011_haunted_nightmarish_eruption_pumpkin_fire_organic_geometry.jpg,wallpapers/studio/halloween/0011_haunted_nightmarish_eruption_pumpkin_fire_organic_geometry.jpg,63752,ok,"A single striking Halloween artwork made as a mobile phone wallpaper. One extraordinary focal idea, composed as a scene rather than an arrangement of seasonal objects. Vertical 9:16 mobile wallpaper, full-bleed edge to edge composition. The upper region of the frame is open and unadorned — atmosphere, gradient falloff or empty depth, no detail and no focal point there. The principal subject sits in the lower two thirds, weighted below centre and placed off the vertical axis. Clear depth across three planes: near, middle and far. No text, no letterforms, no numerals, no signature, no watermark, no logo, no border and no frame. A vast supernatural environment of impossible haunted mansions, ruined castles, forgotten estates and ancient graveyards. Architecture feels alive and subtly wrong: impossible corridors, leaning towers, illuminated windows, monumental gates and structures disappearing into fog. Unseen inhabitants are suggested through distant lights, silhouettes and movement. Elegant gothic horror. Unnatural lighting, extreme scale, distorted depth and impossible shadows make the scene feel like a vivid nightmare. Familiar forms become subtly wrong and visual logic begins to break down. Intensely unsettling and surreal, sophisticated and visually spectacular. Explosive outward movement, fragmented forms, dramatic displacement, extreme scale variation and dense controlled complexity radiating through the composition. Pumpkin orange, amber and copper against deep umber. Living forms arranged into exact geometry, or geometry grown the way a plant grows."
225,0225_infernal_majestic_eruption_eclipse_endless_depth.jpg,halloween,infernal,majestic,eruption,eclipse,endless_depth,267853177,previews/studio/halloween/0225_infernal_majestic_eruption_eclipse_endless_depth.jpg,wallpapers/studio/halloween/0225_infernal_majestic_eruption_eclipse_endless_depth.jpg,64728,ok,"A single striking Halloween artwork made as a mobile phone wallpaper. One extraordinary focal idea, composed as a scene rather than an arrangement of seasonal objects. Vertical 9:16 mobile wallpaper, full-bleed edge to edge composition. The upper region of the frame is open and unadorned — atmosphere, gradient falloff or empty depth, no detail and no focal point there. The principal subject sits in the lower two thirds, weighted below centre and placed off the vertical axis. Clear depth across three planes: near, middle and far. No text, no letterforms, no numerals, no signature, no watermark, no logo, no border and no frame. An immense mythic underworld of obsidian formations, volcanic chasms, ruined citadels and monumental demonic architecture. Molten light glows through cracks in black stone while smoke, embers and enormous shadowy entities occupy impossible distances. Ancient, powerful and visually magnificent. Grand cinematic illumination, monumental scale, deep dimensional contrast and radiant focal light. Darkness frames moments of extraordinary beauty and power. The scene inspires awe as much as fear, treating Halloween fantasy with the visual grandeur of an epic myth. Explosive outward movement, fragmented forms, dramatic displacement, extreme scale variation and dense controlled complexity radiating through the composition. Charcoal and black with burning gold and solar orange. The scene recedes far past where it should end, plane behind plane into immeasurable distance."
430,0430_gothic_ominous_eruption_ghostlight_material_transformation.jpg,halloween,gothic,ominous,eruption,ghostlight,material_transformation,1113821491,previews/studio/halloween/0430_gothic_ominous_eruption_ghostlight_material_transformation.jpg,wallpapers/studio/halloween/0430_gothic_ominous_eruption_ghostlight_material_transformation.jpg,66138,ok,"A single striking Halloween artwork made as a mobile phone wallpaper. One extraordinary focal idea, composed as a scene rather than an arrangement of seasonal objects. Vertical 9:16 mobile wallpaper, full-bleed edge to edge composition. The upper region of the frame is open and unadorned — atmosphere, gradient falloff or empty depth, no detail and no focal point there. The principal subject sits in the lower two thirds, weighted below centre and placed off the vertical axis. Clear depth across three planes: near, middle and far. No text, no letterforms, no numerals, no signature, no watermark, no logo, no border and no frame. A monumental dark-romantic world of cathedrals, gargoyles, ruined abbeys, ironwork, ancient stone, enormous windows and impossible vertical architecture. Structures rise dramatically through mist and darkness, illuminated by moonlight, candles and supernatural glow. Ornate, decaying and breathtaking, beauty and menace in equal measure. Heavy darkness, approaching weather, deep directional shadows and isolated pools of illumination create mounting tension. The composition suggests that something enormous is about to happen without revealing exactly what it is. Explosive outward movement, fragmented forms, dramatic displacement, extreme scale variation and dense controlled complexity radiating through the composition. Spectral cyan, pale aqua and icy white against midnight blue. One substance becomes another mid-form: stone into smoke, water into glass, cloth into flame."
12,0012_haunted_majestic_stillness_pumpkin_fire_something_watching.jpg,halloween,haunted,majestic,stillness,pumpkin_fire,something_watching,1808718892,previews/studio/halloween/0012_haunted_majestic_stillness_pumpkin_fire_something_watching.jpg,wallpapers/studio/halloween/0012_haunted_majestic_stillness_pumpkin_fire_something_watching.jpg,64475,ok,"A single striking Halloween artwork made as a mobile phone wallpaper. One extraordinary focal idea, composed as a scene rather than an arrangement of seasonal objects. Vertical 9:16 mobile wallpaper, full-bleed edge to edge composition. The upper region of the frame is open and unadorned — atmosphere, gradient falloff or empty depth, no detail and no focal point there. The principal subject sits in the lower two thirds, weighted below centre and placed off the vertical axis. Clear depth across three planes: near, middle and far. No text, no letterforms, no numerals, no signature, no watermark, no logo, no border and no frame. A vast supernatural environment of impossible haunted mansions, ruined castles, forgotten estates and ancient graveyards. Architecture feels alive and subtly wrong: impossible corridors, leaning towers, illuminated windows, monumental gates and structures disappearing into fog. Unseen inhabitants are suggested through distant lights, silhouettes and movement. Elegant gothic horror. Grand cinematic illumination, monumental scale, deep dimensional contrast and radiant focal light. Darkness frames moments of extraordinary beauty and power. The scene inspires awe as much as fear, treating Halloween fantasy with the visual grandeur of an epic myth. Centered, balanced composition with generous negative space, minimal directional movement, simple large forms and a strong sense of visual stability. Pumpkin orange, amber and copper against deep umber. The composition is arranged around an unseen observer, and the scene knows it is being looked at."
226,0226_infernal_bewitched_stillness_eclipse_emerging_form.jpg,halloween,infernal,bewitched,stillness,eclipse,emerging_form,774805291,previews/studio/halloween/0226_infernal_bewitched_stillness_eclipse_emerging_form.jpg,wallpapers/studio/halloween/0226_infernal_bewitched_stillness_eclipse_emerging_form.jpg,65028,ok,"A single striking Halloween artwork made as a mobile phone wallpaper. One extraordinary focal idea, composed as a scene rather than an arrangement of seasonal objects. Vertical 9:16 mobile wallpaper, full-bleed edge to edge composition. The upper region of the frame is open and unadorned — atmosphere, gradient falloff or empty depth, no detail and no focal point there. The principal subject sits in the lower two thirds, weighted below centre and placed off the vertical axis. Clear depth across three planes: near, middle and far. No text, no letterforms, no numerals, no signature, no watermark, no logo, no border and no frame. An immense mythic underworld of obsidian formations, volcanic chasms, ruined citadels and monumental demonic architecture. Molten light glows through cracks in black stone while smoke, embers and enormous shadowy entities occupy impossible distances. Ancient, powerful and visually magnificent. Seductive supernatural illumination, luminous haze and mysterious coloured light. Shadows remain soft and dimensional while magical highlights appear unexpectedly throughout the scene. Enchanting, mysterious and beautiful, with a subtle sense that something impossible is happening. Centered, balanced composition with generous negative space, minimal directional movement, simple large forms and a strong sense of visual stability. Charcoal and black with burning gold and solar orange. A shape is resolving out of the environment itself, half-formed and still becoming."
431,0431_gothic_macabre_stillness_ghostlight_unnatural_light.jpg,halloween,gothic,macabre,stillness,ghostlight,unnatural_light,1620773605,previews/studio/halloween/0431_gothic_macabre_stillness_ghostlight_unnatural_light.jpg,wallpapers/studio/halloween/0431_gothic_macabre_stillness_ghostlight_unnatural_light.jpg,64315,ok,"A single striking Halloween artwork made as a mobile phone wallpaper. One extraordinary focal idea, composed as a scene rather than an arrangement of seasonal objects. Vertical 9:16 mobile wallpaper, full-bleed edge to edge composition. The upper region of the frame is open and unadorned — atmosphere, gradient falloff or empty depth, no detail and no focal point there. The principal subject sits in the lower two thirds, weighted below centre and placed off the vertical axis. Clear depth across three planes: near, middle and far. No text, no letterforms, no numerals, no signature, no watermark, no logo, no border and no frame. A monumental dark-romantic world of cathedrals, gargoyles, ruined abbeys, ironwork, ancient stone, enormous windows and impossible vertical architecture. Structures rise dramatically through mist and darkness, illuminated by moonlight, candles and supernatural glow. Ornate, decaying and breathtaking, beauty and menace in equal measure. Elegant darkness with stronger mortality and decay: aged surfaces, skeletal forms, dead vegetation, ruined grandeur and stark chiaroscuro. Sophisticated gothic beauty, disturbing details used sparingly against richly rendered darkness. Centered, balanced composition with generous negative space, minimal directional movement, simple large forms and a strong sense of visual stability. Spectral cyan, pale aqua and icy white against midnight blue. Light behaves impossibly: falling upward, casting the wrong shadow, glowing from within a solid, or illuminating only one thing."
13,0013_haunted_bewitched_drift_pumpkin_fire_impossible_scale.jpg,halloween,haunted,bewitched,drift,pumpkin_fire,impossible_scale,168187359,previews/studio/halloween/0013_haunted_bewitched_drift_pumpkin_fire_impossible_scale.jpg,wallpapers/studio/halloween/0013_haunted_bewitched_drift_pumpkin_fire_impossible_scale.jpg,64521,ok,"A single striking Halloween artwork made as a mobile phone wallpaper. One extraordinary focal idea, composed as a scene rather than an arrangement of seasonal objects. Vertical 9:16 mobile wallpaper, full-bleed edge to edge composition. The upper region of the frame is open and unadorned — atmosphere, gradient falloff or empty depth, no detail and no focal point there. The principal subject sits in the lower two thirds, weighted below centre and placed off the vertical axis. Clear depth across three planes: near, middle and far. No text, no letterforms, no numerals, no signature, no watermark, no logo, no border and no frame. A vast supernatural environment of impossible haunted mansions, ruined castles, forgotten estates and ancient graveyards. Architecture feels alive and subtly wrong: impossible corridors, leaning towers, illuminated windows, monumental gates and structures disappearing into fog. Unseen inhabitants are suggested through distant lights, silhouettes and movement. Elegant gothic horror. Seductive supernatural illumination, luminous haze and mysterious coloured light. Shadows remain soft and dimensional while magical highlights appear unexpectedly throughout the scene. Enchanting, mysterious and beautiful, with a subtle sense that something impossible is happening. Gentle directional movement, softly displaced forms, subtle asymmetry and relaxed visual flow across the composition. Pumpkin orange, amber and copper against deep umber. One element is vastly larger than it could be, dwarfing everything around it."
227,0227_infernal_haunting_drift_eclipse_impossible_weather.jpg,halloween,infernal,haunting,drift,eclipse,impossible_weather,1281757405,previews/studio/halloween/0227_infernal_haunting_drift_eclipse_impossible_weather.jpg,wallpapers/studio/halloween/0227_infernal_haunting_drift_eclipse_impossible_weather.jpg,63954,ok,"A single striking Halloween artwork made as a mobile phone wallpaper. One extraordinary focal idea, composed as a scene rather than an arrangement of seasonal objects. Vertical 9:16 mobile wallpaper, full-bleed edge to edge composition. The upper region of the frame is open and unadorned — atmosphere, gradient falloff or empty depth, no detail and no focal point there. The principal subject sits in the lower two thirds, weighted below centre and placed off the vertical axis. Clear depth across three planes: near, middle and far. No text, no letterforms, no numerals, no signature, no watermark, no logo, no border and no frame. An immense mythic underworld of obsidian formations, volcanic chasms, ruined citadels and monumental demonic architecture. Molten light glows through cracks in black stone while smoke, embers and enormous shadowy entities occupy impossible distances. Ancient, powerful and visually magnificent. Quiet, melancholy and deeply atmospheric. Diffused moonlight, pale illumination, long shadows, drifting fog and restrained contrast create the feeling of a place inhabited by memories or unseen presences. Beautiful first, unsettling second. Gentle directional movement, softly displaced forms, subtle asymmetry and relaxed visual flow across the composition. Charcoal and black with burning gold and solar orange. The atmosphere does something it could not: falling upward, standing still, burning, or moving as one body."
432,0432_gothic_macabre_eruption_poison_unnatural_light.jpg,halloween,gothic,macabre,eruption,poison,unnatural_light,2127725719,previews/studio/halloween/0432_gothic_macabre_eruption_poison_unnatural_light.jpg,wallpapers/studio/halloween/0432_gothic_macabre_eruption_poison_unnatural_light.jpg,64000,ok,"A single striking Halloween artwork made as a mobile phone wallpaper. One extraordinary focal idea, composed as a scene rather than an arrangement of seasonal objects. Vertical 9:16 mobile wallpaper, full-bleed edge to edge composition. The upper region of the frame is open and unadorned — atmosphere, gradient falloff or empty depth, no detail and no focal point there. The principal subject sits in the lower two thirds, weighted below centre and placed off the vertical axis. Clear depth across three planes: near, middle and far. No text, no letterforms, no numerals, no signature, no watermark, no logo, no border and no frame. A monumental dark-romantic world of cathedrals, gargoyles, ruined abbeys, ironwork, ancient stone, enormous windows and impossible vertical architecture. Structures rise dramatically through mist and darkness, illuminated by moonlight, candles and supernatural glow. Ornate, decaying and breathtaking, beauty and menace in equal measure. Elegant darkness with stronger mortality and decay: aged surfaces, skeletal forms, dead vegetation, ruined grandeur and stark chiaroscuro. Sophisticated gothic beauty, disturbing details used sparingly against richly rendered darkness. Explosive outward movement, fragmented forms, dramatic displacement, extreme scale variation and dense controlled complexity radiating through the composition. Acid green, emerald and chartreuse against black. Light behaves impossibly: falling upward, casting the wrong shadow, glowing from within a solid, or illuminating only one thing."
14,0014_haunted_haunting_flow_pumpkin_fire_living_architecture.jpg,halloween,haunted,haunting,flow,pumpkin_fire,living_architecture,675139473,previews/studio/halloween/0014_haunted_haunting_flow_pumpkin_fire_living_architecture.jpg,wallpapers/studio/halloween/0014_haunted_haunting_flow_pumpkin_fire_living_architecture.jpg,64163,ok,"A single striking Halloween artwork made as a mobile phone wallpaper. One extraordinary focal idea, composed as a scene rather than an arrangement of seasonal objects. Vertical 9:16 mobile wallpaper, full-bleed edge to edge composition. The upper region of the frame is open and unadorned — atmosphere, gradient falloff or empty depth, no detail and no focal point there. The principal subject sits in the lower two thirds, weighted below centre and placed off the vertical axis. Clear depth across three planes: near, middle and far. No text, no letterforms, no numerals, no signature, no watermark, no logo, no border and no frame. A vast supernatural environment of impossible haunted mansions, ruined castles, forgotten estates and ancient graveyards. Architecture feels alive and subtly wrong: impossible corridors, leaning towers, illuminated windows, monumental gates and structures disappearing into fog. Unseen inhabitants are suggested through distant lights, silhouettes and movement. Elegant gothic horror. Quiet, melancholy and deeply atmospheric. Diffused moonlight, pale illumination, long shadows, drifting fog and restrained contrast create the feeling of a place inhabited by memories or unseen presences. Beautiful first, unsettling second. Continuous sweeping movement, interconnected forms, graceful curves and clear directional pathways carrying the eye through the composition. Pumpkin orange, amber and copper against deep umber. Built structures behave like a creature: breathing, watching, reaching, or forming a silhouette that is almost a body."
228,0228_infernal_ominous_flow_eclipse_organic_geometry.jpg,halloween,infernal,ominous,flow,eclipse,organic_geometry,1788709519,previews/studio/halloween/0228_infernal_ominous_flow_eclipse_organic_geometry.jpg,wallpapers/studio/halloween/0228_infernal_ominous_flow_eclipse_organic_geometry.jpg,63936,ok,"A single striking Halloween artwork made as a mobile phone wallpaper. One extraordinary focal idea, composed as a scene rather than an arrangement of seasonal objects. Vertical 9:16 mobile wallpaper, full-bleed edge to edge composition. The upper region of the frame is open and unadorned — atmosphere, gradient falloff or empty depth, no detail and no focal point there. The principal subject sits in the lower two thirds, weighted below centre and placed off the vertical axis. Clear depth across three planes: near, middle and far. No text, no letterforms, no numerals, no signature, no watermark, no logo, no border and no frame. An immense mythic underworld of obsidian formations, volcanic chasms, ruined citadels and monumental demonic architecture. Molten light glows through cracks in black stone while smoke, embers and enormous shadowy entities occupy impossible distances. Ancient, powerful and visually magnificent. Heavy darkness, approaching weather, deep directional shadows and isolated pools of illumination create mounting tension. The composition suggests that something enormous is about to happen without revealing exactly what it is. Continuous sweeping movement, interconnected forms, graceful curves and clear directional pathways carrying the eye through the composition. Charcoal and black with burning gold and solar orange. Living forms arranged into exact geometry, or geometry grown the way a plant grows."
433,0433_gothic_nightmarish_stillness_poison_ancient_monument.jpg,halloween,gothic,nightmarish,stillness,poison,ancient_monument,487194186,previews/studio/halloween/0433_gothic_nightmarish_stillness_poison_ancient_monument.jpg,wallpapers/studio/halloween/0433_gothic_nightmarish_stillness_poison_ancient_monument.jpg,64161,ok,"A single striking Halloween artwork made as a mobile phone wallpaper. One extraordinary focal idea, composed as a scene rather than an arrangement of seasonal objects. Vertical 9:16 mobile wallpaper, full-bleed edge to edge composition. The upper region of the frame is open and unadorned — atmosphere, gradient falloff or empty depth, no detail and no focal point there. The principal subject sits in the lower two thirds, weighted below centre and placed off the vertical axis. Clear depth across three planes: near, middle and far. No text, no letterforms, no numerals, no signature, no watermark, no logo, no border and no frame. A monumental dark-romantic world of cathedrals, gargoyles, ruined abbeys, ironwork, ancient stone, enormous windows and impossible vertical architecture. Structures rise dramatically through mist and darkness, illuminated by moonlight, candles and supernatural glow. Ornate, decaying and breathtaking, beauty and menace in equal measure. Unnatural lighting, extreme scale, distorted depth and impossible shadows make the scene feel like a vivid nightmare. Familiar forms become subtly wrong and visual logic begins to break down. Intensely unsettling and surreal, sophisticated and visually spectacular. Centered, balanced composition with generous negative space, minimal directional movement, simple large forms and a strong sense of visual stability. Acid green, emerald and chartreuse against black. A single colossal made object dominates, older than anything around it and built for a purpose nobody remembers."
15,0015_haunted_ominous_surge_pumpkin_fire_beautiful_decay.jpg,halloween,haunted,ominous,surge,pumpkin_fire,beautiful_decay,1182091587,previews/studio/halloween/0015_haunted_ominous_surge_pumpkin_fire_beautiful_decay.jpg,wallpapers/studio/halloween/0015_haunted_ominous_surge_pumpkin_fire_beautiful_decay.jpg,63287,ok,"A single striking Halloween artwork made as a mobile phone wallpaper. One extraordinary focal idea, composed as a scene rather than an arrangement of seasonal objects. Vertical 9:16 mobile wallpaper, full-bleed edge to edge composition. The upper region of the frame is open and unadorned — atmosphere, gradient falloff or empty depth, no detail and no focal point there. The principal subject sits in the lower two thirds, weighted below centre and placed off the vertical axis. Clear depth across three planes: near, middle and far. No text, no letterforms, no numerals, no signature, no watermark, no logo, no border and no frame. A vast supernatural environment of impossible haunted mansions, ruined castles, forgotten estates and ancient graveyards. Architecture feels alive and subtly wrong: impossible corridors, leaning towers, illuminated windows, monumental gates and structures disappearing into fog. Unseen inhabitants are suggested through distant lights, silhouettes and movement. Elegant gothic horror. Heavy darkness, approaching weather, deep directional shadows and isolated pools of illumination create mounting tension. The composition suggests that something enormous is about to happen without revealing exactly what it is. Forceful directional movement, strong diagonals, overlapping forms, dynamic scale changes and pronounced visual momentum. Pumpkin orange, amber and copper against deep umber. Ruin rendered as splendour: collapse, erosion and overgrowth arranged into something lovelier than the intact thing was."
229,0229_infernal_macabre_surge_eclipse_something_watching.jpg,halloween,infernal,macabre,surge,eclipse,something_watching,148177986,,,,failed,"prediction failed: Model execution failed (User Input Error): AiError: AiError: NSFW content detected. Try running it again, or try a different prompt. (c35869b8-c598-4b9b-8d6d-3668d88dab9f)"
434,0434_gothic_majestic_drift_poison_endless_depth.jpg,halloween,gothic,majestic,drift,poison,endless_depth,994146300,previews/studio/halloween/0434_gothic_majestic_drift_poison_endless_depth.jpg,wallpapers/studio/halloween/0434_gothic_majestic_drift_poison_endless_depth.jpg,64563,ok,"A single striking Halloween artwork made as a mobile phone wallpaper. One extraordinary focal idea, composed as a scene rather than an arrangement of seasonal objects. Vertical 9:16 mobile wallpaper, full-bleed edge to edge composition. The upper region of the frame is open and unadorned — atmosphere, gradient falloff or empty depth, no detail and no focal point there. The principal subject sits in the lower two thirds, weighted below centre and placed off the vertical axis. Clear depth across three planes: near, middle and far. No text, no letterforms, no numerals, no signature, no watermark, no logo, no border and no frame. A monumental dark-romantic world of cathedrals, gargoyles, ruined abbeys, ironwork, ancient stone, enormous windows and impossible vertical architecture. Structures rise dramatically through mist and darkness, illuminated by moonlight, candles and supernatural glow. Ornate, decaying and breathtaking, beauty and menace in equal measure. Grand cinematic illumination, monumental scale, deep dimensional contrast and radiant focal light. Darkness frames moments of extraordinary beauty and power. The scene inspires awe as much as fear, treating Halloween fantasy with the visual grandeur of an epic myth. Gentle directional movement, softly displaced forms, subtle asymmetry and relaxed visual flow across the composition. Acid green, emerald and chartreuse against black. The scene recedes far past where it should end, plane behind plane into immeasurable distance."
16,0016_haunted_ominous_flow_witchlight_beautiful_decay.jpg,halloween,haunted,ominous,flow,witchlight,beautiful_decay,1689043701,previews/studio/halloween/0016_haunted_ominous_flow_witchlight_beautiful_decay.jpg,wallpapers/studio/halloween/0016_haunted_ominous_flow_witchlight_beautiful_decay.jpg,63950,ok,"A single striking Halloween artwork made as a mobile phone wallpaper. One extraordinary focal idea, composed as a scene rather than an arrangement of seasonal objects. Vertical 9:16 mobile wallpaper, full-bleed edge to edge composition. The upper region of the frame is open and unadorned — atmosphere, gradient falloff or empty depth, no detail and no focal point there. The principal subject sits in the lower two thirds, weighted below centre and placed off the vertical axis. Clear depth across three planes: near, middle and far. No text, no letterforms, no numerals, no signature, no watermark, no logo, no border and no frame. A vast supernatural environment of impossible haunted mansions, ruined castles, forgotten estates and ancient graveyards. Architecture feels alive and subtly wrong: impossible corridors, leaning towers, illuminated windows, monumental gates and structures disappearing into fog. Unseen inhabitants are suggested through distant lights, silhouettes and movement. Elegant gothic horror. Heavy darkness, approaching weather, deep directional shadows and isolated pools of illumination create mounting tension. The composition suggests that something enormous is about to happen without revealing exactly what it is. Continuous sweeping movement, interconnected forms, graceful curves and clear directional pathways carrying the eye through the composition. Violet, ultraviolet and magenta against black. Ruin rendered as splendour: collapse, erosion and overgrowth arranged into something lovelier than the intact thing was."
230,0230_infernal_nightmarish_eruption_eclipse_impossible_scale.jpg,halloween,infernal,nightmarish,eruption,eclipse,impossible_scale,655130100,previews/studio/halloween/0230_infernal_nightmarish_eruption_eclipse_impossible_scale.jpg,wallpapers/studio/halloween/0230_infernal_nightmarish_eruption_eclipse_impossible_scale.jpg,64254,ok,"A single striking Halloween artwork made as a mobile phone wallpaper. One extraordinary focal idea, composed as a scene rather than an arrangement of seasonal objects. Vertical 9:16 mobile wallpaper, full-bleed edge to edge composition. The upper region of the frame is open and unadorned — atmosphere, gradient falloff or empty depth, no detail and no focal point there. The principal subject sits in the lower two thirds, weighted below centre and placed off the vertical axis. Clear depth across three planes: near, middle and far. No text, no letterforms, no numerals, no signature, no watermark, no logo, no border and no frame. An immense mythic underworld of obsidian formations, volcanic chasms, ruined citadels and monumental demonic architecture. Molten light glows through cracks in black stone while smoke, embers and enormous shadowy entities occupy impossible distances. Ancient, powerful and visually magnificent. Unnatural lighting, extreme scale, distorted depth and impossible shadows make the scene feel like a vivid nightmare. Familiar forms become subtly wrong and visual logic begins to break down. Intensely unsettling and surreal, sophisticated and visually spectacular. Explosive outward movement, fragmented forms, dramatic displacement, extreme scale variation and dense controlled complexity radiating through the composition. Charcoal and black with burning gold and solar orange. One element is vastly larger than it could be, dwarfing everything around it."
435,0435_gothic_bewitched_flow_poison_emerging_form.jpg,halloween,gothic,bewitched,flow,poison,emerging_form,1501098414,previews/studio/halloween/0435_gothic_bewitched_flow_poison_emerging_form.jpg,wallpapers/studio/halloween/0435_gothic_bewitched_flow_poison_emerging_form.jpg,65253,ok,"A single striking Halloween artwork made as a mobile phone wallpaper. One extraordinary focal idea, composed as a scene rather than an arrangement of seasonal objects. Vertical 9:16 mobile wallpaper, full-bleed edge to edge composition. The upper region of the frame is open and unadorned — atmosphere, gradient falloff or empty depth, no detail and no focal point there. The principal subject sits in the lower two thirds, weighted below centre and placed off the vertical axis. Clear depth across three planes: near, middle and far. No text, no letterforms, no numerals, no signature, no watermark, no logo, no border and no frame. A monumental dark-romantic world of cathedrals, gargoyles, ruined abbeys, ironwork, ancient stone, enormous windows and impossible vertical architecture. Structures rise dramatically through mist and darkness, illuminated by moonlight, candles and supernatural glow. Ornate, decaying and breathtaking, beauty and menace in equal measure. Seductive supernatural illumination, luminous haze and mysterious coloured light. Shadows remain soft and dimensional while magical highlights appear unexpectedly throughout the scene. Enchanting, mysterious and beautiful, with a subtle sense that something impossible is happening. Continuous sweeping movement, interconnected forms, graceful curves and clear directional pathways carrying the eye through the composition. Acid green, emerald and chartreuse against black. A shape is resolving out of the environment itself, half-formed and still becoming."
17,0017_haunted_macabre_surge_witchlight_hidden_presence.jpg,halloween,haunted,macabre,surge,witchlight,hidden_presence,48512168,previews/studio/halloween/0017_haunted_macabre_surge_witchlight_hidden_presence.jpg,wallpapers/studio/halloween/0017_haunted_macabre_surge_witchlight_hidden_presence.jpg,66453,ok,"A single striking Halloween artwork made as a mobile phone wallpaper. One extraordinary focal idea, composed as a scene rather than an arrangement of seasonal objects. Vertical 9:16 mobile wallpaper, full-bleed edge to edge composition. The upper region of the frame is open and unadorned — atmosphere, gradient falloff or empty depth, no detail and no focal point there. The principal subject sits in the lower two thirds, weighted below centre and placed off the vertical axis. Clear depth across three planes: near, middle and far. No text, no letterforms, no numerals, no signature, no watermark, no logo, no border and no frame. A vast supernatural environment of impossible haunted mansions, ruined castles, forgotten estates and ancient graveyards. Architecture feels alive and subtly wrong: impossible corridors, leaning towers, illuminated windows, monumental gates and structures disappearing into fog. Unseen inhabitants are suggested through distant lights, silhouettes and movement. Elegant gothic horror. Elegant darkness with stronger mortality and decay: aged surfaces, skeletal forms, dead vegetation, ruined grandeur and stark chiaroscuro. Sophisticated gothic beauty, disturbing details used sparingly against richly rendered darkness. Forceful directional movement, strong diagonals, overlapping forms, dynamic scale changes and pronounced visual momentum. Violet, ultraviolet and magenta against black. Something enormous is barely perceptible within the scene, read only as a shape in the mist, the stone or the shadow."
231,0231_infernal_majestic_stillness_eclipse_living_architecture.jpg,halloween,infernal,majestic,stillness,eclipse,living_architecture,1162082214,previews/studio/halloween/0231_infernal_majestic_stillness_eclipse_living_architecture.jpg,wallpapers/studio/halloween/0231_infernal_majestic_stillness_eclipse_living_architecture.jpg,64198,ok,"A single striking Halloween artwork made as a mobile phone wallpaper. One extraordinary focal idea, composed as a scene rather than an arrangement of seasonal objects. Vertical 9:16 mobile wallpaper, full-bleed edge to edge composition. The upper region of the frame is open and unadorned — atmosphere, gradient falloff or empty depth, no detail and no focal point there. The principal subject sits in the lower two thirds, weighted below centre and placed off the vertical axis. Clear depth across three planes: near, middle and far. No text, no letterforms, no numerals, no signature, no watermark, no logo, no border and no frame. An immense mythic underworld of obsidian formations, volcanic chasms, ruined citadels and monumental demonic architecture. Molten light glows through cracks in black stone while smoke, embers and enormous shadowy entities occupy impossible distances. Ancient, powerful and visually magnificent. Grand cinematic illumination, monumental scale, deep dimensional contrast and radiant focal light. Darkness frames moments of extraordinary beauty and power. The scene inspires awe as much as fear, treating Halloween fantasy with the visual grandeur of an epic myth. Centered, balanced composition with generous negative space, minimal directional movement, simple large forms and a strong sense of visual stability. Charcoal and black with burning gold and solar orange. Built structures behave like a creature: breathing, watching, reaching, or forming a silhouette that is almost a body."
436,0436_gothic_haunting_surge_poison_impossible_weather.jpg,halloween,gothic,haunting,surge,poison,impossible_weather,2008050528,previews/studio/halloween/0436_gothic_haunting_surge_poison_impossible_weather.jpg,wallpapers/studio/halloween/0436_gothic_haunting_surge_poison_impossible_weather.jpg,64449,ok,"A single striking Halloween artwork made as a mobile phone wallpaper. One extraordinary focal idea, composed as a scene rather than an arrangement of seasonal objects. Vertical 9:16 mobile wallpaper, full-bleed edge to edge composition. The upper region of the frame is open and unadorned — atmosphere, gradient falloff or empty depth, no detail and no focal point there. The principal subject sits in the lower two thirds, weighted below centre and placed off the vertical axis. Clear depth across three planes: near, middle and far. No text, no letterforms, no numerals, no signature, no watermark, no logo, no border and no frame. A monumental dark-romantic world of cathedrals, gargoyles, ruined abbeys, ironwork, ancient stone, enormous windows and impossible vertical architecture. Structures rise dramatically through mist and darkness, illuminated by moonlight, candles and supernatural glow. Ornate, decaying and breathtaking, beauty and menace in equal measure. Quiet, melancholy and deeply atmospheric. Diffused moonlight, pale illumination, long shadows, drifting fog and restrained contrast create the feeling of a place inhabited by memories or unseen presences. Beautiful first, unsettling second. Forceful directional movement, strong diagonals, overlapping forms, dynamic scale changes and pronounced visual momentum. Acid green, emerald and chartreuse against black. The atmosphere does something it could not: falling upward, standing still, burning, or moving as one body."
18,0018_haunted_nightmarish_eruption_witchlight_material_transformation.jpg,halloween,haunted,nightmarish,eruption,witchlight,material_transformation,555464282,previews/studio/halloween/0018_haunted_nightmarish_eruption_witchlight_material_transformation.jpg,wallpapers/studio/halloween/0018_haunted_nightmarish_eruption_witchlight_material_transformation.jpg,64080,ok,"A single striking Halloween artwork made as a mobile phone wallpaper. One extraordinary focal idea, composed as a scene rather than an arrangement of seasonal objects. Vertical 9:16 mobile wallpaper, full-bleed edge to edge composition. The upper region of the frame is open and unadorned — atmosphere, gradient falloff or empty depth, no detail and no focal point there. The principal subject sits in the lower two thirds, weighted below centre and placed off the vertical axis. Clear depth across three planes: near, middle and far. No text, no letterforms, no numerals, no signature, no watermark, no logo, no border and no frame. A vast supernatural environment of impossible haunted mansions, ruined castles, forgotten estates and ancient graveyards. Architecture feels alive and subtly wrong: impossible corridors, leaning towers, illuminated windows, monumental gates and structures disappearing into fog. Unseen inhabitants are suggested through distant lights, silhouettes and movement. Elegant gothic horror. Unnatural lighting, extreme scale, distorted depth and impossible shadows make the scene feel like a vivid nightmare. Familiar forms become subtly wrong and visual logic begins to break down. Intensely unsettling and surreal, sophisticated and visually spectacular. Explosive outward movement, fragmented forms, dramatic displacement, extreme scale variation and dense controlled complexity radiating through the composition. Violet, ultraviolet and magenta against black. One substance becomes another mid-form: stone into smoke, water into glass, cloth into flame."
232,0232_infernal_majestic_eruption_phantom_rose_living_architecture.jpg,halloween,infernal,majestic,eruption,phantom_rose,living_architecture,1669034328,previews/studio/halloween/0232_infernal_majestic_eruption_phantom_rose_living_architecture.jpg,wallpapers/studio/halloween/0232_infernal_majestic_eruption_phantom_rose_living_architecture.jpg,64031,ok,"A single striking Halloween artwork made as a mobile phone wallpaper. One extraordinary focal idea, composed as a scene rather than an arrangement of seasonal objects. Vertical 9:16 mobile wallpaper, full-bleed edge to edge composition. The upper region of the frame is open and unadorned — atmosphere, gradient falloff or empty depth, no detail and no focal point there. The principal subject sits in the lower two thirds, weighted below centre and placed off the vertical axis. Clear depth across three planes: near, middle and far. No text, no letterforms, no numerals, no signature, no watermark, no logo, no border and no frame. An immense mythic underworld of obsidian formations, volcanic chasms, ruined citadels and monumental demonic architecture. Molten light glows through cracks in black stone while smoke, embers and enormous shadowy entities occupy impossible distances. Ancient, powerful and visually magnificent. Grand cinematic illumination, monumental scale, deep dimensional contrast and radiant focal light. Darkness frames moments of extraordinary beauty and power. The scene inspires awe as much as fear, treating Halloween fantasy with the visual grandeur of an epic myth. Explosive outward movement, fragmented forms, dramatic displacement, extreme scale variation and dense controlled complexity radiating through the composition. Spectral lavender, dusty rose and pale moonlight against smoky violet. Built structures behave like a creature: breathing, watching, reaching, or forming a silhouette that is almost a body."
437,0437_gothic_ominous_eruption_poison_organic_geometry.jpg,halloween,gothic,ominous,eruption,poison,organic_geometry,367518995,previews/studio/halloween/0437_gothic_ominous_eruption_poison_organic_geometry.jpg,wallpapers/studio/halloween/0437_gothic_ominous_eruption_poison_organic_geometry.jpg,63737,ok,"A single striking Halloween artwork made as a mobile phone wallpaper. One extraordinary focal idea, composed as a scene rather than an arrangement of seasonal objects. Vertical 9:16 mobile wallpaper, full-bleed edge to edge composition. The upper region of the frame is open and unadorned — atmosphere, gradient falloff or empty depth, no detail and no focal point there. The principal subject sits in the lower two thirds, weighted below centre and placed off the vertical axis. Clear depth across three planes: near, middle and far. No text, no letterforms, no numerals, no signature, no watermark, no logo, no border and no frame. A monumental dark-romantic world of cathedrals, gargoyles, ruined abbeys, ironwork, ancient stone, enormous windows and impossible vertical architecture. Structures rise dramatically through mist and darkness, illuminated by moonlight, candles and supernatural glow. Ornate, decaying and breathtaking, beauty and menace in equal measure. Heavy darkness, approaching weather, deep directional shadows and isolated pools of illumination create mounting tension. The composition suggests that something enormous is about to happen without revealing exactly what it is. Explosive outward movement, fragmented forms, dramatic displacement, extreme scale variation and dense controlled complexity radiating through the composition. Acid green, emerald and chartreuse against black. Living forms arranged into exact geometry, or geometry grown the way a plant grows."
19,0019_haunted_majestic_stillness_witchlight_unnatural_light.jpg,halloween,haunted,majestic,stillness,witchlight,unnatural_light,1062416396,previews/studio/halloween/0019_haunted_majestic_stillness_witchlight_unnatural_light.jpg,wallpapers/studio/halloween/0019_haunted_majestic_stillness_witchlight_unnatural_light.jpg,65337,ok,"A single striking Halloween artwork made as a mobile phone wallpaper. One extraordinary focal idea, composed as a scene rather than an arrangement of seasonal objects. Vertical 9:16 mobile wallpaper, full-bleed edge to edge composition. The upper region of the frame is open and unadorned — atmosphere, gradient falloff or empty depth, no detail and no focal point there. The principal subject sits in the lower two thirds, weighted below centre and placed off the vertical axis. Clear depth across three planes: near, middle and far. No text, no letterforms, no numerals, no signature, no watermark, no logo, no border and no frame. A vast supernatural environment of impossible haunted mansions, ruined castles, forgotten estates and ancient graveyards. Architecture feels alive and subtly wrong: impossible corridors, leaning towers, illuminated windows, monumental gates and structures disappearing into fog. Unseen inhabitants are suggested through distant lights, silhouettes and movement. Elegant gothic horror. Grand cinematic illumination, monumental scale, deep dimensional contrast and radiant focal light. Darkness frames moments of extraordinary beauty and power. The scene inspires awe as much as fear, treating Halloween fantasy with the visual grandeur of an epic myth. Centered, balanced composition with generous negative space, minimal directional movement, simple large forms and a strong sense of visual stability. Violet, ultraviolet and magenta against black. Light behaves impossibly: falling upward, casting the wrong shadow, glowing from within a solid, or illuminating only one thing."
233,0233_infernal_bewitched_stillness_phantom_rose_beautiful_decay.jpg,halloween,infernal,bewitched,stillness,phantom_rose,beautiful_decay,28502795,previews/studio/halloween/0233_infernal_bewitched_stillness_phantom_rose_beautiful_decay.jpg,wallpapers/studio/halloween/0233_infernal_bewitched_stillness_phantom_rose_beautiful_decay.jpg,64652,ok,"A single striking Halloween artwork made as a mobile phone wallpaper. One extraordinary focal idea, composed as a scene rather than an arrangement of seasonal objects. Vertical 9:16 mobile wallpaper, full-bleed edge to edge composition. The upper region of the frame is open and unadorned — atmosphere, gradient falloff or empty depth, no detail and no focal point there. The principal subject sits in the lower two thirds, weighted below centre and placed off the vertical axis. Clear depth across three planes: near, middle and far. No text, no letterforms, no numerals, no signature, no watermark, no logo, no border and no frame. An immense mythic underworld of obsidian formations, volcanic chasms, ruined citadels and monumental demonic architecture. Molten light glows through cracks in black stone while smoke, embers and enormous shadowy entities occupy impossible distances. Ancient, powerful and visually magnificent. Seductive supernatural illumination, luminous haze and mysterious coloured light. Shadows remain soft and dimensional while magical highlights appear unexpectedly throughout the scene. Enchanting, mysterious and beautiful, with a subtle sense that something impossible is happening. Centered, balanced composition with generous negative space, minimal directional movement, simple large forms and a strong sense of visual stability. Spectral lavender, dusty rose and pale moonlight against smoky violet. Ruin rendered as splendour: collapse, erosion and overgrowth arranged into something lovelier than the intact thing was."
438,0438_gothic_macabre_stillness_poison_something_watching.jpg,halloween,gothic,macabre,stillness,poison,something_watching,874471109,previews/studio/halloween/0438_gothic_macabre_stillness_poison_something_watching.jpg,wallpapers/studio/halloween/0438_gothic_macabre_stillness_poison_something_watching.jpg,64107,ok,"A single striking Halloween artwork made as a mobile phone wallpaper. One extraordinary focal idea, composed as a scene rather than an arrangement of seasonal objects. Vertical 9:16 mobile wallpaper, full-bleed edge to edge composition. The upper region of the frame is open and unadorned — atmosphere, gradient falloff or empty depth, no detail and no focal point there. The principal subject sits in the lower two thirds, weighted below centre and placed off the vertical axis. Clear depth across three planes: near, middle and far. No text, no letterforms, no numerals, no signature, no watermark, no logo, no border and no frame. A monumental dark-romantic world of cathedrals, gargoyles, ruined abbeys, ironwork, ancient stone, enormous windows and impossible vertical architecture. Structures rise dramatically through mist and darkness, illuminated by moonlight, candles and supernatural glow. Ornate, decaying and breathtaking, beauty and menace in equal measure. Elegant darkness with stronger mortality and decay: aged surfaces, skeletal forms, dead vegetation, ruined grandeur and stark chiaroscuro. Sophisticated gothic beauty, disturbing details used sparingly against richly rendered darkness. Centered, balanced composition with generous negative space, minimal directional movement, simple large forms and a strong sense of visual stability. Acid green, emerald and chartreuse against black. The composition is arranged around an unseen observer, and the scene knows it is being looked at."
20,0020_haunted_bewitched_drift_witchlight_ancient_monument.jpg,halloween,haunted,bewitched,drift,witchlight,ancient_monument,1569368510,previews/studio/halloween/0020_haunted_bewitched_drift_witchlight_ancient_monument.jpg,wallpapers/studio/halloween/0020_haunted_bewitched_drift_witchlight_ancient_monument.jpg,64779,ok,"A single striking Halloween artwork made as a mobile phone wallpaper. One extraordinary focal idea, composed as a scene rather than an arrangement of seasonal objects. Vertical 9:16 mobile wallpaper, full-bleed edge to edge composition. The upper region of the frame is open and unadorned — atmosphere, gradient falloff or empty depth, no detail and no focal point there. The principal subject sits in the lower two thirds, weighted below centre and placed off the vertical axis. Clear depth across three planes: near, middle and far. No text, no letterforms, no numerals, no signature, no watermark, no logo, no border and no frame. A vast supernatural environment of impossible haunted mansions, ruined castles, forgotten estates and ancient graveyards. Architecture feels alive and subtly wrong: impossible corridors, leaning towers, illuminated windows, monumental gates and structures disappearing into fog. Unseen inhabitants are suggested through distant lights, silhouettes and movement. Elegant gothic horror. Seductive supernatural illumination, luminous haze and mysterious coloured light. Shadows remain soft and dimensional while magical highlights appear unexpectedly throughout the scene. Enchanting, mysterious and beautiful, with a subtle sense that something impossible is happening. Gentle directional movement, softly displaced forms, subtle asymmetry and relaxed visual flow across the composition. Violet, ultraviolet and magenta against black. A single colossal made object dominates, older than anything around it and built for a purpose nobody remembers."
234,0234_infernal_haunting_drift_phantom_rose_hidden_presence.jpg,halloween,infernal,haunting,drift,phantom_rose,hidden_presence,535454909,previews/studio/halloween/0234_infernal_haunting_drift_phantom_rose_hidden_presence.jpg,wallpapers/studio/halloween/0234_infernal_haunting_drift_phantom_rose_hidden_presence.jpg,63819,ok,"A single striking Halloween artwork made as a mobile phone wallpaper. One extraordinary focal idea, composed as a scene rather than an arrangement of seasonal objects. Vertical 9:16 mobile wallpaper, full-bleed edge to edge composition. The upper region of the frame is open and unadorned — atmosphere, gradient falloff or empty depth, no detail and no focal point there. The principal subject sits in the lower two thirds, weighted below centre and placed off the vertical axis. Clear depth across three planes: near, middle and far. No text, no letterforms, no numerals, no signature, no watermark, no logo, no border and no frame. An immense mythic underworld of obsidian formations, volcanic chasms, ruined citadels and monumental demonic architecture. Molten light glows through cracks in black stone while smoke, embers and enormous shadowy entities occupy impossible distances. Ancient, powerful and visually magnificent. Quiet, melancholy and deeply atmospheric. Diffused moonlight, pale illumination, long shadows, drifting fog and restrained contrast create the feeling of a place inhabited by memories or unseen presences. Beautiful first, unsettling second. Gentle directional movement, softly displaced forms, subtle asymmetry and relaxed visual flow across the composition. Spectral lavender, dusty rose and pale moonlight against smoky violet. Something enormous is barely perceptible within the scene, read only as a shape in the mist, the stone or the shadow."
439,0439_gothic_nightmarish_drift_poison_impossible_scale.jpg,halloween,gothic,nightmarish,drift,poison,impossible_scale,1381423223,previews/studio/halloween/0439_gothic_nightmarish_drift_poison_impossible_scale.jpg,wallpapers/studio/halloween/0439_gothic_nightmarish_drift_poison_impossible_scale.jpg,64800,ok,"A single striking Halloween artwork made as a mobile phone wallpaper. One extraordinary focal idea, composed as a scene rather than an arrangement of seasonal objects. Vertical 9:16 mobile wallpaper, full-bleed edge to edge composition. The upper region of the frame is open and unadorned — atmosphere, gradient falloff or empty depth, no detail and no focal point there. The principal subject sits in the lower two thirds, weighted below centre and placed off the vertical axis. Clear depth across three planes: near, middle and far. No text, no letterforms, no numerals, no signature, no watermark, no logo, no border and no frame. A monumental dark-romantic world of cathedrals, gargoyles, ruined abbeys, ironwork, ancient stone, enormous windows and impossible vertical architecture. Structures rise dramatically through mist and darkness, illuminated by moonlight, candles and supernatural glow. Ornate, decaying and breathtaking, beauty and menace in equal measure. Unnatural lighting, extreme scale, distorted depth and impossible shadows make the scene feel like a vivid nightmare. Familiar forms become subtly wrong and visual logic begins to break down. Intensely unsettling and surreal, sophisticated and visually spectacular. Gentle directional movement, softly displaced forms, subtle asymmetry and relaxed visual flow across the composition. Acid green, emerald and chartreuse against black. One element is vastly larger than it could be, dwarfing everything around it."
21,0021_haunted_haunting_flow_witchlight_endless_depth.jpg,halloween,haunted,haunting,flow,witchlight,endless_depth,2076320624,previews/studio/halloween/0021_haunted_haunting_flow_witchlight_endless_depth.jpg,wallpapers/studio/halloween/0021_haunted_haunting_flow_witchlight_endless_depth.jpg,63900,ok,"A single striking Halloween artwork made as a mobile phone wallpaper. One extraordinary focal idea, composed as a scene rather than an arrangement of seasonal objects. Vertical 9:16 mobile wallpaper, full-bleed edge to edge composition. The upper region of the frame is open and unadorned — atmosphere, gradient falloff or empty depth, no detail and no focal point there. The principal subject sits in the lower two thirds, weighted below centre and placed off the vertical axis. Clear depth across three planes: near, middle and far. No text, no letterforms, no numerals, no signature, no watermark, no logo, no border and no frame. A vast supernatural environment of impossible haunted mansions, ruined castles, forgotten estates and ancient graveyards. Architecture feels alive and subtly wrong: impossible corridors, leaning towers, illuminated windows, monumental gates and structures disappearing into fog. Unseen inhabitants are suggested through distant lights, silhouettes and movement. Elegant gothic horror. Quiet, melancholy and deeply atmospheric. Diffused moonlight, pale illumination, long shadows, drifting fog and restrained contrast create the feeling of a place inhabited by memories or unseen presences. Beautiful first, unsettling second. Continuous sweeping movement, interconnected forms, graceful curves and clear directional pathways carrying the eye through the composition. Violet, ultraviolet and magenta against black. The scene recedes far past where it should end, plane behind plane into immeasurable distance."
235,0235_infernal_ominous_flow_phantom_rose_material_transformation.jpg,halloween,infernal,ominous,flow,phantom_rose,material_transformation,1042407023,previews/studio/halloween/0235_infernal_ominous_flow_phantom_rose_material_transformation.jpg,wallpapers/studio/halloween/0235_infernal_ominous_flow_phantom_rose_material_transformation.jpg,63557,ok,"A single striking Halloween artwork made as a mobile phone wallpaper. One extraordinary focal idea, composed as a scene rather than an arrangement of seasonal objects. Vertical 9:16 mobile wallpaper, full-bleed edge to edge composition. The upper region of the frame is open and unadorned — atmosphere, gradient falloff or empty depth, no detail and no focal point there. The principal subject sits in the lower two thirds, weighted below centre and placed off the vertical axis. Clear depth across three planes: near, middle and far. No text, no letterforms, no numerals, no signature, no watermark, no logo, no border and no frame. An immense mythic underworld of obsidian formations, volcanic chasms, ruined citadels and monumental demonic architecture. Molten light glows through cracks in black stone while smoke, embers and enormous shadowy entities occupy impossible distances. Ancient, powerful and visually magnificent. Heavy darkness, approaching weather, deep directional shadows and isolated pools of illumination create mounting tension. The composition suggests that something enormous is about to happen without revealing exactly what it is. Continuous sweeping movement, interconnected forms, graceful curves and clear directional pathways carrying the eye through the composition. Spectral lavender, dusty rose and pale moonlight against smoky violet. One substance becomes another mid-form: stone into smoke, water into glass, cloth into flame."
440,0440_gothic_nightmarish_stillness_midnight_impossible_scale.jpg,halloween,gothic,nightmarish,stillness,midnight,impossible_scale,1888375337,previews/studio/halloween/0440_gothic_nightmarish_stillness_midnight_impossible_scale.jpg,wallpapers/studio/halloween/0440_gothic_nightmarish_stillness_midnight_impossible_scale.jpg,64022,ok,"A single striking Halloween artwork made as a mobile phone wallpaper. One extraordinary focal idea, composed as a scene rather than an arrangement of seasonal objects. Vertical 9:16 mobile wallpaper, full-bleed edge to edge composition. The upper region of the frame is open and unadorned — atmosphere, gradient falloff or empty depth, no detail and no focal point there. The principal subject sits in the lower two thirds, weighted below centre and placed off the vertical axis. Clear depth across three planes: near, middle and far. No text, no letterforms, no numerals, no signature, no watermark, no logo, no border and no frame. A monumental dark-romantic world of cathedrals, gargoyles, ruined abbeys, ironwork, ancient stone, enormous windows and impossible vertical architecture. Structures rise dramatically through mist and darkness, illuminated by moonlight, candles and supernatural glow. Ornate, decaying and breathtaking, beauty and menace in equal measure. Unnatural lighting, extreme scale, distorted depth and impossible shadows make the scene feel like a vivid nightmare. Familiar forms become subtly wrong and visual logic begins to break down. Intensely unsettling and surreal, sophisticated and visually spectacular. Centered, balanced composition with generous negative space, minimal directional movement, simple large forms and a strong sense of visual stability. Midnight blue, indigo and moon silver against near-black. One element is vastly larger than it could be, dwarfing everything around it."
22,0022_haunted_ominous_surge_witchlight_emerging_form.jpg,halloween,haunted,ominous,surge,witchlight,emerging_form,435789091,previews/studio/halloween/0022_haunted_ominous_surge_witchlight_emerging_form.jpg,wallpapers/studio/halloween/0022_haunted_ominous_surge_witchlight_emerging_form.jpg,64130,ok,"A single striking Halloween artwork made as a mobile phone wallpaper. One extraordinary focal idea, composed as a scene rather than an arrangement of seasonal objects. Vertical 9:16 mobile wallpaper, full-bleed edge to edge composition. The upper region of the frame is open and unadorned — atmosphere, gradient falloff or empty depth, no detail and no focal point there. The principal subject sits in the lower two thirds, weighted below centre and placed off the vertical axis. Clear depth across three planes: near, middle and far. No text, no letterforms, no numerals, no signature, no watermark, no logo, no border and no frame. A vast supernatural environment of impossible haunted mansions, ruined castles, forgotten estates and ancient graveyards. Architecture feels alive and subtly wrong: impossible corridors, leaning towers, illuminated windows, monumental gates and structures disappearing into fog. Unseen inhabitants are suggested through distant lights, silhouettes and movement. Elegant gothic horror. Heavy darkness, approaching weather, deep directional shadows and isolated pools of illumination create mounting tension. The composition suggests that something enormous is about to happen without revealing exactly what it is. Forceful directional movement, strong diagonals, overlapping forms, dynamic scale changes and pronounced visual momentum. Violet, ultraviolet and magenta against black. A shape is resolving out of the environment itself, half-formed and still becoming."
236,0236_infernal_macabre_surge_phantom_rose_unnatural_light.jpg,halloween,infernal,macabre,surge,phantom_rose,unnatural_light,1549359137,previews/studio/halloween/0236_infernal_macabre_surge_phantom_rose_unnatural_light.jpg,wallpapers/studio/halloween/0236_infernal_macabre_surge_phantom_rose_unnatural_light.jpg,63740,ok,"A single striking Halloween artwork made as a mobile phone wallpaper. One extraordinary focal idea, composed as a scene rather than an arrangement of seasonal objects. Vertical 9:16 mobile wallpaper, full-bleed edge to edge composition. The upper region of the frame is open and unadorned — atmosphere, gradient falloff or empty depth, no detail and no focal point there. The principal subject sits in the lower two thirds, weighted below centre and placed off the vertical axis. Clear depth across three planes: near, middle and far. No text, no letterforms, no numerals, no signature, no watermark, no logo, no border and no frame. An immense mythic underworld of obsidian formations, volcanic chasms, ruined citadels and monumental demonic architecture. Molten light glows through cracks in black stone while smoke, embers and enormous shadowy entities occupy impossible distances. Ancient, powerful and visually magnificent. Elegant darkness with stronger mortality and decay: aged surfaces, skeletal forms, dead vegetation, ruined grandeur and stark chiaroscuro. Sophisticated gothic beauty, disturbing details used sparingly against richly rendered darkness. Forceful directional movement, strong diagonals, overlapping forms, dynamic scale changes and pronounced visual momentum. Spectral lavender, dusty rose and pale moonlight against smoky violet. Light behaves impossibly: falling upward, casting the wrong shadow, glowing from within a solid, or illuminating only one thing."
441,0441_gothic_majestic_drift_midnight_living_architecture.jpg,halloween,gothic,majestic,drift,midnight,living_architecture,247843804,previews/studio/halloween/0441_gothic_majestic_drift_midnight_living_architecture.jpg,wallpapers/studio/halloween/0441_gothic_majestic_drift_midnight_living_architecture.jpg,63933,ok,"A single striking Halloween artwork made as a mobile phone wallpaper. One extraordinary focal idea, composed as a scene rather than an arrangement of seasonal objects. Vertical 9:16 mobile wallpaper, full-bleed edge to edge composition. The upper region of the frame is open and unadorned — atmosphere, gradient falloff or empty depth, no detail and no focal point there. The principal subject sits in the lower two thirds, weighted below centre and placed off the vertical axis. Clear depth across three planes: near, middle and far. No text, no letterforms, no numerals, no signature, no watermark, no logo, no border and no frame. A monumental dark-romantic world of cathedrals, gargoyles, ruined abbeys, ironwork, ancient stone, enormous windows and impossible vertical architecture. Structures rise dramatically through mist and darkness, illuminated by moonlight, candles and supernatural glow. Ornate, decaying and breathtaking, beauty and menace in equal measure. Grand cinematic illumination, monumental scale, deep dimensional contrast and radiant focal light. Darkness frames moments of extraordinary beauty and power. The scene inspires awe as much as fear, treating Halloween fantasy with the visual grandeur of an epic myth. Gentle directional movement, softly displaced forms, subtle asymmetry and relaxed visual flow across the composition. Midnight blue, indigo and moon silver against near-black. Built structures behave like a creature: breathing, watching, reaching, or forming a silhouette that is almost a body."
23,0023_haunted_macabre_eruption_witchlight_impossible_weather.jpg,halloween,haunted,macabre,eruption,witchlight,impossible_weather,942741205,previews/studio/halloween/0023_haunted_macabre_eruption_witchlight_impossible_weather.jpg,wallpapers/studio/halloween/0023_haunted_macabre_eruption_witchlight_impossible_weather.jpg,64256,ok,"A single striking Halloween artwork made as a mobile phone wallpaper. One extraordinary focal idea, composed as a scene rather than an arrangement of seasonal objects. Vertical 9:16 mobile wallpaper, full-bleed edge to edge composition. The upper region of the frame is open and unadorned — atmosphere, gradient falloff or empty depth, no detail and no focal point there. The principal subject sits in the lower two thirds, weighted below centre and placed off the vertical axis. Clear depth across three planes: near, middle and far. No text, no letterforms, no numerals, no signature, no watermark, no logo, no border and no frame. A vast supernatural environment of impossible haunted mansions, ruined castles, forgotten estates and ancient graveyards. Architecture feels alive and subtly wrong: impossible corridors, leaning towers, illuminated windows, monumental gates and structures disappearing into fog. Unseen inhabitants are suggested through distant lights, silhouettes and movement. Elegant gothic horror. Elegant darkness with stronger mortality and decay: aged surfaces, skeletal forms, dead vegetation, ruined grandeur and stark chiaroscuro. Sophisticated gothic beauty, disturbing details used sparingly against richly rendered darkness. Explosive outward movement, fragmented forms, dramatic displacement, extreme scale variation and dense controlled complexity radiating through the composition. Violet, ultraviolet and magenta against black. The atmosphere does something it could not: falling upward, standing still, burning, or moving as one body."
237,0237_infernal_nightmarish_eruption_phantom_rose_ancient_monument.jpg,halloween,infernal,nightmarish,eruption,phantom_rose,ancient_monument,2056311251,previews/studio/halloween/0237_infernal_nightmarish_eruption_phantom_rose_ancient_monument.jpg,wallpapers/studio/halloween/0237_infernal_nightmarish_eruption_phantom_rose_ancient_monument.jpg,64639,ok,"A single striking Halloween artwork made as a mobile phone wallpaper. One extraordinary focal idea, composed as a scene rather than an arrangement of seasonal objects. Vertical 9:16 mobile wallpaper, full-bleed edge to edge composition. The upper region of the frame is open and unadorned — atmosphere, gradient falloff or empty depth, no detail and no focal point there. The principal subject sits in the lower two thirds, weighted below centre and placed off the vertical axis. Clear depth across three planes: near, middle and far. No text, no letterforms, no numerals, no signature, no watermark, no logo, no border and no frame. An immense mythic underworld of obsidian formations, volcanic chasms, ruined citadels and monumental demonic architecture. Molten light glows through cracks in black stone while smoke, embers and enormous shadowy entities occupy impossible distances. Ancient, powerful and visually magnificent. Unnatural lighting, extreme scale, distorted depth and impossible shadows make the scene feel like a vivid nightmare. Familiar forms become subtly wrong and visual logic begins to break down. Intensely unsettling and surreal, sophisticated and visually spectacular. Explosive outward movement, fragmented forms, dramatic displacement, extreme scale variation and dense controlled complexity radiating through the composition. Spectral lavender, dusty rose and pale moonlight against smoky violet. A single colossal made object dominates, older than anything around it and built for a purpose nobody remembers."
442,0442_gothic_bewitched_flow_midnight_beautiful_decay.jpg,halloween,gothic,bewitched,flow,midnight,beautiful_decay,754795918,previews/studio/halloween/0442_gothic_bewitched_flow_midnight_beautiful_decay.jpg,wallpapers/studio/halloween/0442_gothic_bewitched_flow_midnight_beautiful_decay.jpg,63787,ok,"A single striking Halloween artwork made as a mobile phone wallpaper. One extraordinary focal idea, composed as a scene rather than an arrangement of seasonal objects. Vertical 9:16 mobile wallpaper, full-bleed edge to edge composition. The upper region of the frame is open and unadorned — atmosphere, gradient falloff or empty depth, no detail and no focal point there. The principal subject sits in the lower two thirds, weighted below centre and placed off the vertical axis. Clear depth across three planes: near, middle and far. No text, no letterforms, no numerals, no signature, no watermark, no logo, no border and no frame. A monumental dark-romantic world of cathedrals, gargoyles, ruined abbeys, ironwork, ancient stone, enormous windows and impossible vertical architecture. Structures rise dramatically through mist and darkness, illuminated by moonlight, candles and supernatural glow. Ornate, decaying and breathtaking, beauty and menace in equal measure. Seductive supernatural illumination, luminous haze and mysterious coloured light. Shadows remain soft and dimensional while magical highlights appear unexpectedly throughout the scene. Enchanting, mysterious and beautiful, with a subtle sense that something impossible is happening. Continuous sweeping movement, interconnected forms, graceful curves and clear directional pathways carrying the eye through the composition. Midnight blue, indigo and moon silver against near-black. Ruin rendered as splendour: collapse, erosion and overgrowth arranged into something lovelier than the intact thing was."
24,0024_haunted_macabre_surge_ghostlight_impossible_weather.jpg,halloween,haunted,macabre,surge,ghostlight,impossible_weather,1449693319,previews/studio/halloween/0024_haunted_macabre_surge_ghostlight_impossible_weather.jpg,wallpapers/studio/halloween/0024_haunted_macabre_surge_ghostlight_impossible_weather.jpg,63687,ok,"A single striking Halloween artwork made as a mobile phone wallpaper. One extraordinary focal idea, composed as a scene rather than an arrangement of seasonal objects. Vertical 9:16 mobile wallpaper, full-bleed edge to edge composition. The upper region of the frame is open and unadorned — atmosphere, gradient falloff or empty depth, no detail and no focal point there. The principal subject sits in the lower two thirds, weighted below centre and placed off the vertical axis. Clear depth across three planes: near, middle and far. No text, no letterforms, no numerals, no signature, no watermark, no logo, no border and no frame. A vast supernatural environment of impossible haunted mansions, ruined castles, forgotten estates and ancient graveyards. Architecture feels alive and subtly wrong: impossible corridors, leaning towers, illuminated windows, monumental gates and structures disappearing into fog. Unseen inhabitants are suggested through distant lights, silhouettes and movement. Elegant gothic horror. Elegant darkness with stronger mortality and decay: aged surfaces, skeletal forms, dead vegetation, ruined grandeur and stark chiaroscuro. Sophisticated gothic beauty, disturbing details used sparingly against richly rendered darkness. Forceful directional movement, strong diagonals, overlapping forms, dynamic scale changes and pronounced visual momentum. Spectral cyan, pale aqua and icy white against midnight blue. The atmosphere does something it could not: falling upward, standing still, burning, or moving as one body."
238,0238_infernal_majestic_stillness_phantom_rose_endless_depth.jpg,halloween,infernal,majestic,stillness,phantom_rose,endless_depth,415779718,previews/studio/halloween/0238_infernal_majestic_stillness_phantom_rose_endless_depth.jpg,wallpapers/studio/halloween/0238_infernal_majestic_stillness_phantom_rose_endless_depth.jpg,64104,ok,"A single striking Halloween artwork made as a mobile phone wallpaper. One extraordinary focal idea, composed as a scene rather than an arrangement of seasonal objects. Vertical 9:16 mobile wallpaper, full-bleed edge to edge composition. The upper region of the frame is open and unadorned — atmosphere, gradient falloff or empty depth, no detail and no focal point there. The principal subject sits in the lower two thirds, weighted below centre and placed off the vertical axis. Clear depth across three planes: near, middle and far. No text, no letterforms, no numerals, no signature, no watermark, no logo, no border and no frame. An immense mythic underworld of obsidian formations, volcanic chasms, ruined citadels and monumental demonic architecture. Molten light glows through cracks in black stone while smoke, embers and enormous shadowy entities occupy impossible distances. Ancient, powerful and visually magnificent. Grand cinematic illumination, monumental scale, deep dimensional contrast and radiant focal light. Darkness frames moments of extraordinary beauty and power. The scene inspires awe as much as fear, treating Halloween fantasy with the visual grandeur of an epic myth. Centered, balanced composition with generous negative space, minimal directional movement, simple large forms and a strong sense of visual stability. Spectral lavender, dusty rose and pale moonlight against smoky violet. The scene recedes far past where it should end, plane behind plane into immeasurable distance."
443,0443_gothic_haunting_surge_midnight_hidden_presence.jpg,halloween,gothic,haunting,surge,midnight,hidden_presence,1261748032,previews/studio/halloween/0443_gothic_haunting_surge_midnight_hidden_presence.jpg,wallpapers/studio/halloween/0443_gothic_haunting_surge_midnight_hidden_presence.jpg,64064,ok,"A single striking Halloween artwork made as a mobile phone wallpaper. One extraordinary focal idea, composed as a scene rather than an arrangement of seasonal objects. Vertical 9:16 mobile wallpaper, full-bleed edge to edge composition. The upper region of the frame is open and unadorned — atmosphere, gradient falloff or empty depth, no detail and no focal point there. The principal subject sits in the lower two thirds, weighted below centre and placed off the vertical axis. Clear depth across three planes: near, middle and far. No text, no letterforms, no numerals, no signature, no watermark, no logo, no border and no frame. A monumental dark-romantic world of cathedrals, gargoyles, ruined abbeys, ironwork, ancient stone, enormous windows and impossible vertical architecture. Structures rise dramatically through mist and darkness, illuminated by moonlight, candles and supernatural glow. Ornate, decaying and breathtaking, beauty and menace in equal measure. Quiet, melancholy and deeply atmospheric. Diffused moonlight, pale illumination, long shadows, drifting fog and restrained contrast create the feeling of a place inhabited by memories or unseen presences. Beautiful first, unsettling second. Forceful directional movement, strong diagonals, overlapping forms, dynamic scale changes and pronounced visual momentum. Midnight blue, indigo and moon silver against near-black. Something enormous is barely perceptible within the scene, read only as a shape in the mist, the stone or the shadow."
25,0025_haunted_nightmarish_eruption_ghostlight_organic_geometry.jpg,halloween,haunted,nightmarish,eruption,ghostlight,organic_geometry,1956645433,previews/studio/halloween/0025_haunted_nightmarish_eruption_ghostlight_organic_geometry.jpg,wallpapers/studio/halloween/0025_haunted_nightmarish_eruption_ghostlight_organic_geometry.jpg,64614,ok,"A single striking Halloween artwork made as a mobile phone wallpaper. One extraordinary focal idea, composed as a scene rather than an arrangement of seasonal objects. Vertical 9:16 mobile wallpaper, full-bleed edge to edge composition. The upper region of the frame is open and unadorned — atmosphere, gradient falloff or empty depth, no detail and no focal point there. The principal subject sits in the lower two thirds, weighted below centre and placed off the vertical axis. Clear depth across three planes: near, middle and far. No text, no letterforms, no numerals, no signature, no watermark, no logo, no border and no frame. A vast supernatural environment of impossible haunted mansions, ruined castles, forgotten estates and ancient graveyards. Architecture feels alive and subtly wrong: impossible corridors, leaning towers, illuminated windows, monumental gates and structures disappearing into fog. Unseen inhabitants are suggested through distant lights, silhouettes and movement. Elegant gothic horror. Unnatural lighting, extreme scale, distorted depth and impossible shadows make the scene feel like a vivid nightmare. Familiar forms become subtly wrong and visual logic begins to break down. Intensely unsettling and surreal, sophisticated and visually spectacular. Explosive outward movement, fragmented forms, dramatic displacement, extreme scale variation and dense controlled complexity radiating through the composition. Spectral cyan, pale aqua and icy white against midnight blue. Living forms arranged into exact geometry, or geometry grown the way a plant grows."
239,0239_infernal_bewitched_drift_phantom_rose_emerging_form.jpg,halloween,infernal,bewitched,drift,phantom_rose,emerging_form,922731832,previews/studio/halloween/0239_infernal_bewitched_drift_phantom_rose_emerging_form.jpg,wallpapers/studio/halloween/0239_infernal_bewitched_drift_phantom_rose_emerging_form.jpg,64007,ok,"A single striking Halloween artwork made as a mobile phone wallpaper. One extraordinary focal idea, composed as a scene rather than an arrangement of seasonal objects. Vertical 9:16 mobile wallpaper, full-bleed edge to edge composition. The upper region of the frame is open and unadorned — atmosphere, gradient falloff or empty depth, no detail and no focal point there. The principal subject sits in the lower two thirds, weighted below centre and placed off the vertical axis. Clear depth across three planes: near, middle and far. No text, no letterforms, no numerals, no signature, no watermark, no logo, no border and no frame. An immense mythic underworld of obsidian formations, volcanic chasms, ruined citadels and monumental demonic architecture. Molten light glows through cracks in black stone while smoke, embers and enormous shadowy entities occupy impossible distances. Ancient, powerful and visually magnificent. Seductive supernatural illumination, luminous haze and mysterious coloured light. Shadows remain soft and dimensional while magical highlights appear unexpectedly throughout the scene. Enchanting, mysterious and beautiful, with a subtle sense that something impossible is happening. Gentle directional movement, softly displaced forms, subtle asymmetry and relaxed visual flow across the composition. Spectral lavender, dusty rose and pale moonlight against smoky violet. A shape is resolving out of the environment itself, half-formed and still becoming."
444,0444_gothic_ominous_eruption_midnight_material_transformation.jpg,halloween,gothic,ominous,eruption,midnight,material_transformation,1768700146,previews/studio/halloween/0444_gothic_ominous_eruption_midnight_material_transformation.jpg,wallpapers/studio/halloween/0444_gothic_ominous_eruption_midnight_material_transformation.jpg,64032,ok,"A single striking Halloween artwork made as a mobile phone wallpaper. One extraordinary focal idea, composed as a scene rather than an arrangement of seasonal objects. Vertical 9:16 mobile wallpaper, full-bleed edge to edge composition. The upper region of the frame is open and unadorned — atmosphere, gradient falloff or empty depth, no detail and no focal point there. The principal subject sits in the lower two thirds, weighted below centre and placed off the vertical axis. Clear depth across three planes: near, middle and far. No text, no letterforms, no numerals, no signature, no watermark, no logo, no border and no frame. A monumental dark-romantic world of cathedrals, gargoyles, ruined abbeys, ironwork, ancient stone, enormous windows and impossible vertical architecture. Structures rise dramatically through mist and darkness, illuminated by moonlight, candles and supernatural glow. Ornate, decaying and breathtaking, beauty and menace in equal measure. Heavy darkness, approaching weather, deep directional shadows and isolated pools of illumination create mounting tension. The composition suggests that something enormous is about to happen without revealing exactly what it is. Explosive outward movement, fragmented forms, dramatic displacement, extreme scale variation and dense controlled complexity radiating through the composition. Midnight blue, indigo and moon silver against near-black. One substance becomes another mid-form: stone into smoke, water into glass, cloth into flame."
26,0026_haunted_majestic_stillness_ghostlight_something_watching.jpg,halloween,haunted,majestic,stillness,ghostlight,something_watching,316113900,previews/studio/halloween/0026_haunted_majestic_stillness_ghostlight_something_watching.jpg,wallpapers/studio/halloween/0026_haunted_majestic_stillness_ghostlight_something_watching.jpg,64473,ok,"A single striking Halloween artwork made as a mobile phone wallpaper. One extraordinary focal idea, composed as a scene rather than an arrangement of seasonal objects. Vertical 9:16 mobile wallpaper, full-bleed edge to edge composition. The upper region of the frame is open and unadorned — atmosphere, gradient falloff or empty depth, no detail and no focal point there. The principal subject sits in the lower two thirds, weighted below centre and placed off the vertical axis. Clear depth across three planes: near, middle and far. No text, no letterforms, no numerals, no signature, no watermark, no logo, no border and no frame. A vast supernatural environment of impossible haunted mansions, ruined castles, forgotten estates and ancient graveyards. Architecture feels alive and subtly wrong: impossible corridors, leaning towers, illuminated windows, monumental gates and structures disappearing into fog. Unseen inhabitants are suggested through distant lights, silhouettes and movement. Elegant gothic horror. Grand cinematic illumination, monumental scale, deep dimensional contrast and radiant focal light. Darkness frames moments of extraordinary beauty and power. The scene inspires awe as much as fear, treating Halloween fantasy with the visual grandeur of an epic myth. Centered, balanced composition with generous negative space, minimal directional movement, simple large forms and a strong sense of visual stability. Spectral cyan, pale aqua and icy white against midnight blue. The composition is arranged around an unseen observer, and the scene knows it is being looked at."
240,0240_harvest_macabre_stillness_blood_moon_hidden_presence.jpg,halloween,harvest,macabre,stillness,blood_moon,hidden_presence,1429683946,previews/studio/halloween/0240_harvest_macabre_stillness_blood_moon_hidden_presence.jpg,wallpapers/studio/halloween/0240_harvest_macabre_stillness_blood_moon_hidden_presence.jpg,64805,ok,"A single striking Halloween artwork made as a mobile phone wallpaper. One extraordinary focal idea, composed as a scene rather than an arrangement of seasonal objects. Vertical 9:16 mobile wallpaper, full-bleed edge to edge composition. The upper region of the frame is open and unadorned — atmosphere, gradient falloff or empty depth, no detail and no focal point there. The principal subject sits in the lower two thirds, weighted below centre and placed off the vertical axis. Clear depth across three planes: near, middle and far. No text, no letterforms, no numerals, no signature, no watermark, no logo, no border and no frame. An enchanted late-autumn world overtaken by twisted vines, enormous pumpkins, ancient orchards, cornfields, wheat, gnarled wood and strange harvest monuments. Natural forms grow into impossible structures and creatures beneath enormous autumn moons. Rich, tactile and slightly threatening, balancing folk-horror mystery with spectacular seasonal beauty. Elegant darkness with stronger mortality and decay: aged surfaces, skeletal forms, dead vegetation, ruined grandeur and stark chiaroscuro. Sophisticated gothic beauty, disturbing details used sparingly against richly rendered darkness. Centered, balanced composition with generous negative space, minimal directional movement, simple large forms and a strong sense of visual stability. Blood red, crimson and burnt orange against black. Something enormous is barely perceptible within the scene, read only as a shape in the mist, the stone or the shadow."
445,0445_gothic_macabre_stillness_midnight_unnatural_light.jpg,halloween,gothic,macabre,stillness,midnight,unnatural_light,128168613,previews/studio/halloween/0445_gothic_macabre_stillness_midnight_unnatural_light.jpg,wallpapers/studio/halloween/0445_gothic_macabre_stillness_midnight_unnatural_light.jpg,64078,ok,"A single striking Halloween artwork made as a mobile phone wallpaper. One extraordinary focal idea, composed as a scene rather than an arrangement of seasonal objects. Vertical 9:16 mobile wallpaper, full-bleed edge to edge composition. The upper region of the frame is open and unadorned — atmosphere, gradient falloff or empty depth, no detail and no focal point there. The principal subject sits in the lower two thirds, weighted below centre and placed off the vertical axis. Clear depth across three planes: near, middle and far. No text, no letterforms, no numerals, no signature, no watermark, no logo, no border and no frame. A monumental dark-romantic world of cathedrals, gargoyles, ruined abbeys, ironwork, ancient stone, enormous windows and impossible vertical architecture. Structures rise dramatically through mist and darkness, illuminated by moonlight, candles and supernatural glow. Ornate, decaying and breathtaking, beauty and menace in equal measure. Elegant darkness with stronger mortality and decay: aged surfaces, skeletal forms, dead vegetation, ruined grandeur and stark chiaroscuro. Sophisticated gothic beauty, disturbing details used sparingly against richly rendered darkness. Centered, balanced composition with generous negative space, minimal directional movement, simple large forms and a strong sense of visual stability. Midnight blue, indigo and moon silver against near-black. Light behaves impossibly: falling upward, casting the wrong shadow, glowing from within a solid, or illuminating only one thing."
27,0027_haunted_bewitched_drift_ghostlight_impossible_scale.jpg,halloween,haunted,bewitched,drift,ghostlight,impossible_scale,823066014,previews/studio/halloween/0027_haunted_bewitched_drift_ghostlight_impossible_scale.jpg,wallpapers/studio/halloween/0027_haunted_bewitched_drift_ghostlight_impossible_scale.jpg,63892,ok,"A single striking Halloween artwork made as a mobile phone wallpaper. One extraordinary focal idea, composed as a scene rather than an arrangement of seasonal objects. Vertical 9:16 mobile wallpaper, full-bleed edge to edge composition. The upper region of the frame is open and unadorned — atmosphere, gradient falloff or empty depth, no detail and no focal point there. The principal subject sits in the lower two thirds, weighted below centre and placed off the vertical axis. Clear depth across three planes: near, middle and far. No text, no letterforms, no numerals, no signature, no watermark, no logo, no border and no frame. A vast supernatural environment of impossible haunted mansions, ruined castles, forgotten estates and ancient graveyards. Architecture feels alive and subtly wrong: impossible corridors, leaning towers, illuminated windows, monumental gates and structures disappearing into fog. Unseen inhabitants are suggested through distant lights, silhouettes and movement. Elegant gothic horror. Seductive supernatural illumination, luminous haze and mysterious coloured light. Shadows remain soft and dimensional while magical highlights appear unexpectedly throughout the scene. Enchanting, mysterious and beautiful, with a subtle sense that something impossible is happening. Gentle directional movement, softly displaced forms, subtle asymmetry and relaxed visual flow across the composition. Spectral cyan, pale aqua and icy white against midnight blue. One element is vastly larger than it could be, dwarfing everything around it."
241,0241_harvest_nightmarish_drift_blood_moon_material_transformation.jpg,halloween,harvest,nightmarish,drift,blood_moon,material_transformation,1936636060,previews/studio/halloween/0241_harvest_nightmarish_drift_blood_moon_material_transformation.jpg,wallpapers/studio/halloween/0241_harvest_nightmarish_drift_blood_moon_material_transformation.jpg,64386,ok,"A single striking Halloween artwork made as a mobile phone wallpaper. One extraordinary focal idea, composed as a scene rather than an arrangement of seasonal objects. Vertical 9:16 mobile wallpaper, full-bleed edge to edge composition. The upper region of the frame is open and unadorned — atmosphere, gradient falloff or empty depth, no detail and no focal point there. The principal subject sits in the lower two thirds, weighted below centre and placed off the vertical axis. Clear depth across three planes: near, middle and far. No text, no letterforms, no numerals, no signature, no watermark, no logo, no border and no frame. An enchanted late-autumn world overtaken by twisted vines, enormous pumpkins, ancient orchards, cornfields, wheat, gnarled wood and strange harvest monuments. Natural forms grow into impossible structures and creatures beneath enormous autumn moons. Rich, tactile and slightly threatening, balancing folk-horror mystery with spectacular seasonal beauty. Unnatural lighting, extreme scale, distorted depth and impossible shadows make the scene feel like a vivid nightmare. Familiar forms become subtly wrong and visual logic begins to break down. Intensely unsettling and surreal, sophisticated and visually spectacular. Gentle directional movement, softly displaced forms, subtle asymmetry and relaxed visual flow across the composition. Blood red, crimson and burnt orange against black. One substance becomes another mid-form: stone into smoke, water into glass, cloth into flame."
446,0446_gothic_nightmarish_drift_midnight_ancient_monument.jpg,halloween,gothic,nightmarish,drift,midnight,ancient_monument,635120727,previews/studio/halloween/0446_gothic_nightmarish_drift_midnight_ancient_monument.jpg,wallpapers/studio/halloween/0446_gothic_nightmarish_drift_midnight_ancient_monument.jpg,63949,ok,"A single striking Halloween artwork made as a mobile phone wallpaper. One extraordinary focal idea, composed as a scene rather than an arrangement of seasonal objects. Vertical 9:16 mobile wallpaper, full-bleed edge to edge composition. The upper region of the frame is open and unadorned — atmosphere, gradient falloff or empty depth, no detail and no focal point there. The principal subject sits in the lower two thirds, weighted below centre and placed off the vertical axis. Clear depth across three planes: near, middle and far. No text, no letterforms, no numerals, no signature, no watermark, no logo, no border and no frame. A monumental dark-romantic world of cathedrals, gargoyles, ruined abbeys, ironwork, ancient stone, enormous windows and impossible vertical architecture. Structures rise dramatically through mist and darkness, illuminated by moonlight, candles and supernatural glow. Ornate, decaying and breathtaking, beauty and menace in equal measure. Unnatural lighting, extreme scale, distorted depth and impossible shadows make the scene feel like a vivid nightmare. Familiar forms become subtly wrong and visual logic begins to break down. Intensely unsettling and surreal, sophisticated and visually spectacular. Gentle directional movement, softly displaced forms, subtle asymmetry and relaxed visual flow across the composition. Midnight blue, indigo and moon silver against near-black. A single colossal made object dominates, older than anything around it and built for a purpose nobody remembers."
28,0028_haunted_haunting_flow_ghostlight_living_architecture.jpg,halloween,haunted,haunting,flow,ghostlight,living_architecture,1330018128,previews/studio/halloween/0028_haunted_haunting_flow_ghostlight_living_architecture.jpg,wallpapers/studio/halloween/0028_haunted_haunting_flow_ghostlight_living_architecture.jpg,63838,ok,"A single striking Halloween artwork made as a mobile phone wallpaper. One extraordinary focal idea, composed as a scene rather than an arrangement of seasonal objects. Vertical 9:16 mobile wallpaper, full-bleed edge to edge composition. The upper region of the frame is open and unadorned — atmosphere, gradient falloff or empty depth, no detail and no focal point there. The principal subject sits in the lower two thirds, weighted below centre and placed off the vertical axis. Clear depth across three planes: near, middle and far. No text, no letterforms, no numerals, no signature, no watermark, no logo, no border and no frame. A vast supernatural environment of impossible haunted mansions, ruined castles, forgotten estates and ancient graveyards. Architecture feels alive and subtly wrong: impossible corridors, leaning towers, illuminated windows, monumental gates and structures disappearing into fog. Unseen inhabitants are suggested through distant lights, silhouettes and movement. Elegant gothic horror. Quiet, melancholy and deeply atmospheric. Diffused moonlight, pale illumination, long shadows, drifting fog and restrained contrast create the feeling of a place inhabited by memories or unseen presences. Beautiful first, unsettling second. Continuous sweeping movement, interconnected forms, graceful curves and clear directional pathways carrying the eye through the composition. Spectral cyan, pale aqua and icy white against midnight blue. Built structures behave like a creature: breathing, watching, reaching, or forming a silhouette that is almost a body."
242,0242_harvest_majestic_flow_blood_moon_unnatural_light.jpg,halloween,harvest,majestic,flow,blood_moon,unnatural_light,296104527,previews/studio/halloween/0242_harvest_majestic_flow_blood_moon_unnatural_light.jpg,wallpapers/studio/halloween/0242_harvest_majestic_flow_blood_moon_unnatural_light.jpg,64083,ok,"A single striking Halloween artwork made as a mobile phone wallpaper. One extraordinary focal idea, composed as a scene rather than an arrangement of seasonal objects. Vertical 9:16 mobile wallpaper, full-bleed edge to edge composition. The upper region of the frame is open and unadorned — atmosphere, gradient falloff or empty depth, no detail and no focal point there. The principal subject sits in the lower two thirds, weighted below centre and placed off the vertical axis. Clear depth across three planes: near, middle and far. No text, no letterforms, no numerals, no signature, no watermark, no logo, no border and no frame. An enchanted late-autumn world overtaken by twisted vines, enormous pumpkins, ancient orchards, cornfields, wheat, gnarled wood and strange harvest monuments. Natural forms grow into impossible structures and creatures beneath enormous autumn moons. Rich, tactile and slightly threatening, balancing folk-horror mystery with spectacular seasonal beauty. Grand cinematic illumination, monumental scale, deep dimensional contrast and radiant focal light. Darkness frames moments of extraordinary beauty and power. The scene inspires awe as much as fear, treating Halloween fantasy with the visual grandeur of an epic myth. Continuous sweeping movement, interconnected forms, graceful curves and clear directional pathways carrying the eye through the composition. Blood red, crimson and burnt orange against black. Light behaves impossibly: falling upward, casting the wrong shadow, glowing from within a solid, or illuminating only one thing."
447,0447_gothic_majestic_flow_midnight_endless_depth.jpg,halloween,gothic,majestic,flow,midnight,endless_depth,1142072841,previews/studio/halloween/0447_gothic_majestic_flow_midnight_endless_depth.jpg,wallpapers/studio/halloween/0447_gothic_majestic_flow_midnight_endless_depth.jpg,64638,ok,"A single striking Halloween artwork made as a mobile phone wallpaper. One extraordinary focal idea, composed as a scene rather than an arrangement of seasonal objects. Vertical 9:16 mobile wallpaper, full-bleed edge to edge composition. The upper region of the frame is open and unadorned — atmosphere, gradient falloff or empty depth, no detail and no focal point there. The principal subject sits in the lower two thirds, weighted below centre and placed off the vertical axis. Clear depth across three planes: near, middle and far. No text, no letterforms, no numerals, no signature, no watermark, no logo, no border and no frame. A monumental dark-romantic world of cathedrals, gargoyles, ruined abbeys, ironwork, ancient stone, enormous windows and impossible vertical architecture. Structures rise dramatically through mist and darkness, illuminated by moonlight, candles and supernatural glow. Ornate, decaying and breathtaking, beauty and menace in equal measure. Grand cinematic illumination, monumental scale, deep dimensional contrast and radiant focal light. Darkness frames moments of extraordinary beauty and power. The scene inspires awe as much as fear, treating Halloween fantasy with the visual grandeur of an epic myth. Continuous sweeping movement, interconnected forms, graceful curves and clear directional pathways carrying the eye through the composition. Midnight blue, indigo and moon silver against near-black. The scene recedes far past where it should end, plane behind plane into immeasurable distance."
29,0029_haunted_ominous_surge_ghostlight_beautiful_decay.jpg,halloween,haunted,ominous,surge,ghostlight,beautiful_decay,1836970242,previews/studio/halloween/0029_haunted_ominous_surge_ghostlight_beautiful_decay.jpg,wallpapers/studio/halloween/0029_haunted_ominous_surge_ghostlight_beautiful_decay.jpg,64787,ok,"A single striking Halloween artwork made as a mobile phone wallpaper. One extraordinary focal idea, composed as a scene rather than an arrangement of seasonal objects. Vertical 9:16 mobile wallpaper, full-bleed edge to edge composition. The upper region of the frame is open and unadorned — atmosphere, gradient falloff or empty depth, no detail and no focal point there. The principal subject sits in the lower two thirds, weighted below centre and placed off the vertical axis. Clear depth across three planes: near, middle and far. No text, no letterforms, no numerals, no signature, no watermark, no logo, no border and no frame. A vast supernatural environment of impossible haunted mansions, ruined castles, forgotten estates and ancient graveyards. Architecture feels alive and subtly wrong: impossible corridors, leaning towers, illuminated windows, monumental gates and structures disappearing into fog. Unseen inhabitants are suggested through distant lights, silhouettes and movement. Elegant gothic horror. Heavy darkness, approaching weather, deep directional shadows and isolated pools of illumination create mounting tension. The composition suggests that something enormous is about to happen without revealing exactly what it is. Forceful directional movement, strong diagonals, overlapping forms, dynamic scale changes and pronounced visual momentum. Spectral cyan, pale aqua and icy white against midnight blue. Ruin rendered as splendour: collapse, erosion and overgrowth arranged into something lovelier than the intact thing was."
243,0243_harvest_bewitched_surge_blood_moon_ancient_monument.jpg,halloween,harvest,bewitched,surge,blood_moon,ancient_monument,803056641,previews/studio/halloween/0243_harvest_bewitched_surge_blood_moon_ancient_monument.jpg,wallpapers/studio/halloween/0243_harvest_bewitched_surge_blood_moon_ancient_monument.jpg,64179,ok,"A single striking Halloween artwork made as a mobile phone wallpaper. One extraordinary focal idea, composed as a scene rather than an arrangement of seasonal objects. Vertical 9:16 mobile wallpaper, full-bleed edge to edge composition. The upper region of the frame is open and unadorned — atmosphere, gradient falloff or empty depth, no detail and no focal point there. The principal subject sits in the lower two thirds, weighted below centre and placed off the vertical axis. Clear depth across three planes: near, middle and far. No text, no letterforms, no numerals, no signature, no watermark, no logo, no border and no frame. An enchanted late-autumn world overtaken by twisted vines, enormous pumpkins, ancient orchards, cornfields, wheat, gnarled wood and strange harvest monuments. Natural forms grow into impossible structures and creatures beneath enormous autumn moons. Rich, tactile and slightly threatening, balancing folk-horror mystery with spectacular seasonal beauty. Seductive supernatural illumination, luminous haze and mysterious coloured light. Shadows remain soft and dimensional while magical highlights appear unexpectedly throughout the scene. Enchanting, mysterious and beautiful, with a subtle sense that something impossible is happening. Forceful directional movement, strong diagonals, overlapping forms, dynamic scale changes and pronounced visual momentum. Blood red, crimson and burnt orange against black. A single colossal made object dominates, older than anything around it and built for a purpose nobody remembers."
448,0448_gothic_majestic_drift_dead_forest_endless_depth.jpg,halloween,gothic,majestic,drift,dead_forest,endless_depth,1649024955,previews/studio/halloween/0448_gothic_majestic_drift_dead_forest_endless_depth.jpg,wallpapers/studio/halloween/0448_gothic_majestic_drift_dead_forest_endless_depth.jpg,64362,ok,"A single striking Halloween artwork made as a mobile phone wallpaper. One extraordinary focal idea, composed as a scene rather than an arrangement of seasonal objects. Vertical 9:16 mobile wallpaper, full-bleed edge to edge composition. The upper region of the frame is open and unadorned — atmosphere, gradient falloff or empty depth, no detail and no focal point there. The principal subject sits in the lower two thirds, weighted below centre and placed off the vertical axis. Clear depth across three planes: near, middle and far. No text, no letterforms, no numerals, no signature, no watermark, no logo, no border and no frame. A monumental dark-romantic world of cathedrals, gargoyles, ruined abbeys, ironwork, ancient stone, enormous windows and impossible vertical architecture. Structures rise dramatically through mist and darkness, illuminated by moonlight, candles and supernatural glow. Ornate, decaying and breathtaking, beauty and menace in equal measure. Grand cinematic illumination, monumental scale, deep dimensional contrast and radiant focal light. Darkness frames moments of extraordinary beauty and power. The scene inspires awe as much as fear, treating Halloween fantasy with the visual grandeur of an epic myth. Gentle directional movement, softly displaced forms, subtle asymmetry and relaxed visual flow across the composition. Umber, moss green and rust against smoky black. The scene recedes far past where it should end, plane behind plane into immeasurable distance."
30,0030_haunted_macabre_eruption_ghostlight_hidden_presence.jpg,halloween,haunted,macabre,eruption,ghostlight,hidden_presence,196438709,previews/studio/halloween/0030_haunted_macabre_eruption_ghostlight_hidden_presence.jpg,wallpapers/studio/halloween/0030_haunted_macabre_eruption_ghostlight_hidden_presence.jpg,64273,ok,"A single striking Halloween artwork made as a mobile phone wallpaper. One extraordinary focal idea, composed as a scene rather than an arrangement of seasonal objects. Vertical 9:16 mobile wallpaper, full-bleed edge to edge composition. The upper region of the frame is open and unadorned — atmosphere, gradient falloff or empty depth, no detail and no focal point there. The principal subject sits in the lower two thirds, weighted below centre and placed off the vertical axis. Clear depth across three planes: near, middle and far. No text, no letterforms, no numerals, no signature, no watermark, no logo, no border and no frame. A vast supernatural environment of impossible haunted mansions, ruined castles, forgotten estates and ancient graveyards. Architecture feels alive and subtly wrong: impossible corridors, leaning towers, illuminated windows, monumental gates and structures disappearing into fog. Unseen inhabitants are suggested through distant lights, silhouettes and movement. Elegant gothic horror. Elegant darkness with stronger mortality and decay: aged surfaces, skeletal forms, dead vegetation, ruined grandeur and stark chiaroscuro. Sophisticated gothic beauty, disturbing details used sparingly against richly rendered darkness. Explosive outward movement, fragmented forms, dramatic displacement, extreme scale variation and dense controlled complexity radiating through the composition. Spectral cyan, pale aqua and icy white against midnight blue. Something enormous is barely perceptible within the scene, read only as a shape in the mist, the stone or the shadow."
244,0244_harvest_haunting_eruption_blood_moon_endless_depth.jpg,halloween,harvest,haunting,eruption,blood_moon,endless_depth,1310008755,previews/studio/halloween/0244_harvest_haunting_eruption_blood_moon_endless_depth.jpg,wallpapers/studio/halloween/0244_harvest_haunting_eruption_blood_moon_endless_depth.jpg,63919,ok,"A single striking Halloween artwork made as a mobile phone wallpaper. One extraordinary focal idea, composed as a scene rather than an arrangement of seasonal objects. Vertical 9:16 mobile wallpaper, full-bleed edge to edge composition. The upper region of the frame is open and unadorned — atmosphere, gradient falloff or empty depth, no detail and no focal point there. The principal subject sits in the lower two thirds, weighted below centre and placed off the vertical axis. Clear depth across three planes: near, middle and far. No text, no letterforms, no numerals, no signature, no watermark, no logo, no border and no frame. An enchanted late-autumn world overtaken by twisted vines, enormous pumpkins, ancient orchards, cornfields, wheat, gnarled wood and strange harvest monuments. Natural forms grow into impossible structures and creatures beneath enormous autumn moons. Rich, tactile and slightly threatening, balancing folk-horror mystery with spectacular seasonal beauty. Quiet, melancholy and deeply atmospheric. Diffused moonlight, pale illumination, long shadows, drifting fog and restrained contrast create the feeling of a place inhabited by memories or unseen presences. Beautiful first, unsettling second. Explosive outward movement, fragmented forms, dramatic displacement, extreme scale variation and dense controlled complexity radiating through the composition. Blood red, crimson and burnt orange against black. The scene recedes far past where it should end, plane behind plane into immeasurable distance."
449,0449_gothic_bewitched_flow_dead_forest_emerging_form.jpg,halloween,gothic,bewitched,flow,dead_forest,emerging_form,8493422,previews/studio/halloween/0449_gothic_bewitched_flow_dead_forest_emerging_form.jpg,wallpapers/studio/halloween/0449_gothic_bewitched_flow_dead_forest_emerging_form.jpg,64044,ok,"A single striking Halloween artwork made as a mobile phone wallpaper. One extraordinary focal idea, composed as a scene rather than an arrangement of seasonal objects. Vertical 9:16 mobile wallpaper, full-bleed edge to edge composition. The upper region of the frame is open and unadorned — atmosphere, gradient falloff or empty depth, no detail and no focal point there. The principal subject sits in the lower two thirds, weighted below centre and placed off the vertical axis. Clear depth across three planes: near, middle and far. No text, no letterforms, no numerals, no signature, no watermark, no logo, no border and no frame. A monumental dark-romantic world of cathedrals, gargoyles, ruined abbeys, ironwork, ancient stone, enormous windows and impossible vertical architecture. Structures rise dramatically through mist and darkness, illuminated by moonlight, candles and supernatural glow. Ornate, decaying and breathtaking, beauty and menace in equal measure. Seductive supernatural illumination, luminous haze and mysterious coloured light. Shadows remain soft and dimensional while magical highlights appear unexpectedly throughout the scene. Enchanting, mysterious and beautiful, with a subtle sense that something impossible is happening. Continuous sweeping movement, interconnected forms, graceful curves and clear directional pathways carrying the eye through the composition. Umber, moss green and rust against smoky black. A shape is resolving out of the environment itself, half-formed and still becoming."
31,0031_haunted_nightmarish_stillness_ghostlight_material_transformation.jpg,halloween,haunted,nightmarish,stillness,ghostlight,material_transformation,703390823,previews/studio/halloween/0031_haunted_nightmarish_stillness_ghostlight_material_transformation.jpg,wallpapers/studio/halloween/0031_haunted_nightmarish_stillness_ghostlight_material_transformation.jpg,63873,ok,"A single striking Halloween artwork made as a mobile phone wallpaper. One extraordinary focal idea, composed as a scene rather than an arrangement of seasonal objects. Vertical 9:16 mobile wallpaper, full-bleed edge to edge composition. The upper region of the frame is open and unadorned — atmosphere, gradient falloff or empty depth, no detail and no focal point there. The principal subject sits in the lower two thirds, weighted below centre and placed off the vertical axis. Clear depth across three planes: near, middle and far. No text, no letterforms, no numerals, no signature, no watermark, no logo, no border and no frame. A vast supernatural environment of impossible haunted mansions, ruined castles, forgotten estates and ancient graveyards. Architecture feels alive and subtly wrong: impossible corridors, leaning towers, illuminated windows, monumental gates and structures disappearing into fog. Unseen inhabitants are suggested through distant lights, silhouettes and movement. Elegant gothic horror. Unnatural lighting, extreme scale, distorted depth and impossible shadows make the scene feel like a vivid nightmare. Familiar forms become subtly wrong and visual logic begins to break down. Intensely unsettling and surreal, sophisticated and visually spectacular. Centered, balanced composition with generous negative space, minimal directional movement, simple large forms and a strong sense of visual stability. Spectral cyan, pale aqua and icy white against midnight blue. One substance becomes another mid-form: stone into smoke, water into glass, cloth into flame."
245,0245_harvest_ominous_stillness_blood_moon_emerging_form.jpg,halloween,harvest,ominous,stillness,blood_moon,emerging_form,1816960869,previews/studio/halloween/0245_harvest_ominous_stillness_blood_moon_emerging_form.jpg,wallpapers/studio/halloween/0245_harvest_ominous_stillness_blood_moon_emerging_form.jpg,64523,ok,"A single striking Halloween artwork made as a mobile phone wallpaper. One extraordinary focal idea, composed as a scene rather than an arrangement of seasonal objects. Vertical 9:16 mobile wallpaper, full-bleed edge to edge composition. The upper region of the frame is open and unadorned — atmosphere, gradient falloff or empty depth, no detail and no focal point there. The principal subject sits in the lower two thirds, weighted below centre and placed off the vertical axis. Clear depth across three planes: near, middle and far. No text, no letterforms, no numerals, no signature, no watermark, no logo, no border and no frame. An enchanted late-autumn world overtaken by twisted vines, enormous pumpkins, ancient orchards, cornfields, wheat, gnarled wood and strange harvest monuments. Natural forms grow into impossible structures and creatures beneath enormous autumn moons. Rich, tactile and slightly threatening, balancing folk-horror mystery with spectacular seasonal beauty. Heavy darkness, approaching weather, deep directional shadows and isolated pools of illumination create mounting tension. The composition suggests that something enormous is about to happen without revealing exactly what it is. Centered, balanced composition with generous negative space, minimal directional movement, simple large forms and a strong sense of visual stability. Blood red, crimson and burnt orange against black. A shape is resolving out of the environment itself, half-formed and still becoming."
450,0450_gothic_haunting_surge_dead_forest_impossible_weather.jpg,halloween,gothic,haunting,surge,dead_forest,impossible_weather,515445536,previews/studio/halloween/0450_gothic_haunting_surge_dead_forest_impossible_weather.jpg,wallpapers/studio/halloween/0450_gothic_haunting_surge_dead_forest_impossible_weather.jpg,64422,ok,"A single striking Halloween artwork made as a mobile phone wallpaper. One extraordinary focal idea, composed as a scene rather than an arrangement of seasonal objects. Vertical 9:16 mobile wallpaper, full-bleed edge to edge composition. The upper region of the frame is open and unadorned — atmosphere, gradient falloff or empty depth, no detail and no focal point there. The principal subject sits in the lower two thirds, weighted below centre and placed off the vertical axis. Clear depth across three planes: near, middle and far. No text, no letterforms, no numerals, no signature, no watermark, no logo, no border and no frame. A monumental dark-romantic world of cathedrals, gargoyles, ruined abbeys, ironwork, ancient stone, enormous windows and impossible vertical architecture. Structures rise dramatically through mist and darkness, illuminated by moonlight, candles and supernatural glow. Ornate, decaying and breathtaking, beauty and menace in equal measure. Quiet, melancholy and deeply atmospheric. Diffused moonlight, pale illumination, long shadows, drifting fog and restrained contrast create the feeling of a place inhabited by memories or unseen presences. Beautiful first, unsettling second. Forceful directional movement, strong diagonals, overlapping forms, dynamic scale changes and pronounced visual momentum. Umber, moss green and rust against smoky black. The atmosphere does something it could not: falling upward, standing still, burning, or moving as one body."
32,0032_haunted_nightmarish_eruption_poison_material_transformation.jpg,halloween,haunted,nightmarish,eruption,poison,material_transformation,1210342937,previews/studio/halloween/0032_haunted_nightmarish_eruption_poison_material_transformation.jpg,wallpapers/studio/halloween/0032_haunted_nightmarish_eruption_poison_material_transformation.jpg,64050,ok,"A single striking Halloween artwork made as a mobile phone wallpaper. One extraordinary focal idea, composed as a scene rather than an arrangement of seasonal objects. Vertical 9:16 mobile wallpaper, full-bleed edge to edge composition. The upper region of the frame is open and unadorned — atmosphere, gradient falloff or empty depth, no detail and no focal point there. The principal subject sits in the lower two thirds, weighted below centre and placed off the vertical axis. Clear depth across three planes: near, middle and far. No text, no letterforms, no numerals, no signature, no watermark, no logo, no border and no frame. A vast supernatural environment of impossible haunted mansions, ruined castles, forgotten estates and ancient graveyards. Architecture feels alive and subtly wrong: impossible corridors, leaning towers, illuminated windows, monumental gates and structures disappearing into fog. Unseen inhabitants are suggested through distant lights, silhouettes and movement. Elegant gothic horror. Unnatural lighting, extreme scale, distorted depth and impossible shadows make the scene feel like a vivid nightmare. Familiar forms become subtly wrong and visual logic begins to break down. Intensely unsettling and surreal, sophisticated and visually spectacular. Explosive outward movement, fragmented forms, dramatic displacement, extreme scale variation and dense controlled complexity radiating through the composition. Acid green, emerald and chartreuse against black. One substance becomes another mid-form: stone into smoke, water into glass, cloth into flame."
246,0246_harvest_macabre_drift_blood_moon_impossible_weather.jpg,halloween,harvest,macabre,drift,blood_moon,impossible_weather,176429336,previews/studio/halloween/0246_harvest_macabre_drift_blood_moon_impossible_weather.jpg,wallpapers/studio/halloween/0246_harvest_macabre_drift_blood_moon_impossible_weather.jpg,64940,ok,"A single striking Halloween artwork made as a mobile phone wallpaper. One extraordinary focal idea, composed as a scene rather than an arrangement of seasonal objects. Vertical 9:16 mobile wallpaper, full-bleed edge to edge composition. The upper region of the frame is open and unadorned — atmosphere, gradient falloff or empty depth, no detail and no focal point there. The principal subject sits in the lower two thirds, weighted below centre and placed off the vertical axis. Clear depth across three planes: near, middle and far. No text, no letterforms, no numerals, no signature, no watermark, no logo, no border and no frame. An enchanted late-autumn world overtaken by twisted vines, enormous pumpkins, ancient orchards, cornfields, wheat, gnarled wood and strange harvest monuments. Natural forms grow into impossible structures and creatures beneath enormous autumn moons. Rich, tactile and slightly threatening, balancing folk-horror mystery with spectacular seasonal beauty. Elegant darkness with stronger mortality and decay: aged surfaces, skeletal forms, dead vegetation, ruined grandeur and stark chiaroscuro. Sophisticated gothic beauty, disturbing details used sparingly against richly rendered darkness. Gentle directional movement, softly displaced forms, subtle asymmetry and relaxed visual flow across the composition. Blood red, crimson and burnt orange against black. The atmosphere does something it could not: falling upward, standing still, burning, or moving as one body."
451,0451_gothic_ominous_eruption_dead_forest_organic_geometry.jpg,halloween,gothic,ominous,eruption,dead_forest,organic_geometry,1022397650,previews/studio/halloween/0451_gothic_ominous_eruption_dead_forest_organic_geometry.jpg,wallpapers/studio/halloween/0451_gothic_ominous_eruption_dead_forest_organic_geometry.jpg,64344,ok,"A single striking Halloween artwork made as a mobile phone wallpaper. One extraordinary focal idea, composed as a scene rather than an arrangement of seasonal objects. Vertical 9:16 mobile wallpaper, full-bleed edge to edge composition. The upper region of the frame is open and unadorned — atmosphere, gradient falloff or empty depth, no detail and no focal point there. The principal subject sits in the lower two thirds, weighted below centre and placed off the vertical axis. Clear depth across three planes: near, middle and far. No text, no letterforms, no numerals, no signature, no watermark, no logo, no border and no frame. A monumental dark-romantic world of cathedrals, gargoyles, ruined abbeys, ironwork, ancient stone, enormous windows and impossible vertical architecture. Structures rise dramatically through mist and darkness, illuminated by moonlight, candles and supernatural glow. Ornate, decaying and breathtaking, beauty and menace in equal measure. Heavy darkness, approaching weather, deep directional shadows and isolated pools of illumination create mounting tension. The composition suggests that something enormous is about to happen without revealing exactly what it is. Explosive outward movement, fragmented forms, dramatic displacement, extreme scale variation and dense controlled complexity radiating through the composition. Umber, moss green and rust against smoky black. Living forms arranged into exact geometry, or geometry grown the way a plant grows."
33,0033_haunted_majestic_stillness_poison_unnatural_light.jpg,halloween,haunted,majestic,stillness,poison,unnatural_light,1717295051,previews/studio/halloween/0033_haunted_majestic_stillness_poison_unnatural_light.jpg,wallpapers/studio/halloween/0033_haunted_majestic_stillness_poison_unnatural_light.jpg,63709,ok,"A single striking Halloween artwork made as a mobile phone wallpaper. One extraordinary focal idea, composed as a scene rather than an arrangement of seasonal objects. Vertical 9:16 mobile wallpaper, full-bleed edge to edge composition. The upper region of the frame is open and unadorned — atmosphere, gradient falloff or empty depth, no detail and no focal point there. The principal subject sits in the lower two thirds, weighted below centre and placed off the vertical axis. Clear depth across three planes: near, middle and far. No text, no letterforms, no numerals, no signature, no watermark, no logo, no border and no frame. A vast supernatural environment of impossible haunted mansions, ruined castles, forgotten estates and ancient graveyards. Architecture feels alive and subtly wrong: impossible corridors, leaning towers, illuminated windows, monumental gates and structures disappearing into fog. Unseen inhabitants are suggested through distant lights, silhouettes and movement. Elegant gothic horror. Grand cinematic illumination, monumental scale, deep dimensional contrast and radiant focal light. Darkness frames moments of extraordinary beauty and power. The scene inspires awe as much as fear, treating Halloween fantasy with the visual grandeur of an epic myth. Centered, balanced composition with generous negative space, minimal directional movement, simple large forms and a strong sense of visual stability. Acid green, emerald and chartreuse against black. Light behaves impossibly: falling upward, casting the wrong shadow, glowing from within a solid, or illuminating only one thing."
247,0247_harvest_nightmarish_flow_blood_moon_organic_geometry.jpg,halloween,harvest,nightmarish,flow,blood_moon,organic_geometry,683381450,previews/studio/halloween/0247_harvest_nightmarish_flow_blood_moon_organic_geometry.jpg,wallpapers/studio/halloween/0247_harvest_nightmarish_flow_blood_moon_organic_geometry.jpg,65774,ok,"A single striking Halloween artwork made as a mobile phone wallpaper. One extraordinary focal idea, composed as a scene rather than an arrangement of seasonal objects. Vertical 9:16 mobile wallpaper, full-bleed edge to edge composition. The upper region of the frame is open and unadorned — atmosphere, gradient falloff or empty depth, no detail and no focal point there. The principal subject sits in the lower two thirds, weighted below centre and placed off the vertical axis. Clear depth across three planes: near, middle and far. No text, no letterforms, no numerals, no signature, no watermark, no logo, no border and no frame. An enchanted late-autumn world overtaken by twisted vines, enormous pumpkins, ancient orchards, cornfields, wheat, gnarled wood and strange harvest monuments. Natural forms grow into impossible structures and creatures beneath enormous autumn moons. Rich, tactile and slightly threatening, balancing folk-horror mystery with spectacular seasonal beauty. Unnatural lighting, extreme scale, distorted depth and impossible shadows make the scene feel like a vivid nightmare. Familiar forms become subtly wrong and visual logic begins to break down. Intensely unsettling and surreal, sophisticated and visually spectacular. Continuous sweeping movement, interconnected forms, graceful curves and clear directional pathways carrying the eye through the composition. Blood red, crimson and burnt orange against black. Living forms arranged into exact geometry, or geometry grown the way a plant grows."
452,0452_gothic_macabre_stillness_dead_forest_something_watching.jpg,halloween,gothic,macabre,stillness,dead_forest,something_watching,1529349764,previews/studio/halloween/0452_gothic_macabre_stillness_dead_forest_something_watching.jpg,wallpapers/studio/halloween/0452_gothic_macabre_stillness_dead_forest_something_watching.jpg,64711,ok,"A single striking Halloween artwork made as a mobile phone wallpaper. One extraordinary focal idea, composed as a scene rather than an arrangement of seasonal objects. Vertical 9:16 mobile wallpaper, full-bleed edge to edge composition. The upper region of the frame is open and unadorned — atmosphere, gradient falloff or empty depth, no detail and no focal point there. The principal subject sits in the lower two thirds, weighted below centre and placed off the vertical axis. Clear depth across three planes: near, middle and far. No text, no letterforms, no numerals, no signature, no watermark, no logo, no border and no frame. A monumental dark-romantic world of cathedrals, gargoyles, ruined abbeys, ironwork, ancient stone, enormous windows and impossible vertical architecture. Structures rise dramatically through mist and darkness, illuminated by moonlight, candles and supernatural glow. Ornate, decaying and breathtaking, beauty and menace in equal measure. Elegant darkness with stronger mortality and decay: aged surfaces, skeletal forms, dead vegetation, ruined grandeur and stark chiaroscuro. Sophisticated gothic beauty, disturbing details used sparingly against richly rendered darkness. Centered, balanced composition with generous negative space, minimal directional movement, simple large forms and a strong sense of visual stability. Umber, moss green and rust against smoky black. The composition is arranged around an unseen observer, and the scene knows it is being looked at."
34,0034_haunted_bewitched_drift_poison_ancient_monument.jpg,halloween,haunted,bewitched,drift,poison,ancient_monument,76763518,previews/studio/halloween/0034_haunted_bewitched_drift_poison_ancient_monument.jpg,wallpapers/studio/halloween/0034_haunted_bewitched_drift_poison_ancient_monument.jpg,64756,ok,"A single striking Halloween artwork made as a mobile phone wallpaper. One extraordinary focal idea, composed as a scene rather than an arrangement of seasonal objects. Vertical 9:16 mobile wallpaper, full-bleed edge to edge composition. The upper region of the frame is open and unadorned — atmosphere, gradient falloff or empty depth, no detail and no focal point there. The principal subject sits in the lower two thirds, weighted below centre and placed off the vertical axis. Clear depth across three planes: near, middle and far. No text, no letterforms, no numerals, no signature, no watermark, no logo, no border and no frame. A vast supernatural environment of impossible haunted mansions, ruined castles, forgotten estates and ancient graveyards. Architecture feels alive and subtly wrong: impossible corridors, leaning towers, illuminated windows, monumental gates and structures disappearing into fog. Unseen inhabitants are suggested through distant lights, silhouettes and movement. Elegant gothic horror. Seductive supernatural illumination, luminous haze and mysterious coloured light. Shadows remain soft and dimensional while magical highlights appear unexpectedly throughout the scene. Enchanting, mysterious and beautiful, with a subtle sense that something impossible is happening. Gentle directional movement, softly displaced forms, subtle asymmetry and relaxed visual flow across the composition. Acid green, emerald and chartreuse against black. A single colossal made object dominates, older than anything around it and built for a purpose nobody remembers."
248,0248_harvest_nightmarish_drift_pumpkin_fire_organic_geometry.jpg,halloween,harvest,nightmarish,drift,pumpkin_fire,organic_geometry,1190333564,previews/studio/halloween/0248_harvest_nightmarish_drift_pumpkin_fire_organic_geometry.jpg,wallpapers/studio/halloween/0248_harvest_nightmarish_drift_pumpkin_fire_organic_geometry.jpg,64361,ok,"A single striking Halloween artwork made as a mobile phone wallpaper. One extraordinary focal idea, composed as a scene rather than an arrangement of seasonal objects. Vertical 9:16 mobile wallpaper, full-bleed edge to edge composition. The upper region of the frame is open and unadorned — atmosphere, gradient falloff or empty depth, no detail and no focal point there. The principal subject sits in the lower two thirds, weighted below centre and placed off the vertical axis. Clear depth across three planes: near, middle and far. No text, no letterforms, no numerals, no signature, no watermark, no logo, no border and no frame. An enchanted late-autumn world overtaken by twisted vines, enormous pumpkins, ancient orchards, cornfields, wheat, gnarled wood and strange harvest monuments. Natural forms grow into impossible structures and creatures beneath enormous autumn moons. Rich, tactile and slightly threatening, balancing folk-horror mystery with spectacular seasonal beauty. Unnatural lighting, extreme scale, distorted depth and impossible shadows make the scene feel like a vivid nightmare. Familiar forms become subtly wrong and visual logic begins to break down. Intensely unsettling and surreal, sophisticated and visually spectacular. Gentle directional movement, softly displaced forms, subtle asymmetry and relaxed visual flow across the composition. Pumpkin orange, amber and copper against deep umber. Living forms arranged into exact geometry, or geometry grown the way a plant grows."
453,0453_gothic_nightmarish_drift_dead_forest_impossible_scale.jpg,halloween,gothic,nightmarish,drift,dead_forest,impossible_scale,2036301878,previews/studio/halloween/0453_gothic_nightmarish_drift_dead_forest_impossible_scale.jpg,wallpapers/studio/halloween/0453_gothic_nightmarish_drift_dead_forest_impossible_scale.jpg,65200,ok,"A single striking Halloween artwork made as a mobile phone wallpaper. One extraordinary focal idea, composed as a scene rather than an arrangement of seasonal objects. Vertical 9:16 mobile wallpaper, full-bleed edge to edge composition. The upper region of the frame is open and unadorned — atmosphere, gradient falloff or empty depth, no detail and no focal point there. The principal subject sits in the lower two thirds, weighted below centre and placed off the vertical axis. Clear depth across three planes: near, middle and far. No text, no letterforms, no numerals, no signature, no watermark, no logo, no border and no frame. A monumental dark-romantic world of cathedrals, gargoyles, ruined abbeys, ironwork, ancient stone, enormous windows and impossible vertical architecture. Structures rise dramatically through mist and darkness, illuminated by moonlight, candles and supernatural glow. Ornate, decaying and breathtaking, beauty and menace in equal measure. Unnatural lighting, extreme scale, distorted depth and impossible shadows make the scene feel like a vivid nightmare. Familiar forms become subtly wrong and visual logic begins to break down. Intensely unsettling and surreal, sophisticated and visually spectacular. Gentle directional movement, softly displaced forms, subtle asymmetry and relaxed visual flow across the composition. Umber, moss green and rust against smoky black. One element is vastly larger than it could be, dwarfing everything around it."
35,0035_haunted_haunting_flow_poison_endless_depth.jpg,halloween,haunted,haunting,flow,poison,endless_depth,583715632,previews/studio/halloween/0035_haunted_haunting_flow_poison_endless_depth.jpg,wallpapers/studio/halloween/0035_haunted_haunting_flow_poison_endless_depth.jpg,64093,ok,"A single striking Halloween artwork made as a mobile phone wallpaper. One extraordinary focal idea, composed as a scene rather than an arrangement of seasonal objects. Vertical 9:16 mobile wallpaper, full-bleed edge to edge composition. The upper region of the frame is open and unadorned — atmosphere, gradient falloff or empty depth, no detail and no focal point there. The principal subject sits in the lower two thirds, weighted below centre and placed off the vertical axis. Clear depth across three planes: near, middle and far. No text, no letterforms, no numerals, no signature, no watermark, no logo, no border and no frame. A vast supernatural environment of impossible haunted mansions, ruined castles, forgotten estates and ancient graveyards. Architecture feels alive and subtly wrong: impossible corridors, leaning towers, illuminated windows, monumental gates and structures disappearing into fog. Unseen inhabitants are suggested through distant lights, silhouettes and movement. Elegant gothic horror. Quiet, melancholy and deeply atmospheric. Diffused moonlight, pale illumination, long shadows, drifting fog and restrained contrast create the feeling of a place inhabited by memories or unseen presences. Beautiful first, unsettling second. Continuous sweeping movement, interconnected forms, graceful curves and clear directional pathways carrying the eye through the composition. Acid green, emerald and chartreuse against black. The scene recedes far past where it should end, plane behind plane into immeasurable distance."
249,0249_harvest_majestic_flow_pumpkin_fire_something_watching.jpg,halloween,harvest,majestic,flow,pumpkin_fire,something_watching,1697285678,previews/studio/halloween/0249_harvest_majestic_flow_pumpkin_fire_something_watching.jpg,wallpapers/studio/halloween/0249_harvest_majestic_flow_pumpkin_fire_something_watching.jpg,63934,ok,"A single striking Halloween artwork made as a mobile phone wallpaper. One extraordinary focal idea, composed as a scene rather than an arrangement of seasonal objects. Vertical 9:16 mobile wallpaper, full-bleed edge to edge composition. The upper region of the frame is open and unadorned — atmosphere, gradient falloff or empty depth, no detail and no focal point there. The principal subject sits in the lower two thirds, weighted below centre and placed off the vertical axis. Clear depth across three planes: near, middle and far. No text, no letterforms, no numerals, no signature, no watermark, no logo, no border and no frame. An enchanted late-autumn world overtaken by twisted vines, enormous pumpkins, ancient orchards, cornfields, wheat, gnarled wood and strange harvest monuments. Natural forms grow into impossible structures and creatures beneath enormous autumn moons. Rich, tactile and slightly threatening, balancing folk-horror mystery with spectacular seasonal beauty. Grand cinematic illumination, monumental scale, deep dimensional contrast and radiant focal light. Darkness frames moments of extraordinary beauty and power. The scene inspires awe as much as fear, treating Halloween fantasy with the visual grandeur of an epic myth. Continuous sweeping movement, interconnected forms, graceful curves and clear directional pathways carrying the eye through the composition. Pumpkin orange, amber and copper against deep umber. The composition is arranged around an unseen observer, and the scene knows it is being looked at."
454,0454_gothic_majestic_flow_dead_forest_living_architecture.jpg,halloween,gothic,majestic,flow,dead_forest,living_architecture,395770345,previews/studio/halloween/0454_gothic_majestic_flow_dead_forest_living_architecture.jpg,wallpapers/studio/halloween/0454_gothic_majestic_flow_dead_forest_living_architecture.jpg,63469,ok,"A single striking Halloween artwork made as a mobile phone wallpaper. One extraordinary focal idea, composed as a scene rather than an arrangement of seasonal objects. Vertical 9:16 mobile wallpaper, full-bleed edge to edge composition. The upper region of the frame is open and unadorned — atmosphere, gradient falloff or empty depth, no detail and no focal point there. The principal subject sits in the lower two thirds, weighted below centre and placed off the vertical axis. Clear depth across three planes: near, middle and far. No text, no letterforms, no numerals, no signature, no watermark, no logo, no border and no frame. A monumental dark-romantic world of cathedrals, gargoyles, ruined abbeys, ironwork, ancient stone, enormous windows and impossible vertical architecture. Structures rise dramatically through mist and darkness, illuminated by moonlight, candles and supernatural glow. Ornate, decaying and breathtaking, beauty and menace in equal measure. Grand cinematic illumination, monumental scale, deep dimensional contrast and radiant focal light. Darkness frames moments of extraordinary beauty and power. The scene inspires awe as much as fear, treating Halloween fantasy with the visual grandeur of an epic myth. Continuous sweeping movement, interconnected forms, graceful curves and clear directional pathways carrying the eye through the composition. Umber, moss green and rust against smoky black. Built structures behave like a creature: breathing, watching, reaching, or forming a silhouette that is almost a body."
36,0036_haunted_ominous_surge_poison_emerging_form.jpg,halloween,haunted,ominous,surge,poison,emerging_form,1090667746,previews/studio/halloween/0036_haunted_ominous_surge_poison_emerging_form.jpg,wallpapers/studio/halloween/0036_haunted_ominous_surge_poison_emerging_form.jpg,63962,ok,"A single striking Halloween artwork made as a mobile phone wallpaper. One extraordinary focal idea, composed as a scene rather than an arrangement of seasonal objects. Vertical 9:16 mobile wallpaper, full-bleed edge to edge composition. The upper region of the frame is open and unadorned — atmosphere, gradient falloff or empty depth, no detail and no focal point there. The principal subject sits in the lower two thirds, weighted below centre and placed off the vertical axis. Clear depth across three planes: near, middle and far. No text, no letterforms, no numerals, no signature, no watermark, no logo, no border and no frame. A vast supernatural environment of impossible haunted mansions, ruined castles, forgotten estates and ancient graveyards. Architecture feels alive and subtly wrong: impossible corridors, leaning towers, illuminated windows, monumental gates and structures disappearing into fog. Unseen inhabitants are suggested through distant lights, silhouettes and movement. Elegant gothic horror. Heavy darkness, approaching weather, deep directional shadows and isolated pools of illumination create mounting tension. The composition suggests that something enormous is about to happen without revealing exactly what it is. Forceful directional movement, strong diagonals, overlapping forms, dynamic scale changes and pronounced visual momentum. Acid green, emerald and chartreuse against black. A shape is resolving out of the environment itself, half-formed and still becoming."
250,0250_harvest_bewitched_surge_pumpkin_fire_impossible_scale.jpg,halloween,harvest,bewitched,surge,pumpkin_fire,impossible_scale,56754145,previews/studio/halloween/0250_harvest_bewitched_surge_pumpkin_fire_impossible_scale.jpg,wallpapers/studio/halloween/0250_harvest_bewitched_surge_pumpkin_fire_impossible_scale.jpg,64160,ok,"A single striking Halloween artwork made as a mobile phone wallpaper. One extraordinary focal idea, composed as a scene rather than an arrangement of seasonal objects. Vertical 9:16 mobile wallpaper, full-bleed edge to edge composition. The upper region of the frame is open and unadorned — atmosphere, gradient falloff or empty depth, no detail and no focal point there. The principal subject sits in the lower two thirds, weighted below centre and placed off the vertical axis. Clear depth across three planes: near, middle and far. No text, no letterforms, no numerals, no signature, no watermark, no logo, no border and no frame. An enchanted late-autumn world overtaken by twisted vines, enormous pumpkins, ancient orchards, cornfields, wheat, gnarled wood and strange harvest monuments. Natural forms grow into impossible structures and creatures beneath enormous autumn moons. Rich, tactile and slightly threatening, balancing folk-horror mystery with spectacular seasonal beauty. Seductive supernatural illumination, luminous haze and mysterious coloured light. Shadows remain soft and dimensional while magical highlights appear unexpectedly throughout the scene. Enchanting, mysterious and beautiful, with a subtle sense that something impossible is happening. Forceful directional movement, strong diagonals, overlapping forms, dynamic scale changes and pronounced visual momentum. Pumpkin orange, amber and copper against deep umber. One element is vastly larger than it could be, dwarfing everything around it."
455,0455_gothic_bewitched_surge_dead_forest_beautiful_decay.jpg,halloween,gothic,bewitched,surge,dead_forest,beautiful_decay,902722459,previews/studio/halloween/0455_gothic_bewitched_surge_dead_forest_beautiful_decay.jpg,wallpapers/studio/halloween/0455_gothic_bewitched_surge_dead_forest_beautiful_decay.jpg,63530,ok,"A single striking Halloween artwork made as a mobile phone wallpaper. One extraordinary focal idea, composed as a scene rather than an arrangement of seasonal objects. Vertical 9:16 mobile wallpaper, full-bleed edge to edge composition. The upper region of the frame is open and unadorned — atmosphere, gradient falloff or empty depth, no detail and no focal point there. The principal subject sits in the lower two thirds, weighted below centre and placed off the vertical axis. Clear depth across three planes: near, middle and far. No text, no letterforms, no numerals, no signature, no watermark, no logo, no border and no frame. A monumental dark-romantic world of cathedrals, gargoyles, ruined abbeys, ironwork, ancient stone, enormous windows and impossible vertical architecture. Structures rise dramatically through mist and darkness, illuminated by moonlight, candles and supernatural glow. Ornate, decaying and breathtaking, beauty and menace in equal measure. Seductive supernatural illumination, luminous haze and mysterious coloured light. Shadows remain soft and dimensional while magical highlights appear unexpectedly throughout the scene. Enchanting, mysterious and beautiful, with a subtle sense that something impossible is happening. Forceful directional movement, strong diagonals, overlapping forms, dynamic scale changes and pronounced visual momentum. Umber, moss green and rust against smoky black. Ruin rendered as splendour: collapse, erosion and overgrowth arranged into something lovelier than the intact thing was."
37,0037_haunted_macabre_eruption_poison_impossible_weather.jpg,halloween,haunted,macabre,eruption,poison,impossible_weather,1597619860,previews/studio/halloween/0037_haunted_macabre_eruption_poison_impossible_weather.jpg,wallpapers/studio/halloween/0037_haunted_macabre_eruption_poison_impossible_weather.jpg,63659,ok,"A single striking Halloween artwork made as a mobile phone wallpaper. One extraordinary focal idea, composed as a scene rather than an arrangement of seasonal objects. Vertical 9:16 mobile wallpaper, full-bleed edge to edge composition. The upper region of the frame is open and unadorned — atmosphere, gradient falloff or empty depth, no detail and no focal point there. The principal subject sits in the lower two thirds, weighted below centre and placed off the vertical axis. Clear depth across three planes: near, middle and far. No text, no letterforms, no numerals, no signature, no watermark, no logo, no border and no frame. A vast supernatural environment of impossible haunted mansions, ruined castles, forgotten estates and ancient graveyards. Architecture feels alive and subtly wrong: impossible corridors, leaning towers, illuminated windows, monumental gates and structures disappearing into fog. Unseen inhabitants are suggested through distant lights, silhouettes and movement. Elegant gothic horror. Elegant darkness with stronger mortality and decay: aged surfaces, skeletal forms, dead vegetation, ruined grandeur and stark chiaroscuro. Sophisticated gothic beauty, disturbing details used sparingly against richly rendered darkness. Explosive outward movement, fragmented forms, dramatic displacement, extreme scale variation and dense controlled complexity radiating through the composition. Acid green, emerald and chartreuse against black. The atmosphere does something it could not: falling upward, standing still, burning, or moving as one body."
251,0251_harvest_haunting_eruption_pumpkin_fire_living_architecture.jpg,halloween,harvest,haunting,eruption,pumpkin_fire,living_architecture,563706259,previews/studio/halloween/0251_harvest_haunting_eruption_pumpkin_fire_living_architecture.jpg,wallpapers/studio/halloween/0251_harvest_haunting_eruption_pumpkin_fire_living_architecture.jpg,64263,ok,"A single striking Halloween artwork made as a mobile phone wallpaper. One extraordinary focal idea, composed as a scene rather than an arrangement of seasonal objects. Vertical 9:16 mobile wallpaper, full-bleed edge to edge composition. The upper region of the frame is open and unadorned — atmosphere, gradient falloff or empty depth, no detail and no focal point there. The principal subject sits in the lower two thirds, weighted below centre and placed off the vertical axis. Clear depth across three planes: near, middle and far. No text, no letterforms, no numerals, no signature, no watermark, no logo, no border and no frame. An enchanted late-autumn world overtaken by twisted vines, enormous pumpkins, ancient orchards, cornfields, wheat, gnarled wood and strange harvest monuments. Natural forms grow into impossible structures and creatures beneath enormous autumn moons. Rich, tactile and slightly threatening, balancing folk-horror mystery with spectacular seasonal beauty. Quiet, melancholy and deeply atmospheric. Diffused moonlight, pale illumination, long shadows, drifting fog and restrained contrast create the feeling of a place inhabited by memories or unseen presences. Beautiful first, unsettling second. Explosive outward movement, fragmented forms, dramatic displacement, extreme scale variation and dense controlled complexity radiating through the composition. Pumpkin orange, amber and copper against deep umber. Built structures behave like a creature: breathing, watching, reaching, or forming a silhouette that is almost a body."
456,0456_gothic_bewitched_flow_gothic_jewel_beautiful_decay.jpg,halloween,gothic,bewitched,flow,gothic_jewel,beautiful_decay,1409674573,previews/studio/halloween/0456_gothic_bewitched_flow_gothic_jewel_beautiful_decay.jpg,wallpapers/studio/halloween/0456_gothic_bewitched_flow_gothic_jewel_beautiful_decay.jpg,63537,ok,"A single striking Halloween artwork made as a mobile phone wallpaper. One extraordinary focal idea, composed as a scene rather than an arrangement of seasonal objects. Vertical 9:16 mobile wallpaper, full-bleed edge to edge composition. The upper region of the frame is open and unadorned — atmosphere, gradient falloff or empty depth, no detail and no focal point there. The principal subject sits in the lower two thirds, weighted below centre and placed off the vertical axis. Clear depth across three planes: near, middle and far. No text, no letterforms, no numerals, no signature, no watermark, no logo, no border and no frame. A monumental dark-romantic world of cathedrals, gargoyles, ruined abbeys, ironwork, ancient stone, enormous windows and impossible vertical architecture. Structures rise dramatically through mist and darkness, illuminated by moonlight, candles and supernatural glow. Ornate, decaying and breathtaking, beauty and menace in equal measure. Seductive supernatural illumination, luminous haze and mysterious coloured light. Shadows remain soft and dimensional while magical highlights appear unexpectedly throughout the scene. Enchanting, mysterious and beautiful, with a subtle sense that something impossible is happening. Continuous sweeping movement, interconnected forms, graceful curves and clear directional pathways carrying the eye through the composition. Garnet, emerald, sapphire and amethyst with antique gold. Ruin rendered as splendour: collapse, erosion and overgrowth arranged into something lovelier than the intact thing was."
38,0038_haunted_nightmarish_stillness_poison_organic_geometry.jpg,halloween,haunted,nightmarish,stillness,poison,organic_geometry,2104571974,previews/studio/halloween/0038_haunted_nightmarish_stillness_poison_organic_geometry.jpg,wallpapers/studio/halloween/0038_haunted_nightmarish_stillness_poison_organic_geometry.jpg,63753,ok,"A single striking Halloween artwork made as a mobile phone wallpaper. One extraordinary focal idea, composed as a scene rather than an arrangement of seasonal objects. Vertical 9:16 mobile wallpaper, full-bleed edge to edge composition. The upper region of the frame is open and unadorned — atmosphere, gradient falloff or empty depth, no detail and no focal point there. The principal subject sits in the lower two thirds, weighted below centre and placed off the vertical axis. Clear depth across three planes: near, middle and far. No text, no letterforms, no numerals, no signature, no watermark, no logo, no border and no frame. A vast supernatural environment of impossible haunted mansions, ruined castles, forgotten estates and ancient graveyards. Architecture feels alive and subtly wrong: impossible corridors, leaning towers, illuminated windows, monumental gates and structures disappearing into fog. Unseen inhabitants are suggested through distant lights, silhouettes and movement. Elegant gothic horror. Unnatural lighting, extreme scale, distorted depth and impossible shadows make the scene feel like a vivid nightmare. Familiar forms become subtly wrong and visual logic begins to break down. Intensely unsettling and surreal, sophisticated and visually spectacular. Centered, balanced composition with generous negative space, minimal directional movement, simple large forms and a strong sense of visual stability. Acid green, emerald and chartreuse against black. Living forms arranged into exact geometry, or geometry grown the way a plant grows."
252,0252_harvest_ominous_stillness_pumpkin_fire_beautiful_decay.jpg,halloween,harvest,ominous,stillness,pumpkin_fire,beautiful_decay,1070658373,previews/studio/halloween/0252_harvest_ominous_stillness_pumpkin_fire_beautiful_decay.jpg,wallpapers/studio/halloween/0252_harvest_ominous_stillness_pumpkin_fire_beautiful_decay.jpg,64236,ok,"A single striking Halloween artwork made as a mobile phone wallpaper. One extraordinary focal idea, composed as a scene rather than an arrangement of seasonal objects. Vertical 9:16 mobile wallpaper, full-bleed edge to edge composition. The upper region of the frame is open and unadorned — atmosphere, gradient falloff or empty depth, no detail and no focal point there. The principal subject sits in the lower two thirds, weighted below centre and placed off the vertical axis. Clear depth across three planes: near, middle and far. No text, no letterforms, no numerals, no signature, no watermark, no logo, no border and no frame. An enchanted late-autumn world overtaken by twisted vines, enormous pumpkins, ancient orchards, cornfields, wheat, gnarled wood and strange harvest monuments. Natural forms grow into impossible structures and creatures beneath enormous autumn moons. Rich, tactile and slightly threatening, balancing folk-horror mystery with spectacular seasonal beauty. Heavy darkness, approaching weather, deep directional shadows and isolated pools of illumination create mounting tension. The composition suggests that something enormous is about to happen without revealing exactly what it is. Centered, balanced composition with generous negative space, minimal directional movement, simple large forms and a strong sense of visual stability. Pumpkin orange, amber and copper against deep umber. Ruin rendered as splendour: collapse, erosion and overgrowth arranged into something lovelier than the intact thing was."
457,0457_gothic_haunting_surge_gothic_jewel_hidden_presence.jpg,halloween,gothic,haunting,surge,gothic_jewel,hidden_presence,1916626687,previews/studio/halloween/0457_gothic_haunting_surge_gothic_jewel_hidden_presence.jpg,wallpapers/studio/halloween/0457_gothic_haunting_surge_gothic_jewel_hidden_presence.jpg,64637,ok,"A single striking Halloween artwork made as a mobile phone wallpaper. One extraordinary focal idea, composed as a scene rather than an arrangement of seasonal objects. Vertical 9:16 mobile wallpaper, full-bleed edge to edge composition. The upper region of the frame is open and unadorned — atmosphere, gradient falloff or empty depth, no detail and no focal point there. The principal subject sits in the lower two thirds, weighted below centre and placed off the vertical axis. Clear depth across three planes: near, middle and far. No text, no letterforms, no numerals, no signature, no watermark, no logo, no border and no frame. A monumental dark-romantic world of cathedrals, gargoyles, ruined abbeys, ironwork, ancient stone, enormous windows and impossible vertical architecture. Structures rise dramatically through mist and darkness, illuminated by moonlight, candles and supernatural glow. Ornate, decaying and breathtaking, beauty and menace in equal measure. Quiet, melancholy and deeply atmospheric. Diffused moonlight, pale illumination, long shadows, drifting fog and restrained contrast create the feeling of a place inhabited by memories or unseen presences. Beautiful first, unsettling second. Forceful directional movement, strong diagonals, overlapping forms, dynamic scale changes and pronounced visual momentum. Garnet, emerald, sapphire and amethyst with antique gold. Something enormous is barely perceptible within the scene, read only as a shape in the mist, the stone or the shadow."
39,0039_haunted_majestic_drift_poison_something_watching.jpg,halloween,haunted,majestic,drift,poison,something_watching,464040441,previews/studio/halloween/0039_haunted_majestic_drift_poison_something_watching.jpg,wallpapers/studio/halloween/0039_haunted_majestic_drift_poison_something_watching.jpg,64046,ok,"A single striking Halloween artwork made as a mobile phone wallpaper. One extraordinary focal idea, composed as a scene rather than an arrangement of seasonal objects. Vertical 9:16 mobile wallpaper, full-bleed edge to edge composition. The upper region of the frame is open and unadorned — atmosphere, gradient falloff or empty depth, no detail and no focal point there. The principal subject sits in the lower two thirds, weighted below centre and placed off the vertical axis. Clear depth across three planes: near, middle and far. No text, no letterforms, no numerals, no signature, no watermark, no logo, no border and no frame. A vast supernatural environment of impossible haunted mansions, ruined castles, forgotten estates and ancient graveyards. Architecture feels alive and subtly wrong: impossible corridors, leaning towers, illuminated windows, monumental gates and structures disappearing into fog. Unseen inhabitants are suggested through distant lights, silhouettes and movement. Elegant gothic horror. Grand cinematic illumination, monumental scale, deep dimensional contrast and radiant focal light. Darkness frames moments of extraordinary beauty and power. The scene inspires awe as much as fear, treating Halloween fantasy with the visual grandeur of an epic myth. Gentle directional movement, softly displaced forms, subtle asymmetry and relaxed visual flow across the composition. Acid green, emerald and chartreuse against black. The composition is arranged around an unseen observer, and the scene knows it is being looked at."
253,0253_harvest_macabre_drift_pumpkin_fire_hidden_presence.jpg,halloween,harvest,macabre,drift,pumpkin_fire,hidden_presence,1577610487,previews/studio/halloween/0253_harvest_macabre_drift_pumpkin_fire_hidden_presence.jpg,wallpapers/studio/halloween/0253_harvest_macabre_drift_pumpkin_fire_hidden_presence.jpg,63964,ok,"A single striking Halloween artwork made as a mobile phone wallpaper. One extraordinary focal idea, composed as a scene rather than an arrangement of seasonal objects. Vertical 9:16 mobile wallpaper, full-bleed edge to edge composition. The upper region of the frame is open and unadorned — atmosphere, gradient falloff or empty depth, no detail and no focal point there. The principal subject sits in the lower two thirds, weighted below centre and placed off the vertical axis. Clear depth across three planes: near, middle and far. No text, no letterforms, no numerals, no signature, no watermark, no logo, no border and no frame. An enchanted late-autumn world overtaken by twisted vines, enormous pumpkins, ancient orchards, cornfields, wheat, gnarled wood and strange harvest monuments. Natural forms grow into impossible structures and creatures beneath enormous autumn moons. Rich, tactile and slightly threatening, balancing folk-horror mystery with spectacular seasonal beauty. Elegant darkness with stronger mortality and decay: aged surfaces, skeletal forms, dead vegetation, ruined grandeur and stark chiaroscuro. Sophisticated gothic beauty, disturbing details used sparingly against richly rendered darkness. Gentle directional movement, softly displaced forms, subtle asymmetry and relaxed visual flow across the composition. Pumpkin orange, amber and copper against deep umber. Something enormous is barely perceptible within the scene, read only as a shape in the mist, the stone or the shadow."
458,0458_gothic_ominous_eruption_gothic_jewel_material_transformation.jpg,halloween,gothic,ominous,eruption,gothic_jewel,material_transformation,276095154,previews/studio/halloween/0458_gothic_ominous_eruption_gothic_jewel_material_transformation.jpg,wallpapers/studio/halloween/0458_gothic_ominous_eruption_gothic_jewel_material_transformation.jpg,64683,ok,"A single striking Halloween artwork made as a mobile phone wallpaper. One extraordinary focal idea, composed as a scene rather than an arrangement of seasonal objects. Vertical 9:16 mobile wallpaper, full-bleed edge to edge composition. The upper region of the frame is open and unadorned — atmosphere, gradient falloff or empty depth, no detail and no focal point there. The principal subject sits in the lower two thirds, weighted below centre and placed off the vertical axis. Clear depth across three planes: near, middle and far. No text, no letterforms, no numerals, no signature, no watermark, no logo, no border and no frame. A monumental dark-romantic world of cathedrals, gargoyles, ruined abbeys, ironwork, ancient stone, enormous windows and impossible vertical architecture. Structures rise dramatically through mist and darkness, illuminated by moonlight, candles and supernatural glow. Ornate, decaying and breathtaking, beauty and menace in equal measure. Heavy darkness, approaching weather, deep directional shadows and isolated pools of illumination create mounting tension. The composition suggests that something enormous is about to happen without revealing exactly what it is. Explosive outward movement, fragmented forms, dramatic displacement, extreme scale variation and dense controlled complexity radiating through the composition. Garnet, emerald, sapphire and amethyst with antique gold. One substance becomes another mid-form: stone into smoke, water into glass, cloth into flame."
40,0040_haunted_majestic_stillness_midnight_something_watching.jpg,halloween,haunted,majestic,stillness,midnight,something_watching,970992555,previews/studio/halloween/0040_haunted_majestic_stillness_midnight_something_watching.jpg,wallpapers/studio/halloween/0040_haunted_majestic_stillness_midnight_something_watching.jpg,66371,ok,"A single striking Halloween artwork made as a mobile phone wallpaper. One extraordinary focal idea, composed as a scene rather than an arrangement of seasonal objects. Vertical 9:16 mobile wallpaper, full-bleed edge to edge composition. The upper region of the frame is open and unadorned — atmosphere, gradient falloff or empty depth, no detail and no focal point there. The principal subject sits in the lower two thirds, weighted below centre and placed off the vertical axis. Clear depth across three planes: near, middle and far. No text, no letterforms, no numerals, no signature, no watermark, no logo, no border and no frame. A vast supernatural environment of impossible haunted mansions, ruined castles, forgotten estates and ancient graveyards. Architecture feels alive and subtly wrong: impossible corridors, leaning towers, illuminated windows, monumental gates and structures disappearing into fog. Unseen inhabitants are suggested through distant lights, silhouettes and movement. Elegant gothic horror. Grand cinematic illumination, monumental scale, deep dimensional contrast and radiant focal light. Darkness frames moments of extraordinary beauty and power. The scene inspires awe as much as fear, treating Halloween fantasy with the visual grandeur of an epic myth. Centered, balanced composition with generous negative space, minimal directional movement, simple large forms and a strong sense of visual stability. Midnight blue, indigo and moon silver against near-black. The composition is arranged around an unseen observer, and the scene knows it is being looked at."
254,0254_harvest_nightmarish_flow_pumpkin_fire_material_transformation.jpg,halloween,harvest,nightmarish,flow,pumpkin_fire,material_transformation,2084562601,previews/studio/halloween/0254_harvest_nightmarish_flow_pumpkin_fire_material_transformation.jpg,wallpapers/studio/halloween/0254_harvest_nightmarish_flow_pumpkin_fire_material_transformation.jpg,66925,ok,"A single striking Halloween artwork made as a mobile phone wallpaper. One extraordinary focal idea, composed as a scene rather than an arrangement of seasonal objects. Vertical 9:16 mobile wallpaper, full-bleed edge to edge composition. The upper region of the frame is open and unadorned — atmosphere, gradient falloff or empty depth, no detail and no focal point there. The principal subject sits in the lower two thirds, weighted below centre and placed off the vertical axis. Clear depth across three planes: near, middle and far. No text, no letterforms, no numerals, no signature, no watermark, no logo, no border and no frame. An enchanted late-autumn world overtaken by twisted vines, enormous pumpkins, ancient orchards, cornfields, wheat, gnarled wood and strange harvest monuments. Natural forms grow into impossible structures and creatures beneath enormous autumn moons. Rich, tactile and slightly threatening, balancing folk-horror mystery with spectacular seasonal beauty. Unnatural lighting, extreme scale, distorted depth and impossible shadows make the scene feel like a vivid nightmare. Familiar forms become subtly wrong and visual logic begins to break down. Intensely unsettling and surreal, sophisticated and visually spectacular. Continuous sweeping movement, interconnected forms, graceful curves and clear directional pathways carrying the eye through the composition. Pumpkin orange, amber and copper against deep umber. One substance becomes another mid-form: stone into smoke, water into glass, cloth into flame."
459,0459_gothic_macabre_stillness_gothic_jewel_unnatural_light.jpg,halloween,gothic,macabre,stillness,gothic_jewel,unnatural_light,783047268,previews/studio/halloween/0459_gothic_macabre_stillness_gothic_jewel_unnatural_light.jpg,wallpapers/studio/halloween/0459_gothic_macabre_stillness_gothic_jewel_unnatural_light.jpg,63919,ok,"A single striking Halloween artwork made as a mobile phone wallpaper. One extraordinary focal idea, composed as a scene rather than an arrangement of seasonal objects. Vertical 9:16 mobile wallpaper, full-bleed edge to edge composition. The upper region of the frame is open and unadorned — atmosphere, gradient falloff or empty depth, no detail and no focal point there. The principal subject sits in the lower two thirds, weighted below centre and placed off the vertical axis. Clear depth across three planes: near, middle and far. No text, no letterforms, no numerals, no signature, no watermark, no logo, no border and no frame. A monumental dark-romantic world of cathedrals, gargoyles, ruined abbeys, ironwork, ancient stone, enormous windows and impossible vertical architecture. Structures rise dramatically through mist and darkness, illuminated by moonlight, candles and supernatural glow. Ornate, decaying and breathtaking, beauty and menace in equal measure. Elegant darkness with stronger mortality and decay: aged surfaces, skeletal forms, dead vegetation, ruined grandeur and stark chiaroscuro. Sophisticated gothic beauty, disturbing details used sparingly against richly rendered darkness. Centered, balanced composition with generous negative space, minimal directional movement, simple large forms and a strong sense of visual stability. Garnet, emerald, sapphire and amethyst with antique gold. Light behaves impossibly: falling upward, casting the wrong shadow, glowing from within a solid, or illuminating only one thing."
41,0041_haunted_bewitched_drift_midnight_impossible_scale.jpg,halloween,haunted,bewitched,drift,midnight,impossible_scale,1477944669,previews/studio/halloween/0041_haunted_bewitched_drift_midnight_impossible_scale.jpg,wallpapers/studio/halloween/0041_haunted_bewitched_drift_midnight_impossible_scale.jpg,64644,ok,"A single striking Halloween artwork made as a mobile phone wallpaper. One extraordinary focal idea, composed as a scene rather than an arrangement of seasonal objects. Vertical 9:16 mobile wallpaper, full-bleed edge to edge composition. The upper region of the frame is open and unadorned — atmosphere, gradient falloff or empty depth, no detail and no focal point there. The principal subject sits in the lower two thirds, weighted below centre and placed off the vertical axis. Clear depth across three planes: near, middle and far. No text, no letterforms, no numerals, no signature, no watermark, no logo, no border and no frame. A vast supernatural environment of impossible haunted mansions, ruined castles, forgotten estates and ancient graveyards. Architecture feels alive and subtly wrong: impossible corridors, leaning towers, illuminated windows, monumental gates and structures disappearing into fog. Unseen inhabitants are suggested through distant lights, silhouettes and movement. Elegant gothic horror. Seductive supernatural illumination, luminous haze and mysterious coloured light. Shadows remain soft and dimensional while magical highlights appear unexpectedly throughout the scene. Enchanting, mysterious and beautiful, with a subtle sense that something impossible is happening. Gentle directional movement, softly displaced forms, subtle asymmetry and relaxed visual flow across the composition. Midnight blue, indigo and moon silver against near-black. One element is vastly larger than it could be, dwarfing everything around it."
255,0255_harvest_majestic_surge_pumpkin_fire_unnatural_light.jpg,halloween,harvest,majestic,surge,pumpkin_fire,unnatural_light,444031068,previews/studio/halloween/0255_harvest_majestic_surge_pumpkin_fire_unnatural_light.jpg,wallpapers/studio/halloween/0255_harvest_majestic_surge_pumpkin_fire_unnatural_light.jpg,64237,ok,"A single striking Halloween artwork made as a mobile phone wallpaper. One extraordinary focal idea, composed as a scene rather than an arrangement of seasonal objects. Vertical 9:16 mobile wallpaper, full-bleed edge to edge composition. The upper region of the frame is open and unadorned — atmosphere, gradient falloff or empty depth, no detail and no focal point there. The principal subject sits in the lower two thirds, weighted below centre and placed off the vertical axis. Clear depth across three planes: near, middle and far. No text, no letterforms, no numerals, no signature, no watermark, no logo, no border and no frame. An enchanted late-autumn world overtaken by twisted vines, enormous pumpkins, ancient orchards, cornfields, wheat, gnarled wood and strange harvest monuments. Natural forms grow into impossible structures and creatures beneath enormous autumn moons. Rich, tactile and slightly threatening, balancing folk-horror mystery with spectacular seasonal beauty. Grand cinematic illumination, monumental scale, deep dimensional contrast and radiant focal light. Darkness frames moments of extraordinary beauty and power. The scene inspires awe as much as fear, treating Halloween fantasy with the visual grandeur of an epic myth. Forceful directional movement, strong diagonals, overlapping forms, dynamic scale changes and pronounced visual momentum. Pumpkin orange, amber and copper against deep umber. Light behaves impossibly: falling upward, casting the wrong shadow, glowing from within a solid, or illuminating only one thing."
460,0460_gothic_nightmarish_drift_gothic_jewel_ancient_monument.jpg,halloween,gothic,nightmarish,drift,gothic_jewel,ancient_monument,1289999382,previews/studio/halloween/0460_gothic_nightmarish_drift_gothic_jewel_ancient_monument.jpg,wallpapers/studio/halloween/0460_gothic_nightmarish_drift_gothic_jewel_ancient_monument.jpg,64229,ok,"A single striking Halloween artwork made as a mobile phone wallpaper. One extraordinary focal idea, composed as a scene rather than an arrangement of seasonal objects. Vertical 9:16 mobile wallpaper, full-bleed edge to edge composition. The upper region of the frame is open and unadorned — atmosphere, gradient falloff or empty depth, no detail and no focal point there. The principal subject sits in the lower two thirds, weighted below centre and placed off the vertical axis. Clear depth across three planes: near, middle and far. No text, no letterforms, no numerals, no signature, no watermark, no logo, no border and no frame. A monumental dark-romantic world of cathedrals, gargoyles, ruined abbeys, ironwork, ancient stone, enormous windows and impossible vertical architecture. Structures rise dramatically through mist and darkness, illuminated by moonlight, candles and supernatural glow. Ornate, decaying and breathtaking, beauty and menace in equal measure. Unnatural lighting, extreme scale, distorted depth and impossible shadows make the scene feel like a vivid nightmare. Familiar forms become subtly wrong and visual logic begins to break down. Intensely unsettling and surreal, sophisticated and visually spectacular. Gentle directional movement, softly displaced forms, subtle asymmetry and relaxed visual flow across the composition. Garnet, emerald, sapphire and amethyst with antique gold. A single colossal made object dominates, older than anything around it and built for a purpose nobody remembers."
42,0042_haunted_haunting_flow_midnight_living_architecture.jpg,halloween,haunted,haunting,flow,midnight,living_architecture,1984896783,previews/studio/halloween/0042_haunted_haunting_flow_midnight_living_architecture.jpg,wallpapers/studio/halloween/0042_haunted_haunting_flow_midnight_living_architecture.jpg,64236,ok,"A single striking Halloween artwork made as a mobile phone wallpaper. One extraordinary focal idea, composed as a scene rather than an arrangement of seasonal objects. Vertical 9:16 mobile wallpaper, full-bleed edge to edge composition. The upper region of the frame is open and unadorned — atmosphere, gradient falloff or empty depth, no detail and no focal point there. The principal subject sits in the lower two thirds, weighted below centre and placed off the vertical axis. Clear depth across three planes: near, middle and far. No text, no letterforms, no numerals, no signature, no watermark, no logo, no border and no frame. A vast supernatural environment of impossible haunted mansions, ruined castles, forgotten estates and ancient graveyards. Architecture feels alive and subtly wrong: impossible corridors, leaning towers, illuminated windows, monumental gates and structures disappearing into fog. Unseen inhabitants are suggested through distant lights, silhouettes and movement. Elegant gothic horror. Quiet, melancholy and deeply atmospheric. Diffused moonlight, pale illumination, long shadows, drifting fog and restrained contrast create the feeling of a place inhabited by memories or unseen presences. Beautiful first, unsettling second. Continuous sweeping movement, interconnected forms, graceful curves and clear directional pathways carrying the eye through the composition. Midnight blue, indigo and moon silver against near-black. Built structures behave like a creature: breathing, watching, reaching, or forming a silhouette that is almost a body."
256,0256_harvest_majestic_flow_witchlight_unnatural_light.jpg,halloween,harvest,majestic,flow,witchlight,unnatural_light,950983182,previews/studio/halloween/0256_harvest_majestic_flow_witchlight_unnatural_light.jpg,wallpapers/studio/halloween/0256_harvest_majestic_flow_witchlight_unnatural_light.jpg,64609,ok,"A single striking Halloween artwork made as a mobile phone wallpaper. One extraordinary focal idea, composed as a scene rather than an arrangement of seasonal objects. Vertical 9:16 mobile wallpaper, full-bleed edge to edge composition. The upper region of the frame is open and unadorned — atmosphere, gradient falloff or empty depth, no detail and no focal point there. The principal subject sits in the lower two thirds, weighted below centre and placed off the vertical axis. Clear depth across three planes: near, middle and far. No text, no letterforms, no numerals, no signature, no watermark, no logo, no border and no frame. An enchanted late-autumn world overtaken by twisted vines, enormous pumpkins, ancient orchards, cornfields, wheat, gnarled wood and strange harvest monuments. Natural forms grow into impossible structures and creatures beneath enormous autumn moons. Rich, tactile and slightly threatening, balancing folk-horror mystery with spectacular seasonal beauty. Grand cinematic illumination, monumental scale, deep dimensional contrast and radiant focal light. Darkness frames moments of extraordinary beauty and power. The scene inspires awe as much as fear, treating Halloween fantasy with the visual grandeur of an epic myth. Continuous sweeping movement, interconnected forms, graceful curves and clear directional pathways carrying the eye through the composition. Violet, ultraviolet and magenta against black. Light behaves impossibly: falling upward, casting the wrong shadow, glowing from within a solid, or illuminating only one thing."
461,0461_gothic_majestic_flow_gothic_jewel_endless_depth.jpg,halloween,gothic,majestic,flow,gothic_jewel,endless_depth,1796951496,previews/studio/halloween/0461_gothic_majestic_flow_gothic_jewel_endless_depth.jpg,wallpapers/studio/halloween/0461_gothic_majestic_flow_gothic_jewel_endless_depth.jpg,64053,ok,"A single striking Halloween artwork made as a mobile phone wallpaper. One extraordinary focal idea, composed as a scene rather than an arrangement of seasonal objects. Vertical 9:16 mobile wallpaper, full-bleed edge to edge composition. The upper region of the frame is open and unadorned — atmosphere, gradient falloff or empty depth, no detail and no focal point there. The principal subject sits in the lower two thirds, weighted below centre and placed off the vertical axis. Clear depth across three planes: near, middle and far. No text, no letterforms, no numerals, no signature, no watermark, no logo, no border and no frame. A monumental dark-romantic world of cathedrals, gargoyles, ruined abbeys, ironwork, ancient stone, enormous windows and impossible vertical architecture. Structures rise dramatically through mist and darkness, illuminated by moonlight, candles and supernatural glow. Ornate, decaying and breathtaking, beauty and menace in equal measure. Grand cinematic illumination, monumental scale, deep dimensional contrast and radiant focal light. Darkness frames moments of extraordinary beauty and power. The scene inspires awe as much as fear, treating Halloween fantasy with the visual grandeur of an epic myth. Continuous sweeping movement, interconnected forms, graceful curves and clear directional pathways carrying the eye through the composition. Garnet, emerald, sapphire and amethyst with antique gold. The scene recedes far past where it should end, plane behind plane into immeasurable distance."
43,0043_haunted_ominous_surge_midnight_beautiful_decay.jpg,halloween,haunted,ominous,surge,midnight,beautiful_decay,344365250,previews/studio/halloween/0043_haunted_ominous_surge_midnight_beautiful_decay.jpg,wallpapers/studio/halloween/0043_haunted_ominous_surge_midnight_beautiful_decay.jpg,63823,ok,"A single striking Halloween artwork made as a mobile phone wallpaper. One extraordinary focal idea, composed as a scene rather than an arrangement of seasonal objects. Vertical 9:16 mobile wallpaper, full-bleed edge to edge composition. The upper region of the frame is open and unadorned — atmosphere, gradient falloff or empty depth, no detail and no focal point there. The principal subject sits in the lower two thirds, weighted below centre and placed off the vertical axis. Clear depth across three planes: near, middle and far. No text, no letterforms, no numerals, no signature, no watermark, no logo, no border and no frame. A vast supernatural environment of impossible haunted mansions, ruined castles, forgotten estates and ancient graveyards. Architecture feels alive and subtly wrong: impossible corridors, leaning towers, illuminated windows, monumental gates and structures disappearing into fog. Unseen inhabitants are suggested through distant lights, silhouettes and movement. Elegant gothic horror. Heavy darkness, approaching weather, deep directional shadows and isolated pools of illumination create mounting tension. The composition suggests that something enormous is about to happen without revealing exactly what it is. Forceful directional movement, strong diagonals, overlapping forms, dynamic scale changes and pronounced visual momentum. Midnight blue, indigo and moon silver against near-black. Ruin rendered as splendour: collapse, erosion and overgrowth arranged into something lovelier than the intact thing was."
257,0257_harvest_bewitched_surge_witchlight_ancient_monument.jpg,halloween,harvest,bewitched,surge,witchlight,ancient_monument,1457935296,previews/studio/halloween/0257_harvest_bewitched_surge_witchlight_ancient_monument.jpg,wallpapers/studio/halloween/0257_harvest_bewitched_surge_witchlight_ancient_monument.jpg,64367,ok,"A single striking Halloween artwork made as a mobile phone wallpaper. One extraordinary focal idea, composed as a scene rather than an arrangement of seasonal objects. Vertical 9:16 mobile wallpaper, full-bleed edge to edge composition. The upper region of the frame is open and unadorned — atmosphere, gradient falloff or empty depth, no detail and no focal point there. The principal subject sits in the lower two thirds, weighted below centre and placed off the vertical axis. Clear depth across three planes: near, middle and far. No text, no letterforms, no numerals, no signature, no watermark, no logo, no border and no frame. An enchanted late-autumn world overtaken by twisted vines, enormous pumpkins, ancient orchards, cornfields, wheat, gnarled wood and strange harvest monuments. Natural forms grow into impossible structures and creatures beneath enormous autumn moons. Rich, tactile and slightly threatening, balancing folk-horror mystery with spectacular seasonal beauty. Seductive supernatural illumination, luminous haze and mysterious coloured light. Shadows remain soft and dimensional while magical highlights appear unexpectedly throughout the scene. Enchanting, mysterious and beautiful, with a subtle sense that something impossible is happening. Forceful directional movement, strong diagonals, overlapping forms, dynamic scale changes and pronounced visual momentum. Violet, ultraviolet and magenta against black. A single colossal made object dominates, older than anything around it and built for a purpose nobody remembers."
462,0462_gothic_bewitched_surge_gothic_jewel_emerging_form.jpg,halloween,gothic,bewitched,surge,gothic_jewel,emerging_form,156419963,previews/studio/halloween/0462_gothic_bewitched_surge_gothic_jewel_emerging_form.jpg,wallpapers/studio/halloween/0462_gothic_bewitched_surge_gothic_jewel_emerging_form.jpg,64054,ok,"A single striking Halloween artwork made as a mobile phone wallpaper. One extraordinary focal idea, composed as a scene rather than an arrangement of seasonal objects. Vertical 9:16 mobile wallpaper, full-bleed edge to edge composition. The upper region of the frame is open and unadorned — atmosphere, gradient falloff or empty depth, no detail and no focal point there. The principal subject sits in the lower two thirds, weighted below centre and placed off the vertical axis. Clear depth across three planes: near, middle and far. No text, no letterforms, no numerals, no signature, no watermark, no logo, no border and no frame. A monumental dark-romantic world of cathedrals, gargoyles, ruined abbeys, ironwork, ancient stone, enormous windows and impossible vertical architecture. Structures rise dramatically through mist and darkness, illuminated by moonlight, candles and supernatural glow. Ornate, decaying and breathtaking, beauty and menace in equal measure. Seductive supernatural illumination, luminous haze and mysterious coloured light. Shadows remain soft and dimensional while magical highlights appear unexpectedly throughout the scene. Enchanting, mysterious and beautiful, with a subtle sense that something impossible is happening. Forceful directional movement, strong diagonals, overlapping forms, dynamic scale changes and pronounced visual momentum. Garnet, emerald, sapphire and amethyst with antique gold. A shape is resolving out of the environment itself, half-formed and still becoming."
44,0044_haunted_macabre_eruption_midnight_hidden_presence.jpg,halloween,haunted,macabre,eruption,midnight,hidden_presence,851317364,previews/studio/halloween/0044_haunted_macabre_eruption_midnight_hidden_presence.jpg,wallpapers/studio/halloween/0044_haunted_macabre_eruption_midnight_hidden_presence.jpg,65542,ok,"A single striking Halloween artwork made as a mobile phone wallpaper. One extraordinary focal idea, composed as a scene rather than an arrangement of seasonal objects. Vertical 9:16 mobile wallpaper, full-bleed edge to edge composition. The upper region of the frame is open and unadorned — atmosphere, gradient falloff or empty depth, no detail and no focal point there. The principal subject sits in the lower two thirds, weighted below centre and placed off the vertical axis. Clear depth across three planes: near, middle and far. No text, no letterforms, no numerals, no signature, no watermark, no logo, no border and no frame. A vast supernatural environment of impossible haunted mansions, ruined castles, forgotten estates and ancient graveyards. Architecture feels alive and subtly wrong: impossible corridors, leaning towers, illuminated windows, monumental gates and structures disappearing into fog. Unseen inhabitants are suggested through distant lights, silhouettes and movement. Elegant gothic horror. Elegant darkness with stronger mortality and decay: aged surfaces, skeletal forms, dead vegetation, ruined grandeur and stark chiaroscuro. Sophisticated gothic beauty, disturbing details used sparingly against richly rendered darkness. Explosive outward movement, fragmented forms, dramatic displacement, extreme scale variation and dense controlled complexity radiating through the composition. Midnight blue, indigo and moon silver against near-black. Something enormous is barely perceptible within the scene, read only as a shape in the mist, the stone or the shadow."
258,0258_harvest_haunting_eruption_witchlight_endless_depth.jpg,halloween,harvest,haunting,eruption,witchlight,endless_depth,1964887410,previews/studio/halloween/0258_harvest_haunting_eruption_witchlight_endless_depth.jpg,wallpapers/studio/halloween/0258_harvest_haunting_eruption_witchlight_endless_depth.jpg,64037,ok,"A single striking Halloween artwork made as a mobile phone wallpaper. One extraordinary focal idea, composed as a scene rather than an arrangement of seasonal objects. Vertical 9:16 mobile wallpaper, full-bleed edge to edge composition. The upper region of the frame is open and unadorned — atmosphere, gradient falloff or empty depth, no detail and no focal point there. The principal subject sits in the lower two thirds, weighted below centre and placed off the vertical axis. Clear depth across three planes: near, middle and far. No text, no letterforms, no numerals, no signature, no watermark, no logo, no border and no frame. An enchanted late-autumn world overtaken by twisted vines, enormous pumpkins, ancient orchards, cornfields, wheat, gnarled wood and strange harvest monuments. Natural forms grow into impossible structures and creatures beneath enormous autumn moons. Rich, tactile and slightly threatening, balancing folk-horror mystery with spectacular seasonal beauty. Quiet, melancholy and deeply atmospheric. Diffused moonlight, pale illumination, long shadows, drifting fog and restrained contrast create the feeling of a place inhabited by memories or unseen presences. Beautiful first, unsettling second. Explosive outward movement, fragmented forms, dramatic displacement, extreme scale variation and dense controlled complexity radiating through the composition. Violet, ultraviolet and magenta against black. The scene recedes far past where it should end, plane behind plane into immeasurable distance."
463,0463_gothic_haunting_eruption_gothic_jewel_impossible_weather.jpg,halloween,gothic,haunting,eruption,gothic_jewel,impossible_weather,663372077,previews/studio/halloween/0463_gothic_haunting_eruption_gothic_jewel_impossible_weather.jpg,wallpapers/studio/halloween/0463_gothic_haunting_eruption_gothic_jewel_impossible_weather.jpg,64373,ok,"A single striking Halloween artwork made as a mobile phone wallpaper. One extraordinary focal idea, composed as a scene rather than an arrangement of seasonal objects. Vertical 9:16 mobile wallpaper, full-bleed edge to edge composition. The upper region of the frame is open and unadorned — atmosphere, gradient falloff or empty depth, no detail and no focal point there. The principal subject sits in the lower two thirds, weighted below centre and placed off the vertical axis. Clear depth across three planes: near, middle and far. No text, no letterforms, no numerals, no signature, no watermark, no logo, no border and no frame. A monumental dark-romantic world of cathedrals, gargoyles, ruined abbeys, ironwork, ancient stone, enormous windows and impossible vertical architecture. Structures rise dramatically through mist and darkness, illuminated by moonlight, candles and supernatural glow. Ornate, decaying and breathtaking, beauty and menace in equal measure. Quiet, melancholy and deeply atmospheric. Diffused moonlight, pale illumination, long shadows, drifting fog and restrained contrast create the feeling of a place inhabited by memories or unseen presences. Beautiful first, unsettling second. Explosive outward movement, fragmented forms, dramatic displacement, extreme scale variation and dense controlled complexity radiating through the composition. Garnet, emerald, sapphire and amethyst with antique gold. The atmosphere does something it could not: falling upward, standing still, burning, or moving as one body."
45,0045_haunted_nightmarish_stillness_midnight_material_transformation.jpg,halloween,haunted,nightmarish,stillness,midnight,material_transformation,1358269478,previews/studio/halloween/0045_haunted_nightmarish_stillness_midnight_material_transformation.jpg,wallpapers/studio/halloween/0045_haunted_nightmarish_stillness_midnight_material_transformation.jpg,63594,ok,"A single striking Halloween artwork made as a mobile phone wallpaper. One extraordinary focal idea, composed as a scene rather than an arrangement of seasonal objects. Vertical 9:16 mobile wallpaper, full-bleed edge to edge composition. The upper region of the frame is open and unadorned — atmosphere, gradient falloff or empty depth, no detail and no focal point there. The principal subject sits in the lower two thirds, weighted below centre and placed off the vertical axis. Clear depth across three planes: near, middle and far. No text, no letterforms, no numerals, no signature, no watermark, no logo, no border and no frame. A vast supernatural environment of impossible haunted mansions, ruined castles, forgotten estates and ancient graveyards. Architecture feels alive and subtly wrong: impossible corridors, leaning towers, illuminated windows, monumental gates and structures disappearing into fog. Unseen inhabitants are suggested through distant lights, silhouettes and movement. Elegant gothic horror. Unnatural lighting, extreme scale, distorted depth and impossible shadows make the scene feel like a vivid nightmare. Familiar forms become subtly wrong and visual logic begins to break down. Intensely unsettling and surreal, sophisticated and visually spectacular. Centered, balanced composition with generous negative space, minimal directional movement, simple large forms and a strong sense of visual stability. Midnight blue, indigo and moon silver against near-black. One substance becomes another mid-form: stone into smoke, water into glass, cloth into flame."
259,0259_harvest_ominous_stillness_witchlight_emerging_form.jpg,halloween,harvest,ominous,stillness,witchlight,emerging_form,324355877,previews/studio/halloween/0259_harvest_ominous_stillness_witchlight_emerging_form.jpg,wallpapers/studio/halloween/0259_harvest_ominous_stillness_witchlight_emerging_form.jpg,64627,ok,"A single striking Halloween artwork made as a mobile phone wallpaper. One extraordinary focal idea, composed as a scene rather than an arrangement of seasonal objects. Vertical 9:16 mobile wallpaper, full-bleed edge to edge composition. The upper region of the frame is open and unadorned — atmosphere, gradient falloff or empty depth, no detail and no focal point there. The principal subject sits in the lower two thirds, weighted below centre and placed off the vertical axis. Clear depth across three planes: near, middle and far. No text, no letterforms, no numerals, no signature, no watermark, no logo, no border and no frame. An enchanted late-autumn world overtaken by twisted vines, enormous pumpkins, ancient orchards, cornfields, wheat, gnarled wood and strange harvest monuments. Natural forms grow into impossible structures and creatures beneath enormous autumn moons. Rich, tactile and slightly threatening, balancing folk-horror mystery with spectacular seasonal beauty. Heavy darkness, approaching weather, deep directional shadows and isolated pools of illumination create mounting tension. The composition suggests that something enormous is about to happen without revealing exactly what it is. Centered, balanced composition with generous negative space, minimal directional movement, simple large forms and a strong sense of visual stability. Violet, ultraviolet and magenta against black. A shape is resolving out of the environment itself, half-formed and still becoming."
464,0464_gothic_haunting_surge_eclipse_impossible_weather.jpg,halloween,gothic,haunting,surge,eclipse,impossible_weather,1170324191,previews/studio/halloween/0464_gothic_haunting_surge_eclipse_impossible_weather.jpg,wallpapers/studio/halloween/0464_gothic_haunting_surge_eclipse_impossible_weather.jpg,64326,ok,"A single striking Halloween artwork made as a mobile phone wallpaper. One extraordinary focal idea, composed as a scene rather than an arrangement of seasonal objects. Vertical 9:16 mobile wallpaper, full-bleed edge to edge composition. The upper region of the frame is open and unadorned — atmosphere, gradient falloff or empty depth, no detail and no focal point there. The principal subject sits in the lower two thirds, weighted below centre and placed off the vertical axis. Clear depth across three planes: near, middle and far. No text, no letterforms, no numerals, no signature, no watermark, no logo, no border and no frame. A monumental dark-romantic world of cathedrals, gargoyles, ruined abbeys, ironwork, ancient stone, enormous windows and impossible vertical architecture. Structures rise dramatically through mist and darkness, illuminated by moonlight, candles and supernatural glow. Ornate, decaying and breathtaking, beauty and menace in equal measure. Quiet, melancholy and deeply atmospheric. Diffused moonlight, pale illumination, long shadows, drifting fog and restrained contrast create the feeling of a place inhabited by memories or unseen presences. Beautiful first, unsettling second. Forceful directional movement, strong diagonals, overlapping forms, dynamic scale changes and pronounced visual momentum. Charcoal and black with burning gold and solar orange. The atmosphere does something it could not: falling upward, standing still, burning, or moving as one body."
46,0046_haunted_majestic_drift_midnight_unnatural_light.jpg,halloween,haunted,majestic,drift,midnight,unnatural_light,1865221592,previews/studio/halloween/0046_haunted_majestic_drift_midnight_unnatural_light.jpg,wallpapers/studio/halloween/0046_haunted_majestic_drift_midnight_unnatural_light.jpg,63864,ok,"A single striking Halloween artwork made as a mobile phone wallpaper. One extraordinary focal idea, composed as a scene rather than an arrangement of seasonal objects. Vertical 9:16 mobile wallpaper, full-bleed edge to edge composition. The upper region of the frame is open and unadorned — atmosphere, gradient falloff or empty depth, no detail and no focal point there. The principal subject sits in the lower two thirds, weighted below centre and placed off the vertical axis. Clear depth across three planes: near, middle and far. No text, no letterforms, no numerals, no signature, no watermark, no logo, no border and no frame. A vast supernatural environment of impossible haunted mansions, ruined castles, forgotten estates and ancient graveyards. Architecture feels alive and subtly wrong: impossible corridors, leaning towers, illuminated windows, monumental gates and structures disappearing into fog. Unseen inhabitants are suggested through distant lights, silhouettes and movement. Elegant gothic horror. Grand cinematic illumination, monumental scale, deep dimensional contrast and radiant focal light. Darkness frames moments of extraordinary beauty and power. The scene inspires awe as much as fear, treating Halloween fantasy with the visual grandeur of an epic myth. Gentle directional movement, softly displaced forms, subtle asymmetry and relaxed visual flow across the composition. Midnight blue, indigo and moon silver against near-black. Light behaves impossibly: falling upward, casting the wrong shadow, glowing from within a solid, or illuminating only one thing."
260,0260_harvest_macabre_drift_witchlight_impossible_weather.jpg,halloween,harvest,macabre,drift,witchlight,impossible_weather,831307991,previews/studio/halloween/0260_harvest_macabre_drift_witchlight_impossible_weather.jpg,wallpapers/studio/halloween/0260_harvest_macabre_drift_witchlight_impossible_weather.jpg,65251,ok,"A single striking Halloween artwork made as a mobile phone wallpaper. One extraordinary focal idea, composed as a scene rather than an arrangement of seasonal objects. Vertical 9:16 mobile wallpaper, full-bleed edge to edge composition. The upper region of the frame is open and unadorned — atmosphere, gradient falloff or empty depth, no detail and no focal point there. The principal subject sits in the lower two thirds, weighted below centre and placed off the vertical axis. Clear depth across three planes: near, middle and far. No text, no letterforms, no numerals, no signature, no watermark, no logo, no border and no frame. An enchanted late-autumn world overtaken by twisted vines, enormous pumpkins, ancient orchards, cornfields, wheat, gnarled wood and strange harvest monuments. Natural forms grow into impossible structures and creatures beneath enormous autumn moons. Rich, tactile and slightly threatening, balancing folk-horror mystery with spectacular seasonal beauty. Elegant darkness with stronger mortality and decay: aged surfaces, skeletal forms, dead vegetation, ruined grandeur and stark chiaroscuro. Sophisticated gothic beauty, disturbing details used sparingly against richly rendered darkness. Gentle directional movement, softly displaced forms, subtle asymmetry and relaxed visual flow across the composition. Violet, ultraviolet and magenta against black. The atmosphere does something it could not: falling upward, standing still, burning, or moving as one body."
465,0465_gothic_ominous_eruption_eclipse_organic_geometry.jpg,halloween,gothic,ominous,eruption,eclipse,organic_geometry,1677276305,previews/studio/halloween/0465_gothic_ominous_eruption_eclipse_organic_geometry.jpg,wallpapers/studio/halloween/0465_gothic_ominous_eruption_eclipse_organic_geometry.jpg,66549,ok,"A single striking Halloween artwork made as a mobile phone wallpaper. One extraordinary focal idea, composed as a scene rather than an arrangement of seasonal objects. Vertical 9:16 mobile wallpaper, full-bleed edge to edge composition. The upper region of the frame is open and unadorned — atmosphere, gradient falloff or empty depth, no detail and no focal point there. The principal subject sits in the lower two thirds, weighted below centre and placed off the vertical axis. Clear depth across three planes: near, middle and far. No text, no letterforms, no numerals, no signature, no watermark, no logo, no border and no frame. A monumental dark-romantic world of cathedrals, gargoyles, ruined abbeys, ironwork, ancient stone, enormous windows and impossible vertical architecture. Structures rise dramatically through mist and darkness, illuminated by moonlight, candles and supernatural glow. Ornate, decaying and breathtaking, beauty and menace in equal measure. Heavy darkness, approaching weather, deep directional shadows and isolated pools of illumination create mounting tension. The composition suggests that something enormous is about to happen without revealing exactly what it is. Explosive outward movement, fragmented forms, dramatic displacement, extreme scale variation and dense controlled complexity radiating through the composition. Charcoal and black with burning gold and solar orange. Living forms arranged into exact geometry, or geometry grown the way a plant grows."
47,0047_haunted_bewitched_flow_midnight_ancient_monument.jpg,halloween,haunted,bewitched,flow,midnight,ancient_monument,224690059,previews/studio/halloween/0047_haunted_bewitched_flow_midnight_ancient_monument.jpg,wallpapers/studio/halloween/0047_haunted_bewitched_flow_midnight_ancient_monument.jpg,64087,ok,"A single striking Halloween artwork made as a mobile phone wallpaper. One extraordinary focal idea, composed as a scene rather than an arrangement of seasonal objects. Vertical 9:16 mobile wallpaper, full-bleed edge to edge composition. The upper region of the frame is open and unadorned — atmosphere, gradient falloff or empty depth, no detail and no focal point there. The principal subject sits in the lower two thirds, weighted below centre and placed off the vertical axis. Clear depth across three planes: near, middle and far. No text, no letterforms, no numerals, no signature, no watermark, no logo, no border and no frame. A vast supernatural environment of impossible haunted mansions, ruined castles, forgotten estates and ancient graveyards. Architecture feels alive and subtly wrong: impossible corridors, leaning towers, illuminated windows, monumental gates and structures disappearing into fog. Unseen inhabitants are suggested through distant lights, silhouettes and movement. Elegant gothic horror. Seductive supernatural illumination, luminous haze and mysterious coloured light. Shadows remain soft and dimensional while magical highlights appear unexpectedly throughout the scene. Enchanting, mysterious and beautiful, with a subtle sense that something impossible is happening. Continuous sweeping movement, interconnected forms, graceful curves and clear directional pathways carrying the eye through the composition. Midnight blue, indigo and moon silver against near-black. A single colossal made object dominates, older than anything around it and built for a purpose nobody remembers."
261,0261_harvest_nightmarish_flow_witchlight_organic_geometry.jpg,halloween,harvest,nightmarish,flow,witchlight,organic_geometry,1338260105,previews/studio/halloween/0261_harvest_nightmarish_flow_witchlight_organic_geometry.jpg,wallpapers/studio/halloween/0261_harvest_nightmarish_flow_witchlight_organic_geometry.jpg,65586,ok,"A single striking Halloween artwork made as a mobile phone wallpaper. One extraordinary focal idea, composed as a scene rather than an arrangement of seasonal objects. Vertical 9:16 mobile wallpaper, full-bleed edge to edge composition. The upper region of the frame is open and unadorned — atmosphere, gradient falloff or empty depth, no detail and no focal point there. The principal subject sits in the lower two thirds, weighted below centre and placed off the vertical axis. Clear depth across three planes: near, middle and far. No text, no letterforms, no numerals, no signature, no watermark, no logo, no border and no frame. An enchanted late-autumn world overtaken by twisted vines, enormous pumpkins, ancient orchards, cornfields, wheat, gnarled wood and strange harvest monuments. Natural forms grow into impossible structures and creatures beneath enormous autumn moons. Rich, tactile and slightly threatening, balancing folk-horror mystery with spectacular seasonal beauty. Unnatural lighting, extreme scale, distorted depth and impossible shadows make the scene feel like a vivid nightmare. Familiar forms become subtly wrong and visual logic begins to break down. Intensely unsettling and surreal, sophisticated and visually spectacular. Continuous sweeping movement, interconnected forms, graceful curves and clear directional pathways carrying the eye through the composition. Violet, ultraviolet and magenta against black. Living forms arranged into exact geometry, or geometry grown the way a plant grows."
466,0466_gothic_macabre_stillness_eclipse_something_watching.jpg,halloween,gothic,macabre,stillness,eclipse,something_watching,36744772,previews/studio/halloween/0466_gothic_macabre_stillness_eclipse_something_watching.jpg,wallpapers/studio/halloween/0466_gothic_macabre_stillness_eclipse_something_watching.jpg,64176,ok,"A single striking Halloween artwork made as a mobile phone wallpaper. One extraordinary focal idea, composed as a scene rather than an arrangement of seasonal objects. Vertical 9:16 mobile wallpaper, full-bleed edge to edge composition. The upper region of the frame is open and unadorned — atmosphere, gradient falloff or empty depth, no detail and no focal point there. The principal subject sits in the lower two thirds, weighted below centre and placed off the vertical axis. Clear depth across three planes: near, middle and far. No text, no letterforms, no numerals, no signature, no watermark, no logo, no border and no frame. A monumental dark-romantic world of cathedrals, gargoyles, ruined abbeys, ironwork, ancient stone, enormous windows and impossible vertical architecture. Structures rise dramatically through mist and darkness, illuminated by moonlight, candles and supernatural glow. Ornate, decaying and breathtaking, beauty and menace in equal measure. Elegant darkness with stronger mortality and decay: aged surfaces, skeletal forms, dead vegetation, ruined grandeur and stark chiaroscuro. Sophisticated gothic beauty, disturbing details used sparingly against richly rendered darkness. Centered, balanced composition with generous negative space, minimal directional movement, simple large forms and a strong sense of visual stability. Charcoal and black with burning gold and solar orange. The composition is arranged around an unseen observer, and the scene knows it is being looked at."
48,0048_haunted_bewitched_drift_dead_forest_ancient_monument.jpg,halloween,haunted,bewitched,drift,dead_forest,ancient_monument,731642173,previews/studio/halloween/0048_haunted_bewitched_drift_dead_forest_ancient_monument.jpg,wallpapers/studio/halloween/0048_haunted_bewitched_drift_dead_forest_ancient_monument.jpg,66757,ok,"A single striking Halloween artwork made as a mobile phone wallpaper. One extraordinary focal idea, composed as a scene rather than an arrangement of seasonal objects. Vertical 9:16 mobile wallpaper, full-bleed edge to edge composition. The upper region of the frame is open and unadorned — atmosphere, gradient falloff or empty depth, no detail and no focal point there. The principal subject sits in the lower two thirds, weighted below centre and placed off the vertical axis. Clear depth across three planes: near, middle and far. No text, no letterforms, no numerals, no signature, no watermark, no logo, no border and no frame. A vast supernatural environment of impossible haunted mansions, ruined castles, forgotten estates and ancient graveyards. Architecture feels alive and subtly wrong: impossible corridors, leaning towers, illuminated windows, monumental gates and structures disappearing into fog. Unseen inhabitants are suggested through distant lights, silhouettes and movement. Elegant gothic horror. Seductive supernatural illumination, luminous haze and mysterious coloured light. Shadows remain soft and dimensional while magical highlights appear unexpectedly throughout the scene. Enchanting, mysterious and beautiful, with a subtle sense that something impossible is happening. Gentle directional movement, softly displaced forms, subtle asymmetry and relaxed visual flow across the composition. Umber, moss green and rust against smoky black. A single colossal made object dominates, older than anything around it and built for a purpose nobody remembers."
262,0262_harvest_majestic_surge_witchlight_something_watching.jpg,halloween,harvest,majestic,surge,witchlight,something_watching,1845212219,previews/studio/halloween/0262_harvest_majestic_surge_witchlight_something_watching.jpg,wallpapers/studio/halloween/0262_harvest_majestic_surge_witchlight_something_watching.jpg,64956,ok,"A single striking Halloween artwork made as a mobile phone wallpaper. One extraordinary focal idea, composed as a scene rather than an arrangement of seasonal objects. Vertical 9:16 mobile wallpaper, full-bleed edge to edge composition. The upper region of the frame is open and unadorned — atmosphere, gradient falloff or empty depth, no detail and no focal point there. The principal subject sits in the lower two thirds, weighted below centre and placed off the vertical axis. Clear depth across three planes: near, middle and far. No text, no letterforms, no numerals, no signature, no watermark, no logo, no border and no frame. An enchanted late-autumn world overtaken by twisted vines, enormous pumpkins, ancient orchards, cornfields, wheat, gnarled wood and strange harvest monuments. Natural forms grow into impossible structures and creatures beneath enormous autumn moons. Rich, tactile and slightly threatening, balancing folk-horror mystery with spectacular seasonal beauty. Grand cinematic illumination, monumental scale, deep dimensional contrast and radiant focal light. Darkness frames moments of extraordinary beauty and power. The scene inspires awe as much as fear, treating Halloween fantasy with the visual grandeur of an epic myth. Forceful directional movement, strong diagonals, overlapping forms, dynamic scale changes and pronounced visual momentum. Violet, ultraviolet and magenta against black. The composition is arranged around an unseen observer, and the scene knows it is being looked at."
467,0467_gothic_nightmarish_drift_eclipse_impossible_scale.jpg,halloween,gothic,nightmarish,drift,eclipse,impossible_scale,543696886,previews/studio/halloween/0467_gothic_nightmarish_drift_eclipse_impossible_scale.jpg,wallpapers/studio/halloween/0467_gothic_nightmarish_drift_eclipse_impossible_scale.jpg,64630,ok,"A single striking Halloween artwork made as a mobile phone wallpaper. One extraordinary focal idea, composed as a scene rather than an arrangement of seasonal objects. Vertical 9:16 mobile wallpaper, full-bleed edge to edge composition. The upper region of the frame is open and unadorned — atmosphere, gradient falloff or empty depth, no detail and no focal point there. The principal subject sits in the lower two thirds, weighted below centre and placed off the vertical axis. Clear depth across three planes: near, middle and far. No text, no letterforms, no numerals, no signature, no watermark, no logo, no border and no frame. A monumental dark-romantic world of cathedrals, gargoyles, ruined abbeys, ironwork, ancient stone, enormous windows and impossible vertical architecture. Structures rise dramatically through mist and darkness, illuminated by moonlight, candles and supernatural glow. Ornate, decaying and breathtaking, beauty and menace in equal measure. Unnatural lighting, extreme scale, distorted depth and impossible shadows make the scene feel like a vivid nightmare. Familiar forms become subtly wrong and visual logic begins to break down. Intensely unsettling and surreal, sophisticated and visually spectacular. Gentle directional movement, softly displaced forms, subtle asymmetry and relaxed visual flow across the composition. Charcoal and black with burning gold and solar orange. One element is vastly larger than it could be, dwarfing everything around it."
49,0049_haunted_haunting_flow_dead_forest_endless_depth.jpg,halloween,haunted,haunting,flow,dead_forest,endless_depth,1238594287,previews/studio/halloween/0049_haunted_haunting_flow_dead_forest_endless_depth.jpg,wallpapers/studio/halloween/0049_haunted_haunting_flow_dead_forest_endless_depth.jpg,63939,ok,"A single striking Halloween artwork made as a mobile phone wallpaper. One extraordinary focal idea, composed as a scene rather than an arrangement of seasonal objects. Vertical 9:16 mobile wallpaper, full-bleed edge to edge composition. The upper region of the frame is open and unadorned — atmosphere, gradient falloff or empty depth, no detail and no focal point there. The principal subject sits in the lower two thirds, weighted below centre and placed off the vertical axis. Clear depth across three planes: near, middle and far. No text, no letterforms, no numerals, no signature, no watermark, no logo, no border and no frame. A vast supernatural environment of impossible haunted mansions, ruined castles, forgotten estates and ancient graveyards. Architecture feels alive and subtly wrong: impossible corridors, leaning towers, illuminated windows, monumental gates and structures disappearing into fog. Unseen inhabitants are suggested through distant lights, silhouettes and movement. Elegant gothic horror. Quiet, melancholy and deeply atmospheric. Diffused moonlight, pale illumination, long shadows, drifting fog and restrained contrast create the feeling of a place inhabited by memories or unseen presences. Beautiful first, unsettling second. Continuous sweeping movement, interconnected forms, graceful curves and clear directional pathways carrying the eye through the composition. Umber, moss green and rust against smoky black. The scene recedes far past where it should end, plane behind plane into immeasurable distance."
263,0263_harvest_bewitched_eruption_witchlight_impossible_scale.jpg,halloween,harvest,bewitched,eruption,witchlight,impossible_scale,204680686,previews/studio/halloween/0263_harvest_bewitched_eruption_witchlight_impossible_scale.jpg,wallpapers/studio/halloween/0263_harvest_bewitched_eruption_witchlight_impossible_scale.jpg,64274,ok,"A single striking Halloween artwork made as a mobile phone wallpaper. One extraordinary focal idea, composed as a scene rather than an arrangement of seasonal objects. Vertical 9:16 mobile wallpaper, full-bleed edge to edge composition. The upper region of the frame is open and unadorned — atmosphere, gradient falloff or empty depth, no detail and no focal point there. The principal subject sits in the lower two thirds, weighted below centre and placed off the vertical axis. Clear depth across three planes: near, middle and far. No text, no letterforms, no numerals, no signature, no watermark, no logo, no border and no frame. An enchanted late-autumn world overtaken by twisted vines, enormous pumpkins, ancient orchards, cornfields, wheat, gnarled wood and strange harvest monuments. Natural forms grow into impossible structures and creatures beneath enormous autumn moons. Rich, tactile and slightly threatening, balancing folk-horror mystery with spectacular seasonal beauty. Seductive supernatural illumination, luminous haze and mysterious coloured light. Shadows remain soft and dimensional while magical highlights appear unexpectedly throughout the scene. Enchanting, mysterious and beautiful, with a subtle sense that something impossible is happening. Explosive outward movement, fragmented forms, dramatic displacement, extreme scale variation and dense controlled complexity radiating through the composition. Violet, ultraviolet and magenta against black. One element is vastly larger than it could be, dwarfing everything around it."
468,0468_gothic_majestic_flow_eclipse_living_architecture.jpg,halloween,gothic,majestic,flow,eclipse,living_architecture,1050649000,previews/studio/halloween/0468_gothic_majestic_flow_eclipse_living_architecture.jpg,wallpapers/studio/halloween/0468_gothic_majestic_flow_eclipse_living_architecture.jpg,64262,ok,"A single striking Halloween artwork made as a mobile phone wallpaper. One extraordinary focal idea, composed as a scene rather than an arrangement of seasonal objects. Vertical 9:16 mobile wallpaper, full-bleed edge to edge composition. The upper region of the frame is open and unadorned — atmosphere, gradient falloff or empty depth, no detail and no focal point there. The principal subject sits in the lower two thirds, weighted below centre and placed off the vertical axis. Clear depth across three planes: near, middle and far. No text, no letterforms, no numerals, no signature, no watermark, no logo, no border and no frame. A monumental dark-romantic world of cathedrals, gargoyles, ruined abbeys, ironwork, ancient stone, enormous windows and impossible vertical architecture. Structures rise dramatically through mist and darkness, illuminated by moonlight, candles and supernatural glow. Ornate, decaying and breathtaking, beauty and menace in equal measure. Grand cinematic illumination, monumental scale, deep dimensional contrast and radiant focal light. Darkness frames moments of extraordinary beauty and power. The scene inspires awe as much as fear, treating Halloween fantasy with the visual grandeur of an epic myth. Continuous sweeping movement, interconnected forms, graceful curves and clear directional pathways carrying the eye through the composition. Charcoal and black with burning gold and solar orange. Built structures behave like a creature: breathing, watching, reaching, or forming a silhouette that is almost a body."
50,0050_haunted_ominous_surge_dead_forest_emerging_form.jpg,halloween,haunted,ominous,surge,dead_forest,emerging_form,1745546401,previews/studio/halloween/0050_haunted_ominous_surge_dead_forest_emerging_form.jpg,wallpapers/studio/halloween/0050_haunted_ominous_surge_dead_forest_emerging_form.jpg,66322,ok,"A single striking Halloween artwork made as a mobile phone wallpaper. One extraordinary focal idea, composed as a scene rather than an arrangement of seasonal objects. Vertical 9:16 mobile wallpaper, full-bleed edge to edge composition. The upper region of the frame is open and unadorned — atmosphere, gradient falloff or empty depth, no detail and no focal point there. The principal subject sits in the lower two thirds, weighted below centre and placed off the vertical axis. Clear depth across three planes: near, middle and far. No text, no letterforms, no numerals, no signature, no watermark, no logo, no border and no frame. A vast supernatural environment of impossible haunted mansions, ruined castles, forgotten estates and ancient graveyards. Architecture feels alive and subtly wrong: impossible corridors, leaning towers, illuminated windows, monumental gates and structures disappearing into fog. Unseen inhabitants are suggested through distant lights, silhouettes and movement. Elegant gothic horror. Heavy darkness, approaching weather, deep directional shadows and isolated pools of illumination create mounting tension. The composition suggests that something enormous is about to happen without revealing exactly what it is. Forceful directional movement, strong diagonals, overlapping forms, dynamic scale changes and pronounced visual momentum. Umber, moss green and rust against smoky black. A shape is resolving out of the environment itself, half-formed and still becoming."
264,0264_harvest_bewitched_surge_ghostlight_impossible_scale.jpg,halloween,harvest,bewitched,surge,ghostlight,impossible_scale,711632800,previews/studio/halloween/0264_harvest_bewitched_surge_ghostlight_impossible_scale.jpg,wallpapers/studio/halloween/0264_harvest_bewitched_surge_ghostlight_impossible_scale.jpg,65071,ok,"A single striking Halloween artwork made as a mobile phone wallpaper. One extraordinary focal idea, composed as a scene rather than an arrangement of seasonal objects. Vertical 9:16 mobile wallpaper, full-bleed edge to edge composition. The upper region of the frame is open and unadorned — atmosphere, gradient falloff or empty depth, no detail and no focal point there. The principal subject sits in the lower two thirds, weighted below centre and placed off the vertical axis. Clear depth across three planes: near, middle and far. No text, no letterforms, no numerals, no signature, no watermark, no logo, no border and no frame. An enchanted late-autumn world overtaken by twisted vines, enormous pumpkins, ancient orchards, cornfields, wheat, gnarled wood and strange harvest monuments. Natural forms grow into impossible structures and creatures beneath enormous autumn moons. Rich, tactile and slightly threatening, balancing folk-horror mystery with spectacular seasonal beauty. Seductive supernatural illumination, luminous haze and mysterious coloured light. Shadows remain soft and dimensional while magical highlights appear unexpectedly throughout the scene. Enchanting, mysterious and beautiful, with a subtle sense that something impossible is happening. Forceful directional movement, strong diagonals, overlapping forms, dynamic scale changes and pronounced visual momentum. Spectral cyan, pale aqua and icy white against midnight blue. One element is vastly larger than it could be, dwarfing everything around it."
469,0469_gothic_bewitched_surge_eclipse_beautiful_decay.jpg,halloween,gothic,bewitched,surge,eclipse,beautiful_decay,1557601114,previews/studio/halloween/0469_gothic_bewitched_surge_eclipse_beautiful_decay.jpg,wallpapers/studio/halloween/0469_gothic_bewitched_surge_eclipse_beautiful_decay.jpg,64033,ok,"A single striking Halloween artwork made as a mobile phone wallpaper. One extraordinary focal idea, composed as a scene rather than an arrangement of seasonal objects. Vertical 9:16 mobile wallpaper, full-bleed edge to edge composition. The upper region of the frame is open and unadorned — atmosphere, gradient falloff or empty depth, no detail and no focal point there. The principal subject sits in the lower two thirds, weighted below centre and placed off the vertical axis. Clear depth across three planes: near, middle and far. No text, no letterforms, no numerals, no signature, no watermark, no logo, no border and no frame. A monumental dark-romantic world of cathedrals, gargoyles, ruined abbeys, ironwork, ancient stone, enormous windows and impossible vertical architecture. Structures rise dramatically through mist and darkness, illuminated by moonlight, candles and supernatural glow. Ornate, decaying and breathtaking, beauty and menace in equal measure. Seductive supernatural illumination, luminous haze and mysterious coloured light. Shadows remain soft and dimensional while magical highlights appear unexpectedly throughout the scene. Enchanting, mysterious and beautiful, with a subtle sense that something impossible is happening. Forceful directional movement, strong diagonals, overlapping forms, dynamic scale changes and pronounced visual momentum. Charcoal and black with burning gold and solar orange. Ruin rendered as splendour: collapse, erosion and overgrowth arranged into something lovelier than the intact thing was."
51,0051_haunted_macabre_eruption_dead_forest_impossible_weather.jpg,halloween,haunted,macabre,eruption,dead_forest,impossible_weather,105014868,previews/studio/halloween/0051_haunted_macabre_eruption_dead_forest_impossible_weather.jpg,wallpapers/studio/halloween/0051_haunted_macabre_eruption_dead_forest_impossible_weather.jpg,63754,ok,"A single striking Halloween artwork made as a mobile phone wallpaper. One extraordinary focal idea, composed as a scene rather than an arrangement of seasonal objects. Vertical 9:16 mobile wallpaper, full-bleed edge to edge composition. The upper region of the frame is open and unadorned — atmosphere, gradient falloff or empty depth, no detail and no focal point there. The principal subject sits in the lower two thirds, weighted below centre and placed off the vertical axis. Clear depth across three planes: near, middle and far. No text, no letterforms, no numerals, no signature, no watermark, no logo, no border and no frame. A vast supernatural environment of impossible haunted mansions, ruined castles, forgotten estates and ancient graveyards. Architecture feels alive and subtly wrong: impossible corridors, leaning towers, illuminated windows, monumental gates and structures disappearing into fog. Unseen inhabitants are suggested through distant lights, silhouettes and movement. Elegant gothic horror. Elegant darkness with stronger mortality and decay: aged surfaces, skeletal forms, dead vegetation, ruined grandeur and stark chiaroscuro. Sophisticated gothic beauty, disturbing details used sparingly against richly rendered darkness. Explosive outward movement, fragmented forms, dramatic displacement, extreme scale variation and dense controlled complexity radiating through the composition. Umber, moss green and rust against smoky black. The atmosphere does something it could not: falling upward, standing still, burning, or moving as one body."
265,0265_harvest_haunting_eruption_ghostlight_living_architecture.jpg,halloween,harvest,haunting,eruption,ghostlight,living_architecture,1218584914,previews/studio/halloween/0265_harvest_haunting_eruption_ghostlight_living_architecture.jpg,wallpapers/studio/halloween/0265_harvest_haunting_eruption_ghostlight_living_architecture.jpg,64621,ok,"A single striking Halloween artwork made as a mobile phone wallpaper. One extraordinary focal idea, composed as a scene rather than an arrangement of seasonal objects. Vertical 9:16 mobile wallpaper, full-bleed edge to edge composition. The upper region of the frame is open and unadorned — atmosphere, gradient falloff or empty depth, no detail and no focal point there. The principal subject sits in the lower two thirds, weighted below centre and placed off the vertical axis. Clear depth across three planes: near, middle and far. No text, no letterforms, no numerals, no signature, no watermark, no logo, no border and no frame. An enchanted late-autumn world overtaken by twisted vines, enormous pumpkins, ancient orchards, cornfields, wheat, gnarled wood and strange harvest monuments. Natural forms grow into impossible structures and creatures beneath enormous autumn moons. Rich, tactile and slightly threatening, balancing folk-horror mystery with spectacular seasonal beauty. Quiet, melancholy and deeply atmospheric. Diffused moonlight, pale illumination, long shadows, drifting fog and restrained contrast create the feeling of a place inhabited by memories or unseen presences. Beautiful first, unsettling second. Explosive outward movement, fragmented forms, dramatic displacement, extreme scale variation and dense controlled complexity radiating through the composition. Spectral cyan, pale aqua and icy white against midnight blue. Built structures behave like a creature: breathing, watching, reaching, or forming a silhouette that is almost a body."
470,0470_gothic_haunting_eruption_eclipse_hidden_presence.jpg,halloween,gothic,haunting,eruption,eclipse,hidden_presence,2064553228,previews/studio/halloween/0470_gothic_haunting_eruption_eclipse_hidden_presence.jpg,wallpapers/studio/halloween/0470_gothic_haunting_eruption_eclipse_hidden_presence.jpg,63930,ok,"A single striking Halloween artwork made as a mobile phone wallpaper. One extraordinary focal idea, composed as a scene rather than an arrangement of seasonal objects. Vertical 9:16 mobile wallpaper, full-bleed edge to edge composition. The upper region of the frame is open and unadorned — atmosphere, gradient falloff or empty depth, no detail and no focal point there. The principal subject sits in the lower two thirds, weighted below centre and placed off the vertical axis. Clear depth across three planes: near, middle and far. No text, no letterforms, no numerals, no signature, no watermark, no logo, no border and no frame. A monumental dark-romantic world of cathedrals, gargoyles, ruined abbeys, ironwork, ancient stone, enormous windows and impossible vertical architecture. Structures rise dramatically through mist and darkness, illuminated by moonlight, candles and supernatural glow. Ornate, decaying and breathtaking, beauty and menace in equal measure. Quiet, melancholy and deeply atmospheric. Diffused moonlight, pale illumination, long shadows, drifting fog and restrained contrast create the feeling of a place inhabited by memories or unseen presences. Beautiful first, unsettling second. Explosive outward movement, fragmented forms, dramatic displacement, extreme scale variation and dense controlled complexity radiating through the composition. Charcoal and black with burning gold and solar orange. Something enormous is barely perceptible within the scene, read only as a shape in the mist, the stone or the shadow."
52,0052_haunted_nightmarish_stillness_dead_forest_organic_geometry.jpg,halloween,haunted,nightmarish,stillness,dead_forest,organic_geometry,611966982,previews/studio/halloween/0052_haunted_nightmarish_stillness_dead_forest_organic_geometry.jpg,wallpapers/studio/halloween/0052_haunted_nightmarish_stillness_dead_forest_organic_geometry.jpg,64325,ok,"A single striking Halloween artwork made as a mobile phone wallpaper. One extraordinary focal idea, composed as a scene rather than an arrangement of seasonal objects. Vertical 9:16 mobile wallpaper, full-bleed edge to edge composition. The upper region of the frame is open and unadorned — atmosphere, gradient falloff or empty depth, no detail and no focal point there. The principal subject sits in the lower two thirds, weighted below centre and placed off the vertical axis. Clear depth across three planes: near, middle and far. No text, no letterforms, no numerals, no signature, no watermark, no logo, no border and no frame. A vast supernatural environment of impossible haunted mansions, ruined castles, forgotten estates and ancient graveyards. Architecture feels alive and subtly wrong: impossible corridors, leaning towers, illuminated windows, monumental gates and structures disappearing into fog. Unseen inhabitants are suggested through distant lights, silhouettes and movement. Elegant gothic horror. Unnatural lighting, extreme scale, distorted depth and impossible shadows make the scene feel like a vivid nightmare. Familiar forms become subtly wrong and visual logic begins to break down. Intensely unsettling and surreal, sophisticated and visually spectacular. Centered, balanced composition with generous negative space, minimal directional movement, simple large forms and a strong sense of visual stability. Umber, moss green and rust against smoky black. Living forms arranged into exact geometry, or geometry grown the way a plant grows."
266,0266_harvest_ominous_stillness_ghostlight_beautiful_decay.jpg,halloween,harvest,ominous,stillness,ghostlight,beautiful_decay,1725537028,previews/studio/halloween/0266_harvest_ominous_stillness_ghostlight_beautiful_decay.jpg,wallpapers/studio/halloween/0266_harvest_ominous_stillness_ghostlight_beautiful_decay.jpg,64379,ok,"A single striking Halloween artwork made as a mobile phone wallpaper. One extraordinary focal idea, composed as a scene rather than an arrangement of seasonal objects. Vertical 9:16 mobile wallpaper, full-bleed edge to edge composition. The upper region of the frame is open and unadorned — atmosphere, gradient falloff or empty depth, no detail and no focal point there. The principal subject sits in the lower two thirds, weighted below centre and placed off the vertical axis. Clear depth across three planes: near, middle and far. No text, no letterforms, no numerals, no signature, no watermark, no logo, no border and no frame. An enchanted late-autumn world overtaken by twisted vines, enormous pumpkins, ancient orchards, cornfields, wheat, gnarled wood and strange harvest monuments. Natural forms grow into impossible structures and creatures beneath enormous autumn moons. Rich, tactile and slightly threatening, balancing folk-horror mystery with spectacular seasonal beauty. Heavy darkness, approaching weather, deep directional shadows and isolated pools of illumination create mounting tension. The composition suggests that something enormous is about to happen without revealing exactly what it is. Centered, balanced composition with generous negative space, minimal directional movement, simple large forms and a strong sense of visual stability. Spectral cyan, pale aqua and icy white against midnight blue. Ruin rendered as splendour: collapse, erosion and overgrowth arranged into something lovelier than the intact thing was."
471,0471_gothic_ominous_stillness_eclipse_material_transformation.jpg,halloween,gothic,ominous,stillness,eclipse,material_transformation,424021695,previews/studio/halloween/0471_gothic_ominous_stillness_eclipse_material_transformation.jpg,wallpapers/studio/halloween/0471_gothic_ominous_stillness_eclipse_material_transformation.jpg,64376,ok,"A single striking Halloween artwork made as a mobile phone wallpaper. One extraordinary focal idea, composed as a scene rather than an arrangement of seasonal objects. Vertical 9:16 mobile wallpaper, full-bleed edge to edge composition. The upper region of the frame is open and unadorned — atmosphere, gradient falloff or empty depth, no detail and no focal point there. The principal subject sits in the lower two thirds, weighted below centre and placed off the vertical axis. Clear depth across three planes: near, middle and far. No text, no letterforms, no numerals, no signature, no watermark, no logo, no border and no frame. A monumental dark-romantic world of cathedrals, gargoyles, ruined abbeys, ironwork, ancient stone, enormous windows and impossible vertical architecture. Structures rise dramatically through mist and darkness, illuminated by moonlight, candles and supernatural glow. Ornate, decaying and breathtaking, beauty and menace in equal measure. Heavy darkness, approaching weather, deep directional shadows and isolated pools of illumination create mounting tension. The composition suggests that something enormous is about to happen without revealing exactly what it is. Centered, balanced composition with generous negative space, minimal directional movement, simple large forms and a strong sense of visual stability. Charcoal and black with burning gold and solar orange. One substance becomes another mid-form: stone into smoke, water into glass, cloth into flame."
53,0053_haunted_majestic_drift_dead_forest_something_watching.jpg,halloween,haunted,majestic,drift,dead_forest,something_watching,1118919096,previews/studio/halloween/0053_haunted_majestic_drift_dead_forest_something_watching.jpg,wallpapers/studio/halloween/0053_haunted_majestic_drift_dead_forest_something_watching.jpg,63853,ok,"A single striking Halloween artwork made as a mobile phone wallpaper. One extraordinary focal idea, composed as a scene rather than an arrangement of seasonal objects. Vertical 9:16 mobile wallpaper, full-bleed edge to edge composition. The upper region of the frame is open and unadorned — atmosphere, gradient falloff or empty depth, no detail and no focal point there. The principal subject sits in the lower two thirds, weighted below centre and placed off the vertical axis. Clear depth across three planes: near, middle and far. No text, no letterforms, no numerals, no signature, no watermark, no logo, no border and no frame. A vast supernatural environment of impossible haunted mansions, ruined castles, forgotten estates and ancient graveyards. Architecture feels alive and subtly wrong: impossible corridors, leaning towers, illuminated windows, monumental gates and structures disappearing into fog. Unseen inhabitants are suggested through distant lights, silhouettes and movement. Elegant gothic horror. Grand cinematic illumination, monumental scale, deep dimensional contrast and radiant focal light. Darkness frames moments of extraordinary beauty and power. The scene inspires awe as much as fear, treating Halloween fantasy with the visual grandeur of an epic myth. Gentle directional movement, softly displaced forms, subtle asymmetry and relaxed visual flow across the composition. Umber, moss green and rust against smoky black. The composition is arranged around an unseen observer, and the scene knows it is being looked at."
267,0267_harvest_macabre_drift_ghostlight_hidden_presence.jpg,halloween,harvest,macabre,drift,ghostlight,hidden_presence,85005495,previews/studio/halloween/0267_harvest_macabre_drift_ghostlight_hidden_presence.jpg,wallpapers/studio/halloween/0267_harvest_macabre_drift_ghostlight_hidden_presence.jpg,64705,ok,"A single striking Halloween artwork made as a mobile phone wallpaper. One extraordinary focal idea, composed as a scene rather than an arrangement of seasonal objects. Vertical 9:16 mobile wallpaper, full-bleed edge to edge composition. The upper region of the frame is open and unadorned — atmosphere, gradient falloff or empty depth, no detail and no focal point there. The principal subject sits in the lower two thirds, weighted below centre and placed off the vertical axis. Clear depth across three planes: near, middle and far. No text, no letterforms, no numerals, no signature, no watermark, no logo, no border and no frame. An enchanted late-autumn world overtaken by twisted vines, enormous pumpkins, ancient orchards, cornfields, wheat, gnarled wood and strange harvest monuments. Natural forms grow into impossible structures and creatures beneath enormous autumn moons. Rich, tactile and slightly threatening, balancing folk-horror mystery with spectacular seasonal beauty. Elegant darkness with stronger mortality and decay: aged surfaces, skeletal forms, dead vegetation, ruined grandeur and stark chiaroscuro. Sophisticated gothic beauty, disturbing details used sparingly against richly rendered darkness. Gentle directional movement, softly displaced forms, subtle asymmetry and relaxed visual flow across the composition. Spectral cyan, pale aqua and icy white against midnight blue. Something enormous is barely perceptible within the scene, read only as a shape in the mist, the stone or the shadow."
472,0472_gothic_ominous_eruption_phantom_rose_material_transformation.jpg,halloween,gothic,ominous,eruption,phantom_rose,material_transformation,930973809,previews/studio/halloween/0472_gothic_ominous_eruption_phantom_rose_material_transformation.jpg,wallpapers/studio/halloween/0472_gothic_ominous_eruption_phantom_rose_material_transformation.jpg,63689,ok,"A single striking Halloween artwork made as a mobile phone wallpaper. One extraordinary focal idea, composed as a scene rather than an arrangement of seasonal objects. Vertical 9:16 mobile wallpaper, full-bleed edge to edge composition. The upper region of the frame is open and unadorned — atmosphere, gradient falloff or empty depth, no detail and no focal point there. The principal subject sits in the lower two thirds, weighted below centre and placed off the vertical axis. Clear depth across three planes: near, middle and far. No text, no letterforms, no numerals, no signature, no watermark, no logo, no border and no frame. A monumental dark-romantic world of cathedrals, gargoyles, ruined abbeys, ironwork, ancient stone, enormous windows and impossible vertical architecture. Structures rise dramatically through mist and darkness, illuminated by moonlight, candles and supernatural glow. Ornate, decaying and breathtaking, beauty and menace in equal measure. Heavy darkness, approaching weather, deep directional shadows and isolated pools of illumination create mounting tension. The composition suggests that something enormous is about to happen without revealing exactly what it is. Explosive outward movement, fragmented forms, dramatic displacement, extreme scale variation and dense controlled complexity radiating through the composition. Spectral lavender, dusty rose and pale moonlight against smoky violet. One substance becomes another mid-form: stone into smoke, water into glass, cloth into flame."
54,0054_haunted_bewitched_flow_dead_forest_impossible_scale.jpg,halloween,haunted,bewitched,flow,dead_forest,impossible_scale,1625871210,previews/studio/halloween/0054_haunted_bewitched_flow_dead_forest_impossible_scale.jpg,wallpapers/studio/halloween/0054_haunted_bewitched_flow_dead_forest_impossible_scale.jpg,64365,ok,"A single striking Halloween artwork made as a mobile phone wallpaper. One extraordinary focal idea, composed as a scene rather than an arrangement of seasonal objects. Vertical 9:16 mobile wallpaper, full-bleed edge to edge composition. The upper region of the frame is open and unadorned — atmosphere, gradient falloff or empty depth, no detail and no focal point there. The principal subject sits in the lower two thirds, weighted below centre and placed off the vertical axis. Clear depth across three planes: near, middle and far. No text, no letterforms, no numerals, no signature, no watermark, no logo, no border and no frame. A vast supernatural environment of impossible haunted mansions, ruined castles, forgotten estates and ancient graveyards. Architecture feels alive and subtly wrong: impossible corridors, leaning towers, illuminated windows, monumental gates and structures disappearing into fog. Unseen inhabitants are suggested through distant lights, silhouettes and movement. Elegant gothic horror. Seductive supernatural illumination, luminous haze and mysterious coloured light. Shadows remain soft and dimensional while magical highlights appear unexpectedly throughout the scene. Enchanting, mysterious and beautiful, with a subtle sense that something impossible is happening. Continuous sweeping movement, interconnected forms, graceful curves and clear directional pathways carrying the eye through the composition. Umber, moss green and rust against smoky black. One element is vastly larger than it could be, dwarfing everything around it."
268,0268_harvest_nightmarish_flow_ghostlight_material_transformation.jpg,halloween,harvest,nightmarish,flow,ghostlight,material_transformation,591957609,previews/studio/halloween/0268_harvest_nightmarish_flow_ghostlight_material_transformation.jpg,wallpapers/studio/halloween/0268_harvest_nightmarish_flow_ghostlight_material_transformation.jpg,64658,ok,"A single striking Halloween artwork made as a mobile phone wallpaper. One extraordinary focal idea, composed as a scene rather than an arrangement of seasonal objects. Vertical 9:16 mobile wallpaper, full-bleed edge to edge composition. The upper region of the frame is open and unadorned — atmosphere, gradient falloff or empty depth, no detail and no focal point there. The principal subject sits in the lower two thirds, weighted below centre and placed off the vertical axis. Clear depth across three planes: near, middle and far. No text, no letterforms, no numerals, no signature, no watermark, no logo, no border and no frame. An enchanted late-autumn world overtaken by twisted vines, enormous pumpkins, ancient orchards, cornfields, wheat, gnarled wood and strange harvest monuments. Natural forms grow into impossible structures and creatures beneath enormous autumn moons. Rich, tactile and slightly threatening, balancing folk-horror mystery with spectacular seasonal beauty. Unnatural lighting, extreme scale, distorted depth and impossible shadows make the scene feel like a vivid nightmare. Familiar forms become subtly wrong and visual logic begins to break down. Intensely unsettling and surreal, sophisticated and visually spectacular. Continuous sweeping movement, interconnected forms, graceful curves and clear directional pathways carrying the eye through the composition. Spectral cyan, pale aqua and icy white against midnight blue. One substance becomes another mid-form: stone into smoke, water into glass, cloth into flame."
473,0473_gothic_macabre_stillness_phantom_rose_unnatural_light.jpg,halloween,gothic,macabre,stillness,phantom_rose,unnatural_light,1437925923,previews/studio/halloween/0473_gothic_macabre_stillness_phantom_rose_unnatural_light.jpg,wallpapers/studio/halloween/0473_gothic_macabre_stillness_phantom_rose_unnatural_light.jpg,64122,ok,"A single striking Halloween artwork made as a mobile phone wallpaper. One extraordinary focal idea, composed as a scene rather than an arrangement of seasonal objects. Vertical 9:16 mobile wallpaper, full-bleed edge to edge composition. The upper region of the frame is open and unadorned — atmosphere, gradient falloff or empty depth, no detail and no focal point there. The principal subject sits in the lower two thirds, weighted below centre and placed off the vertical axis. Clear depth across three planes: near, middle and far. No text, no letterforms, no numerals, no signature, no watermark, no logo, no border and no frame. A monumental dark-romantic world of cathedrals, gargoyles, ruined abbeys, ironwork, ancient stone, enormous windows and impossible vertical architecture. Structures rise dramatically through mist and darkness, illuminated by moonlight, candles and supernatural glow. Ornate, decaying and breathtaking, beauty and menace in equal measure. Elegant darkness with stronger mortality and decay: aged surfaces, skeletal forms, dead vegetation, ruined grandeur and stark chiaroscuro. Sophisticated gothic beauty, disturbing details used sparingly against richly rendered darkness. Centered, balanced composition with generous negative space, minimal directional movement, simple large forms and a strong sense of visual stability. Spectral lavender, dusty rose and pale moonlight against smoky violet. Light behaves impossibly: falling upward, casting the wrong shadow, glowing from within a solid, or illuminating only one thing."
55,0055_haunted_haunting_surge_dead_forest_living_architecture.jpg,halloween,haunted,haunting,surge,dead_forest,living_architecture,2132823324,previews/studio/halloween/0055_haunted_haunting_surge_dead_forest_living_architecture.jpg,wallpapers/studio/halloween/0055_haunted_haunting_surge_dead_forest_living_architecture.jpg,64352,ok,"A single striking Halloween artwork made as a mobile phone wallpaper. One extraordinary focal idea, composed as a scene rather than an arrangement of seasonal objects. Vertical 9:16 mobile wallpaper, full-bleed edge to edge composition. The upper region of the frame is open and unadorned — atmosphere, gradient falloff or empty depth, no detail and no focal point there. The principal subject sits in the lower two thirds, weighted below centre and placed off the vertical axis. Clear depth across three planes: near, middle and far. No text, no letterforms, no numerals, no signature, no watermark, no logo, no border and no frame. A vast supernatural environment of impossible haunted mansions, ruined castles, forgotten estates and ancient graveyards. Architecture feels alive and subtly wrong: impossible corridors, leaning towers, illuminated windows, monumental gates and structures disappearing into fog. Unseen inhabitants are suggested through distant lights, silhouettes and movement. Elegant gothic horror. Quiet, melancholy and deeply atmospheric. Diffused moonlight, pale illumination, long shadows, drifting fog and restrained contrast create the feeling of a place inhabited by memories or unseen presences. Beautiful first, unsettling second. Forceful directional movement, strong diagonals, overlapping forms, dynamic scale changes and pronounced visual momentum. Umber, moss green and rust against smoky black. Built structures behave like a creature: breathing, watching, reaching, or forming a silhouette that is almost a body."
269,0269_harvest_majestic_surge_ghostlight_unnatural_light.jpg,halloween,harvest,majestic,surge,ghostlight,unnatural_light,1098909723,previews/studio/halloween/0269_harvest_majestic_surge_ghostlight_unnatural_light.jpg,wallpapers/studio/halloween/0269_harvest_majestic_surge_ghostlight_unnatural_light.jpg,64486,ok,"A single striking Halloween artwork made as a mobile phone wallpaper. One extraordinary focal idea, composed as a scene rather than an arrangement of seasonal objects. Vertical 9:16 mobile wallpaper, full-bleed edge to edge composition. The upper region of the frame is open and unadorned — atmosphere, gradient falloff or empty depth, no detail and no focal point there. The principal subject sits in the lower two thirds, weighted below centre and placed off the vertical axis. Clear depth across three planes: near, middle and far. No text, no letterforms, no numerals, no signature, no watermark, no logo, no border and no frame. An enchanted late-autumn world overtaken by twisted vines, enormous pumpkins, ancient orchards, cornfields, wheat, gnarled wood and strange harvest monuments. Natural forms grow into impossible structures and creatures beneath enormous autumn moons. Rich, tactile and slightly threatening, balancing folk-horror mystery with spectacular seasonal beauty. Grand cinematic illumination, monumental scale, deep dimensional contrast and radiant focal light. Darkness frames moments of extraordinary beauty and power. The scene inspires awe as much as fear, treating Halloween fantasy with the visual grandeur of an epic myth. Forceful directional movement, strong diagonals, overlapping forms, dynamic scale changes and pronounced visual momentum. Spectral cyan, pale aqua and icy white against midnight blue. Light behaves impossibly: falling upward, casting the wrong shadow, glowing from within a solid, or illuminating only one thing."
474,0474_gothic_nightmarish_drift_phantom_rose_ancient_monument.jpg,halloween,gothic,nightmarish,drift,phantom_rose,ancient_monument,1944878037,previews/studio/halloween/0474_gothic_nightmarish_drift_phantom_rose_ancient_monument.jpg,wallpapers/studio/halloween/0474_gothic_nightmarish_drift_phantom_rose_ancient_monument.jpg,63605,ok,"A single striking Halloween artwork made as a mobile phone wallpaper. One extraordinary focal idea, composed as a scene rather than an arrangement of seasonal objects. Vertical 9:16 mobile wallpaper, full-bleed edge to edge composition. The upper region of the frame is open and unadorned — atmosphere, gradient falloff or empty depth, no detail and no focal point there. The principal subject sits in the lower two thirds, weighted below centre and placed off the vertical axis. Clear depth across three planes: near, middle and far. No text, no letterforms, no numerals, no signature, no watermark, no logo, no border and no frame. A monumental dark-romantic world of cathedrals, gargoyles, ruined abbeys, ironwork, ancient stone, enormous windows and impossible vertical architecture. Structures rise dramatically through mist and darkness, illuminated by moonlight, candles and supernatural glow. Ornate, decaying and breathtaking, beauty and menace in equal measure. Unnatural lighting, extreme scale, distorted depth and impossible shadows make the scene feel like a vivid nightmare. Familiar forms become subtly wrong and visual logic begins to break down. Intensely unsettling and surreal, sophisticated and visually spectacular. Gentle directional movement, softly displaced forms, subtle asymmetry and relaxed visual flow across the composition. Spectral lavender, dusty rose and pale moonlight against smoky violet. A single colossal made object dominates, older than anything around it and built for a purpose nobody remembers."
56,0056_haunted_haunting_flow_gothic_jewel_living_architecture.jpg,halloween,haunted,haunting,flow,gothic_jewel,living_architecture,492291791,previews/studio/halloween/0056_haunted_haunting_flow_gothic_jewel_living_architecture.jpg,wallpapers/studio/halloween/0056_haunted_haunting_flow_gothic_jewel_living_architecture.jpg,63696,ok,"A single striking Halloween artwork made as a mobile phone wallpaper. One extraordinary focal idea, composed as a scene rather than an arrangement of seasonal objects. Vertical 9:16 mobile wallpaper, full-bleed edge to edge composition. The upper region of the frame is open and unadorned — atmosphere, gradient falloff or empty depth, no detail and no focal point there. The principal subject sits in the lower two thirds, weighted below centre and placed off the vertical axis. Clear depth across three planes: near, middle and far. No text, no letterforms, no numerals, no signature, no watermark, no logo, no border and no frame. A vast supernatural environment of impossible haunted mansions, ruined castles, forgotten estates and ancient graveyards. Architecture feels alive and subtly wrong: impossible corridors, leaning towers, illuminated windows, monumental gates and structures disappearing into fog. Unseen inhabitants are suggested through distant lights, silhouettes and movement. Elegant gothic horror. Quiet, melancholy and deeply atmospheric. Diffused moonlight, pale illumination, long shadows, drifting fog and restrained contrast create the feeling of a place inhabited by memories or unseen presences. Beautiful first, unsettling second. Continuous sweeping movement, interconnected forms, graceful curves and clear directional pathways carrying the eye through the composition. Garnet, emerald, sapphire and amethyst with antique gold. Built structures behave like a creature: breathing, watching, reaching, or forming a silhouette that is almost a body."
270,0270_harvest_bewitched_eruption_ghostlight_ancient_monument.jpg,halloween,harvest,bewitched,eruption,ghostlight,ancient_monument,1605861837,previews/studio/halloween/0270_harvest_bewitched_eruption_ghostlight_ancient_monument.jpg,wallpapers/studio/halloween/0270_harvest_bewitched_eruption_ghostlight_ancient_monument.jpg,64237,ok,"A single striking Halloween artwork made as a mobile phone wallpaper. One extraordinary focal idea, composed as a scene rather than an arrangement of seasonal objects. Vertical 9:16 mobile wallpaper, full-bleed edge to edge composition. The upper region of the frame is open and unadorned — atmosphere, gradient falloff or empty depth, no detail and no focal point there. The principal subject sits in the lower two thirds, weighted below centre and placed off the vertical axis. Clear depth across three planes: near, middle and far. No text, no letterforms, no numerals, no signature, no watermark, no logo, no border and no frame. An enchanted late-autumn world overtaken by twisted vines, enormous pumpkins, ancient orchards, cornfields, wheat, gnarled wood and strange harvest monuments. Natural forms grow into impossible structures and creatures beneath enormous autumn moons. Rich, tactile and slightly threatening, balancing folk-horror mystery with spectacular seasonal beauty. Seductive supernatural illumination, luminous haze and mysterious coloured light. Shadows remain soft and dimensional while magical highlights appear unexpectedly throughout the scene. Enchanting, mysterious and beautiful, with a subtle sense that something impossible is happening. Explosive outward movement, fragmented forms, dramatic displacement, extreme scale variation and dense controlled complexity radiating through the composition. Spectral cyan, pale aqua and icy white against midnight blue. A single colossal made object dominates, older than anything around it and built for a purpose nobody remembers."
475,0475_gothic_majestic_flow_phantom_rose_endless_depth.jpg,halloween,gothic,majestic,flow,phantom_rose,endless_depth,304346504,previews/studio/halloween/0475_gothic_majestic_flow_phantom_rose_endless_depth.jpg,wallpapers/studio/halloween/0475_gothic_majestic_flow_phantom_rose_endless_depth.jpg,64248,ok,"A single striking Halloween artwork made as a mobile phone wallpaper. One extraordinary focal idea, composed as a scene rather than an arrangement of seasonal objects. Vertical 9:16 mobile wallpaper, full-bleed edge to edge composition. The upper region of the frame is open and unadorned — atmosphere, gradient falloff or empty depth, no detail and no focal point there. The principal subject sits in the lower two thirds, weighted below centre and placed off the vertical axis. Clear depth across three planes: near, middle and far. No text, no letterforms, no numerals, no signature, no watermark, no logo, no border and no frame. A monumental dark-romantic world of cathedrals, gargoyles, ruined abbeys, ironwork, ancient stone, enormous windows and impossible vertical architecture. Structures rise dramatically through mist and darkness, illuminated by moonlight, candles and supernatural glow. Ornate, decaying and breathtaking, beauty and menace in equal measure. Grand cinematic illumination, monumental scale, deep dimensional contrast and radiant focal light. Darkness frames moments of extraordinary beauty and power. The scene inspires awe as much as fear, treating Halloween fantasy with the visual grandeur of an epic myth. Continuous sweeping movement, interconnected forms, graceful curves and clear directional pathways carrying the eye through the composition. Spectral lavender, dusty rose and pale moonlight against smoky violet. The scene recedes far past where it should end, plane behind plane into immeasurable distance."
57,0057_haunted_ominous_surge_gothic_jewel_beautiful_decay.jpg,halloween,haunted,ominous,surge,gothic_jewel,beautiful_decay,999243905,previews/studio/halloween/0057_haunted_ominous_surge_gothic_jewel_beautiful_decay.jpg,wallpapers/studio/halloween/0057_haunted_ominous_surge_gothic_jewel_beautiful_decay.jpg,63874,ok,"A single striking Halloween artwork made as a mobile phone wallpaper. One extraordinary focal idea, composed as a scene rather than an arrangement of seasonal objects. Vertical 9:16 mobile wallpaper, full-bleed edge to edge composition. The upper region of the frame is open and unadorned — atmosphere, gradient falloff or empty depth, no detail and no focal point there. The principal subject sits in the lower two thirds, weighted below centre and placed off the vertical axis. Clear depth across three planes: near, middle and far. No text, no letterforms, no numerals, no signature, no watermark, no logo, no border and no frame. A vast supernatural environment of impossible haunted mansions, ruined castles, forgotten estates and ancient graveyards. Architecture feels alive and subtly wrong: impossible corridors, leaning towers, illuminated windows, monumental gates and structures disappearing into fog. Unseen inhabitants are suggested through distant lights, silhouettes and movement. Elegant gothic horror. Heavy darkness, approaching weather, deep directional shadows and isolated pools of illumination create mounting tension. The composition suggests that something enormous is about to happen without revealing exactly what it is. Forceful directional movement, strong diagonals, overlapping forms, dynamic scale changes and pronounced visual momentum. Garnet, emerald, sapphire and amethyst with antique gold. Ruin rendered as splendour: collapse, erosion and overgrowth arranged into something lovelier than the intact thing was."
271,0271_harvest_haunting_stillness_ghostlight_endless_depth.jpg,halloween,harvest,haunting,stillness,ghostlight,endless_depth,2112813951,previews/studio/halloween/0271_harvest_haunting_stillness_ghostlight_endless_depth.jpg,wallpapers/studio/halloween/0271_harvest_haunting_stillness_ghostlight_endless_depth.jpg,65291,ok,"A single striking Halloween artwork made as a mobile phone wallpaper. One extraordinary focal idea, composed as a scene rather than an arrangement of seasonal objects. Vertical 9:16 mobile wallpaper, full-bleed edge to edge composition. The upper region of the frame is open and unadorned — atmosphere, gradient falloff or empty depth, no detail and no focal point there. The principal subject sits in the lower two thirds, weighted below centre and placed off the vertical axis. Clear depth across three planes: near, middle and far. No text, no letterforms, no numerals, no signature, no watermark, no logo, no border and no frame. An enchanted late-autumn world overtaken by twisted vines, enormous pumpkins, ancient orchards, cornfields, wheat, gnarled wood and strange harvest monuments. Natural forms grow into impossible structures and creatures beneath enormous autumn moons. Rich, tactile and slightly threatening, balancing folk-horror mystery with spectacular seasonal beauty. Quiet, melancholy and deeply atmospheric. Diffused moonlight, pale illumination, long shadows, drifting fog and restrained contrast create the feeling of a place inhabited by memories or unseen presences. Beautiful first, unsettling second. Centered, balanced composition with generous negative space, minimal directional movement, simple large forms and a strong sense of visual stability. Spectral cyan, pale aqua and icy white against midnight blue. The scene recedes far past where it should end, plane behind plane into immeasurable distance."
476,0476_gothic_bewitched_surge_phantom_rose_emerging_form.jpg,halloween,gothic,bewitched,surge,phantom_rose,emerging_form,811298618,previews/studio/halloween/0476_gothic_bewitched_surge_phantom_rose_emerging_form.jpg,wallpapers/studio/halloween/0476_gothic_bewitched_surge_phantom_rose_emerging_form.jpg,64773,ok,"A single striking Halloween artwork made as a mobile phone wallpaper. One extraordinary focal idea, composed as a scene rather than an arrangement of seasonal objects. Vertical 9:16 mobile wallpaper, full-bleed edge to edge composition. The upper region of the frame is open and unadorned — atmosphere, gradient falloff or empty depth, no detail and no focal point there. The principal subject sits in the lower two thirds, weighted below centre and placed off the vertical axis. Clear depth across three planes: near, middle and far. No text, no letterforms, no numerals, no signature, no watermark, no logo, no border and no frame. A monumental dark-romantic world of cathedrals, gargoyles, ruined abbeys, ironwork, ancient stone, enormous windows and impossible vertical architecture. Structures rise dramatically through mist and darkness, illuminated by moonlight, candles and supernatural glow. Ornate, decaying and breathtaking, beauty and menace in equal measure. Seductive supernatural illumination, luminous haze and mysterious coloured light. Shadows remain soft and dimensional while magical highlights appear unexpectedly throughout the scene. Enchanting, mysterious and beautiful, with a subtle sense that something impossible is happening. Forceful directional movement, strong diagonals, overlapping forms, dynamic scale changes and pronounced visual momentum. Spectral lavender, dusty rose and pale moonlight against smoky violet. A shape is resolving out of the environment itself, half-formed and still becoming."
58,0058_haunted_macabre_eruption_gothic_jewel_hidden_presence.jpg,halloween,haunted,macabre,eruption,gothic_jewel,hidden_presence,1506196019,previews/studio/halloween/0058_haunted_macabre_eruption_gothic_jewel_hidden_presence.jpg,wallpapers/studio/halloween/0058_haunted_macabre_eruption_gothic_jewel_hidden_presence.jpg,63928,ok,"A single striking Halloween artwork made as a mobile phone wallpaper. One extraordinary focal idea, composed as a scene rather than an arrangement of seasonal objects. Vertical 9:16 mobile wallpaper, full-bleed edge to edge composition. The upper region of the frame is open and unadorned — atmosphere, gradient falloff or empty depth, no detail and no focal point there. The principal subject sits in the lower two thirds, weighted below centre and placed off the vertical axis. Clear depth across three planes: near, middle and far. No text, no letterforms, no numerals, no signature, no watermark, no logo, no border and no frame. A vast supernatural environment of impossible haunted mansions, ruined castles, forgotten estates and ancient graveyards. Architecture feels alive and subtly wrong: impossible corridors, leaning towers, illuminated windows, monumental gates and structures disappearing into fog. Unseen inhabitants are suggested through distant lights, silhouettes and movement. Elegant gothic horror. Elegant darkness with stronger mortality and decay: aged surfaces, skeletal forms, dead vegetation, ruined grandeur and stark chiaroscuro. Sophisticated gothic beauty, disturbing details used sparingly against richly rendered darkness. Explosive outward movement, fragmented forms, dramatic displacement, extreme scale variation and dense controlled complexity radiating through the composition. Garnet, emerald, sapphire and amethyst with antique gold. Something enormous is barely perceptible within the scene, read only as a shape in the mist, the stone or the shadow."
272,0272_harvest_haunting_eruption_poison_endless_depth.jpg,halloween,harvest,haunting,eruption,poison,endless_depth,472282418,previews/studio/halloween/0272_harvest_haunting_eruption_poison_endless_depth.jpg,wallpapers/studio/halloween/0272_harvest_haunting_eruption_poison_endless_depth.jpg,64573,ok,"A single striking Halloween artwork made as a mobile phone wallpaper. One extraordinary focal idea, composed as a scene rather than an arrangement of seasonal objects. Vertical 9:16 mobile wallpaper, full-bleed edge to edge composition. The upper region of the frame is open and unadorned — atmosphere, gradient falloff or empty depth, no detail and no focal point there. The principal subject sits in the lower two thirds, weighted below centre and placed off the vertical axis. Clear depth across three planes: near, middle and far. No text, no letterforms, no numerals, no signature, no watermark, no logo, no border and no frame. An enchanted late-autumn world overtaken by twisted vines, enormous pumpkins, ancient orchards, cornfields, wheat, gnarled wood and strange harvest monuments. Natural forms grow into impossible structures and creatures beneath enormous autumn moons. Rich, tactile and slightly threatening, balancing folk-horror mystery with spectacular seasonal beauty. Quiet, melancholy and deeply atmospheric. Diffused moonlight, pale illumination, long shadows, drifting fog and restrained contrast create the feeling of a place inhabited by memories or unseen presences. Beautiful first, unsettling second. Explosive outward movement, fragmented forms, dramatic displacement, extreme scale variation and dense controlled complexity radiating through the composition. Acid green, emerald and chartreuse against black. The scene recedes far past where it should end, plane behind plane into immeasurable distance."
477,0477_gothic_haunting_eruption_phantom_rose_impossible_weather.jpg,halloween,gothic,haunting,eruption,phantom_rose,impossible_weather,1318250732,previews/studio/halloween/0477_gothic_haunting_eruption_phantom_rose_impossible_weather.jpg,wallpapers/studio/halloween/0477_gothic_haunting_eruption_phantom_rose_impossible_weather.jpg,64220,ok,"A single striking Halloween artwork made as a mobile phone wallpaper. One extraordinary focal idea, composed as a scene rather than an arrangement of seasonal objects. Vertical 9:16 mobile wallpaper, full-bleed edge to edge composition. The upper region of the frame is open and unadorned — atmosphere, gradient falloff or empty depth, no detail and no focal point there. The principal subject sits in the lower two thirds, weighted below centre and placed off the vertical axis. Clear depth across three planes: near, middle and far. No text, no letterforms, no numerals, no signature, no watermark, no logo, no border and no frame. A monumental dark-romantic world of cathedrals, gargoyles, ruined abbeys, ironwork, ancient stone, enormous windows and impossible vertical architecture. Structures rise dramatically through mist and darkness, illuminated by moonlight, candles and supernatural glow. Ornate, decaying and breathtaking, beauty and menace in equal measure. Quiet, melancholy and deeply atmospheric. Diffused moonlight, pale illumination, long shadows, drifting fog and restrained contrast create the feeling of a place inhabited by memories or unseen presences. Beautiful first, unsettling second. Explosive outward movement, fragmented forms, dramatic displacement, extreme scale variation and dense controlled complexity radiating through the composition. Spectral lavender, dusty rose and pale moonlight against smoky violet. The atmosphere does something it could not: falling upward, standing still, burning, or moving as one body."
59,0059_haunted_nightmarish_stillness_gothic_jewel_material_transformation.jpg,halloween,haunted,nightmarish,stillness,gothic_jewel,material_transformation,2013148133,previews/studio/halloween/0059_haunted_nightmarish_stillness_gothic_jewel_material_transformation.jpg,wallpapers/studio/halloween/0059_haunted_nightmarish_stillness_gothic_jewel_material_transformation.jpg,63869,ok,"A single striking Halloween artwork made as a mobile phone wallpaper. One extraordinary focal idea, composed as a scene rather than an arrangement of seasonal objects. Vertical 9:16 mobile wallpaper, full-bleed edge to edge composition. The upper region of the frame is open and unadorned — atmosphere, gradient falloff or empty depth, no detail and no focal point there. The principal subject sits in the lower two thirds, weighted below centre and placed off the vertical axis. Clear depth across three planes: near, middle and far. No text, no letterforms, no numerals, no signature, no watermark, no logo, no border and no frame. A vast supernatural environment of impossible haunted mansions, ruined castles, forgotten estates and ancient graveyards. Architecture feels alive and subtly wrong: impossible corridors, leaning towers, illuminated windows, monumental gates and structures disappearing into fog. Unseen inhabitants are suggested through distant lights, silhouettes and movement. Elegant gothic horror. Unnatural lighting, extreme scale, distorted depth and impossible shadows make the scene feel like a vivid nightmare. Familiar forms become subtly wrong and visual logic begins to break down. Intensely unsettling and surreal, sophisticated and visually spectacular. Centered, balanced composition with generous negative space, minimal directional movement, simple large forms and a strong sense of visual stability. Garnet, emerald, sapphire and amethyst with antique gold. One substance becomes another mid-form: stone into smoke, water into glass, cloth into flame."
273,0273_harvest_ominous_stillness_poison_emerging_form.jpg,halloween,harvest,ominous,stillness,poison,emerging_form,979234532,previews/studio/halloween/0273_harvest_ominous_stillness_poison_emerging_form.jpg,wallpapers/studio/halloween/0273_harvest_ominous_stillness_poison_emerging_form.jpg,65445,ok,"A single striking Halloween artwork made as a mobile phone wallpaper. One extraordinary focal idea, composed as a scene rather than an arrangement of seasonal objects. Vertical 9:16 mobile wallpaper, full-bleed edge to edge composition. The upper region of the frame is open and unadorned — atmosphere, gradient falloff or empty depth, no detail and no focal point there. The principal subject sits in the lower two thirds, weighted below centre and placed off the vertical axis. Clear depth across three planes: near, middle and far. No text, no letterforms, no numerals, no signature, no watermark, no logo, no border and no frame. An enchanted late-autumn world overtaken by twisted vines, enormous pumpkins, ancient orchards, cornfields, wheat, gnarled wood and strange harvest monuments. Natural forms grow into impossible structures and creatures beneath enormous autumn moons. Rich, tactile and slightly threatening, balancing folk-horror mystery with spectacular seasonal beauty. Heavy darkness, approaching weather, deep directional shadows and isolated pools of illumination create mounting tension. The composition suggests that something enormous is about to happen without revealing exactly what it is. Centered, balanced composition with generous negative space, minimal directional movement, simple large forms and a strong sense of visual stability. Acid green, emerald and chartreuse against black. A shape is resolving out of the environment itself, half-formed and still becoming."
478,0478_gothic_ominous_stillness_phantom_rose_organic_geometry.jpg,halloween,gothic,ominous,stillness,phantom_rose,organic_geometry,1825202846,previews/studio/halloween/0478_gothic_ominous_stillness_phantom_rose_organic_geometry.jpg,wallpapers/studio/halloween/0478_gothic_ominous_stillness_phantom_rose_organic_geometry.jpg,63370,ok,"A single striking Halloween artwork made as a mobile phone wallpaper. One extraordinary focal idea, composed as a scene rather than an arrangement of seasonal objects. Vertical 9:16 mobile wallpaper, full-bleed edge to edge composition. The upper region of the frame is open and unadorned — atmosphere, gradient falloff or empty depth, no detail and no focal point there. The principal subject sits in the lower two thirds, weighted below centre and placed off the vertical axis. Clear depth across three planes: near, middle and far. No text, no letterforms, no numerals, no signature, no watermark, no logo, no border and no frame. A monumental dark-romantic world of cathedrals, gargoyles, ruined abbeys, ironwork, ancient stone, enormous windows and impossible vertical architecture. Structures rise dramatically through mist and darkness, illuminated by moonlight, candles and supernatural glow. Ornate, decaying and breathtaking, beauty and menace in equal measure. Heavy darkness, approaching weather, deep directional shadows and isolated pools of illumination create mounting tension. The composition suggests that something enormous is about to happen without revealing exactly what it is. Centered, balanced composition with generous negative space, minimal directional movement, simple large forms and a strong sense of visual stability. Spectral lavender, dusty rose and pale moonlight against smoky violet. Living forms arranged into exact geometry, or geometry grown the way a plant grows."
60,0060_haunted_majestic_drift_gothic_jewel_unnatural_light.jpg,halloween,haunted,majestic,drift,gothic_jewel,unnatural_light,372616600,previews/studio/halloween/0060_haunted_majestic_drift_gothic_jewel_unnatural_light.jpg,wallpapers/studio/halloween/0060_haunted_majestic_drift_gothic_jewel_unnatural_light.jpg,64111,ok,"A single striking Halloween artwork made as a mobile phone wallpaper. One extraordinary focal idea, composed as a scene rather than an arrangement of seasonal objects. Vertical 9:16 mobile wallpaper, full-bleed edge to edge composition. The upper region of the frame is open and unadorned — atmosphere, gradient falloff or empty depth, no detail and no focal point there. The principal subject sits in the lower two thirds, weighted below centre and placed off the vertical axis. Clear depth across three planes: near, middle and far. No text, no letterforms, no numerals, no signature, no watermark, no logo, no border and no frame. A vast supernatural environment of impossible haunted mansions, ruined castles, forgotten estates and ancient graveyards. Architecture feels alive and subtly wrong: impossible corridors, leaning towers, illuminated windows, monumental gates and structures disappearing into fog. Unseen inhabitants are suggested through distant lights, silhouettes and movement. Elegant gothic horror. Grand cinematic illumination, monumental scale, deep dimensional contrast and radiant focal light. Darkness frames moments of extraordinary beauty and power. The scene inspires awe as much as fear, treating Halloween fantasy with the visual grandeur of an epic myth. Gentle directional movement, softly displaced forms, subtle asymmetry and relaxed visual flow across the composition. Garnet, emerald, sapphire and amethyst with antique gold. Light behaves impossibly: falling upward, casting the wrong shadow, glowing from within a solid, or illuminating only one thing."
274,0274_harvest_macabre_drift_poison_impossible_weather.jpg,halloween,harvest,macabre,drift,poison,impossible_weather,1486186646,previews/studio/halloween/0274_harvest_macabre_drift_poison_impossible_weather.jpg,wallpapers/studio/halloween/0274_harvest_macabre_drift_poison_impossible_weather.jpg,64595,ok,"A single striking Halloween artwork made as a mobile phone wallpaper. One extraordinary focal idea, composed as a scene rather than an arrangement of seasonal objects. Vertical 9:16 mobile wallpaper, full-bleed edge to edge composition. The upper region of the frame is open and unadorned — atmosphere, gradient falloff or empty depth, no detail and no focal point there. The principal subject sits in the lower two thirds, weighted below centre and placed off the vertical axis. Clear depth across three planes: near, middle and far. No text, no letterforms, no numerals, no signature, no watermark, no logo, no border and no frame. An enchanted late-autumn world overtaken by twisted vines, enormous pumpkins, ancient orchards, cornfields, wheat, gnarled wood and strange harvest monuments. Natural forms grow into impossible structures and creatures beneath enormous autumn moons. Rich, tactile and slightly threatening, balancing folk-horror mystery with spectacular seasonal beauty. Elegant darkness with stronger mortality and decay: aged surfaces, skeletal forms, dead vegetation, ruined grandeur and stark chiaroscuro. Sophisticated gothic beauty, disturbing details used sparingly against richly rendered darkness. Gentle directional movement, softly displaced forms, subtle asymmetry and relaxed visual flow across the composition. Acid green, emerald and chartreuse against black. The atmosphere does something it could not: falling upward, standing still, burning, or moving as one body."
479,0479_gothic_macabre_drift_phantom_rose_something_watching.jpg,halloween,gothic,macabre,drift,phantom_rose,something_watching,184671313,previews/studio/halloween/0479_gothic_macabre_drift_phantom_rose_something_watching.jpg,wallpapers/studio/halloween/0479_gothic_macabre_drift_phantom_rose_something_watching.jpg,64423,ok,"A single striking Halloween artwork made as a mobile phone wallpaper. One extraordinary focal idea, composed as a scene rather than an arrangement of seasonal objects. Vertical 9:16 mobile wallpaper, full-bleed edge to edge composition. The upper region of the frame is open and unadorned — atmosphere, gradient falloff or empty depth, no detail and no focal point there. The principal subject sits in the lower two thirds, weighted below centre and placed off the vertical axis. Clear depth across three planes: near, middle and far. No text, no letterforms, no numerals, no signature, no watermark, no logo, no border and no frame. A monumental dark-romantic world of cathedrals, gargoyles, ruined abbeys, ironwork, ancient stone, enormous windows and impossible vertical architecture. Structures rise dramatically through mist and darkness, illuminated by moonlight, candles and supernatural glow. Ornate, decaying and breathtaking, beauty and menace in equal measure. Elegant darkness with stronger mortality and decay: aged surfaces, skeletal forms, dead vegetation, ruined grandeur and stark chiaroscuro. Sophisticated gothic beauty, disturbing details used sparingly against richly rendered darkness. Gentle directional movement, softly displaced forms, subtle asymmetry and relaxed visual flow across the composition. Spectral lavender, dusty rose and pale moonlight against smoky violet. The composition is arranged around an unseen observer, and the scene knows it is being looked at."
61,0061_haunted_bewitched_flow_gothic_jewel_ancient_monument.jpg,halloween,haunted,bewitched,flow,gothic_jewel,ancient_monument,879568714,previews/studio/halloween/0061_haunted_bewitched_flow_gothic_jewel_ancient_monument.jpg,wallpapers/studio/halloween/0061_haunted_bewitched_flow_gothic_jewel_ancient_monument.jpg,64233,ok,"A single striking Halloween artwork made as a mobile phone wallpaper. One extraordinary focal idea, composed as a scene rather than an arrangement of seasonal objects. Vertical 9:16 mobile wallpaper, full-bleed edge to edge composition. The upper region of the frame is open and unadorned — atmosphere, gradient falloff or empty depth, no detail and no focal point there. The principal subject sits in the lower two thirds, weighted below centre and placed off the vertical axis. Clear depth across three planes: near, middle and far. No text, no letterforms, no numerals, no signature, no watermark, no logo, no border and no frame. A vast supernatural environment of impossible haunted mansions, ruined castles, forgotten estates and ancient graveyards. Architecture feels alive and subtly wrong: impossible corridors, leaning towers, illuminated windows, monumental gates and structures disappearing into fog. Unseen inhabitants are suggested through distant lights, silhouettes and movement. Elegant gothic horror. Seductive supernatural illumination, luminous haze and mysterious coloured light. Shadows remain soft and dimensional while magical highlights appear unexpectedly throughout the scene. Enchanting, mysterious and beautiful, with a subtle sense that something impossible is happening. Continuous sweeping movement, interconnected forms, graceful curves and clear directional pathways carrying the eye through the composition. Garnet, emerald, sapphire and amethyst with antique gold. A single colossal made object dominates, older than anything around it and built for a purpose nobody remembers."
275,0275_harvest_nightmarish_flow_poison_organic_geometry.jpg,halloween,harvest,nightmarish,flow,poison,organic_geometry,1993138760,previews/studio/halloween/0275_harvest_nightmarish_flow_poison_organic_geometry.jpg,wallpapers/studio/halloween/0275_harvest_nightmarish_flow_poison_organic_geometry.jpg,65076,ok,"A single striking Halloween artwork made as a mobile phone wallpaper. One extraordinary focal idea, composed as a scene rather than an arrangement of seasonal objects. Vertical 9:16 mobile wallpaper, full-bleed edge to edge composition. The upper region of the frame is open and unadorned — atmosphere, gradient falloff or empty depth, no detail and no focal point there. The principal subject sits in the lower two thirds, weighted below centre and placed off the vertical axis. Clear depth across three planes: near, middle and far. No text, no letterforms, no numerals, no signature, no watermark, no logo, no border and no frame. An enchanted late-autumn world overtaken by twisted vines, enormous pumpkins, ancient orchards, cornfields, wheat, gnarled wood and strange harvest monuments. Natural forms grow into impossible structures and creatures beneath enormous autumn moons. Rich, tactile and slightly threatening, balancing folk-horror mystery with spectacular seasonal beauty. Unnatural lighting, extreme scale, distorted depth and impossible shadows make the scene feel like a vivid nightmare. Familiar forms become subtly wrong and visual logic begins to break down. Intensely unsettling and surreal, sophisticated and visually spectacular. Continuous sweeping movement, interconnected forms, graceful curves and clear directional pathways carrying the eye through the composition. Acid green, emerald and chartreuse against black. Living forms arranged into exact geometry, or geometry grown the way a plant grows."
480,0480_nightmare_bewitched_stillness_blood_moon_ancient_monument.jpg,halloween,nightmare,bewitched,stillness,blood_moon,ancient_monument,691623427,previews/studio/halloween/0480_nightmare_bewitched_stillness_blood_moon_ancient_monument.jpg,wallpapers/studio/halloween/0480_nightmare_bewitched_stillness_blood_moon_ancient_monument.jpg,64026,ok,"A single striking Halloween artwork made as a mobile phone wallpaper. One extraordinary focal idea, composed as a scene rather than an arrangement of seasonal objects. Vertical 9:16 mobile wallpaper, full-bleed edge to edge composition. The upper region of the frame is open and unadorned — atmosphere, gradient falloff or empty depth, no detail and no focal point there. The principal subject sits in the lower two thirds, weighted below centre and placed off the vertical axis. Clear depth across three planes: near, middle and far. No text, no letterforms, no numerals, no signature, no watermark, no logo, no border and no frame. A surreal dream-world where familiar reality has become beautifully impossible. Landscapes bend, structures grow organically, enormous mysterious creatures appear at impossible scale and ordinary objects transform into unsettling forms. Dream logic replaces physics. Strange and psychologically eerie, and visually beautiful. Seductive supernatural illumination, luminous haze and mysterious coloured light. Shadows remain soft and dimensional while magical highlights appear unexpectedly throughout the scene. Enchanting, mysterious and beautiful, with a subtle sense that something impossible is happening. Centered, balanced composition with generous negative space, minimal directional movement, simple large forms and a strong sense of visual stability. Blood red, crimson and burnt orange against black. A single colossal made object dominates, older than anything around it and built for a purpose nobody remembers."
62,0062_haunted_haunting_surge_gothic_jewel_endless_depth.jpg,halloween,haunted,haunting,surge,gothic_jewel,endless_depth,1386520828,previews/studio/halloween/0062_haunted_haunting_surge_gothic_jewel_endless_depth.jpg,wallpapers/studio/halloween/0062_haunted_haunting_surge_gothic_jewel_endless_depth.jpg,64810,ok,"A single striking Halloween artwork made as a mobile phone wallpaper. One extraordinary focal idea, composed as a scene rather than an arrangement of seasonal objects. Vertical 9:16 mobile wallpaper, full-bleed edge to edge composition. The upper region of the frame is open and unadorned — atmosphere, gradient falloff or empty depth, no detail and no focal point there. The principal subject sits in the lower two thirds, weighted below centre and placed off the vertical axis. Clear depth across three planes: near, middle and far. No text, no letterforms, no numerals, no signature, no watermark, no logo, no border and no frame. A vast supernatural environment of impossible haunted mansions, ruined castles, forgotten estates and ancient graveyards. Architecture feels alive and subtly wrong: impossible corridors, leaning towers, illuminated windows, monumental gates and structures disappearing into fog. Unseen inhabitants are suggested through distant lights, silhouettes and movement. Elegant gothic horror. Quiet, melancholy and deeply atmospheric. Diffused moonlight, pale illumination, long shadows, drifting fog and restrained contrast create the feeling of a place inhabited by memories or unseen presences. Beautiful first, unsettling second. Forceful directional movement, strong diagonals, overlapping forms, dynamic scale changes and pronounced visual momentum. Garnet, emerald, sapphire and amethyst with antique gold. The scene recedes far past where it should end, plane behind plane into immeasurable distance."
276,0276_harvest_majestic_surge_poison_something_watching.jpg,halloween,harvest,majestic,surge,poison,something_watching,352607227,previews/studio/halloween/0276_harvest_majestic_surge_poison_something_watching.jpg,wallpapers/studio/halloween/0276_harvest_majestic_surge_poison_something_watching.jpg,65444,ok,"A single striking Halloween artwork made as a mobile phone wallpaper. One extraordinary focal idea, composed as a scene rather than an arrangement of seasonal objects. Vertical 9:16 mobile wallpaper, full-bleed edge to edge composition. The upper region of the frame is open and unadorned — atmosphere, gradient falloff or empty depth, no detail and no focal point there. The principal subject sits in the lower two thirds, weighted below centre and placed off the vertical axis. Clear depth across three planes: near, middle and far. No text, no letterforms, no numerals, no signature, no watermark, no logo, no border and no frame. An enchanted late-autumn world overtaken by twisted vines, enormous pumpkins, ancient orchards, cornfields, wheat, gnarled wood and strange harvest monuments. Natural forms grow into impossible structures and creatures beneath enormous autumn moons. Rich, tactile and slightly threatening, balancing folk-horror mystery with spectacular seasonal beauty. Grand cinematic illumination, monumental scale, deep dimensional contrast and radiant focal light. Darkness frames moments of extraordinary beauty and power. The scene inspires awe as much as fear, treating Halloween fantasy with the visual grandeur of an epic myth. Forceful directional movement, strong diagonals, overlapping forms, dynamic scale changes and pronounced visual momentum. Acid green, emerald and chartreuse against black. The composition is arranged around an unseen observer, and the scene knows it is being looked at."
481,0481_nightmare_haunting_drift_blood_moon_endless_depth.jpg,halloween,nightmare,haunting,drift,blood_moon,endless_depth,1198575541,previews/studio/halloween/0481_nightmare_haunting_drift_blood_moon_endless_depth.jpg,wallpapers/studio/halloween/0481_nightmare_haunting_drift_blood_moon_endless_depth.jpg,65242,ok,"A single striking Halloween artwork made as a mobile phone wallpaper. One extraordinary focal idea, composed as a scene rather than an arrangement of seasonal objects. Vertical 9:16 mobile wallpaper, full-bleed edge to edge composition. The upper region of the frame is open and unadorned — atmosphere, gradient falloff or empty depth, no detail and no focal point there. The principal subject sits in the lower two thirds, weighted below centre and placed off the vertical axis. Clear depth across three planes: near, middle and far. No text, no letterforms, no numerals, no signature, no watermark, no logo, no border and no frame. A surreal dream-world where familiar reality has become beautifully impossible. Landscapes bend, structures grow organically, enormous mysterious creatures appear at impossible scale and ordinary objects transform into unsettling forms. Dream logic replaces physics. Strange and psychologically eerie, and visually beautiful. Quiet, melancholy and deeply atmospheric. Diffused moonlight, pale illumination, long shadows, drifting fog and restrained contrast create the feeling of a place inhabited by memories or unseen presences. Beautiful first, unsettling second. Gentle directional movement, softly displaced forms, subtle asymmetry and relaxed visual flow across the composition. Blood red, crimson and burnt orange against black. The scene recedes far past where it should end, plane behind plane into immeasurable distance."
63,0063_haunted_ominous_eruption_gothic_jewel_emerging_form.jpg,halloween,haunted,ominous,eruption,gothic_jewel,emerging_form,1893472942,previews/studio/halloween/0063_haunted_ominous_eruption_gothic_jewel_emerging_form.jpg,wallpapers/studio/halloween/0063_haunted_ominous_eruption_gothic_jewel_emerging_form.jpg,64402,ok,"A single striking Halloween artwork made as a mobile phone wallpaper. One extraordinary focal idea, composed as a scene rather than an arrangement of seasonal objects. Vertical 9:16 mobile wallpaper, full-bleed edge to edge composition. The upper region of the frame is open and unadorned — atmosphere, gradient falloff or empty depth, no detail and no focal point there. The principal subject sits in the lower two thirds, weighted below centre and placed off the vertical axis. Clear depth across three planes: near, middle and far. No text, no letterforms, no numerals, no signature, no watermark, no logo, no border and no frame. A vast supernatural environment of impossible haunted mansions, ruined castles, forgotten estates and ancient graveyards. Architecture feels alive and subtly wrong: impossible corridors, leaning towers, illuminated windows, monumental gates and structures disappearing into fog. Unseen inhabitants are suggested through distant lights, silhouettes and movement. Elegant gothic horror. Heavy darkness, approaching weather, deep directional shadows and isolated pools of illumination create mounting tension. The composition suggests that something enormous is about to happen without revealing exactly what it is. Explosive outward movement, fragmented forms, dramatic displacement, extreme scale variation and dense controlled complexity radiating through the composition. Garnet, emerald, sapphire and amethyst with antique gold. A shape is resolving out of the environment itself, half-formed and still becoming."
277,0277_harvest_bewitched_eruption_poison_impossible_scale.jpg,halloween,harvest,bewitched,eruption,poison,impossible_scale,859559341,previews/studio/halloween/0277_harvest_bewitched_eruption_poison_impossible_scale.jpg,wallpapers/studio/halloween/0277_harvest_bewitched_eruption_poison_impossible_scale.jpg,64889,ok,"A single striking Halloween artwork made as a mobile phone wallpaper. One extraordinary focal idea, composed as a scene rather than an arrangement of seasonal objects. Vertical 9:16 mobile wallpaper, full-bleed edge to edge composition. The upper region of the frame is open and unadorned — atmosphere, gradient falloff or empty depth, no detail and no focal point there. The principal subject sits in the lower two thirds, weighted below centre and placed off the vertical axis. Clear depth across three planes: near, middle and far. No text, no letterforms, no numerals, no signature, no watermark, no logo, no border and no frame. An enchanted late-autumn world overtaken by twisted vines, enormous pumpkins, ancient orchards, cornfields, wheat, gnarled wood and strange harvest monuments. Natural forms grow into impossible structures and creatures beneath enormous autumn moons. Rich, tactile and slightly threatening, balancing folk-horror mystery with spectacular seasonal beauty. Seductive supernatural illumination, luminous haze and mysterious coloured light. Shadows remain soft and dimensional while magical highlights appear unexpectedly throughout the scene. Enchanting, mysterious and beautiful, with a subtle sense that something impossible is happening. Explosive outward movement, fragmented forms, dramatic displacement, extreme scale variation and dense controlled complexity radiating through the composition. Acid green, emerald and chartreuse against black. One element is vastly larger than it could be, dwarfing everything around it."
482,0482_nightmare_ominous_flow_blood_moon_emerging_form.jpg,halloween,nightmare,ominous,flow,blood_moon,emerging_form,1705527655,previews/studio/halloween/0482_nightmare_ominous_flow_blood_moon_emerging_form.jpg,wallpapers/studio/halloween/0482_nightmare_ominous_flow_blood_moon_emerging_form.jpg,63867,ok,"A single striking Halloween artwork made as a mobile phone wallpaper. One extraordinary focal idea, composed as a scene rather than an arrangement of seasonal objects. Vertical 9:16 mobile wallpaper, full-bleed edge to edge composition. The upper region of the frame is open and unadorned — atmosphere, gradient falloff or empty depth, no detail and no focal point there. The principal subject sits in the lower two thirds, weighted below centre and placed off the vertical axis. Clear depth across three planes: near, middle and far. No text, no letterforms, no numerals, no signature, no watermark, no logo, no border and no frame. A surreal dream-world where familiar reality has become beautifully impossible. Landscapes bend, structures grow organically, enormous mysterious creatures appear at impossible scale and ordinary objects transform into unsettling forms. Dream logic replaces physics. Strange and psychologically eerie, and visually beautiful. Heavy darkness, approaching weather, deep directional shadows and isolated pools of illumination create mounting tension. The composition suggests that something enormous is about to happen without revealing exactly what it is. Continuous sweeping movement, interconnected forms, graceful curves and clear directional pathways carrying the eye through the composition. Blood red, crimson and burnt orange against black. A shape is resolving out of the environment itself, half-formed and still becoming."
64,0064_haunted_ominous_surge_eclipse_emerging_form.jpg,halloween,haunted,ominous,surge,eclipse,emerging_form,252941409,previews/studio/halloween/0064_haunted_ominous_surge_eclipse_emerging_form.jpg,wallpapers/studio/halloween/0064_haunted_ominous_surge_eclipse_emerging_form.jpg,63671,ok,"A single striking Halloween artwork made as a mobile phone wallpaper. One extraordinary focal idea, composed as a scene rather than an arrangement of seasonal objects. Vertical 9:16 mobile wallpaper, full-bleed edge to edge composition. The upper region of the frame is open and unadorned — atmosphere, gradient falloff or empty depth, no detail and no focal point there. The principal subject sits in the lower two thirds, weighted below centre and placed off the vertical axis. Clear depth across three planes: near, middle and far. No text, no letterforms, no numerals, no signature, no watermark, no logo, no border and no frame. A vast supernatural environment of impossible haunted mansions, ruined castles, forgotten estates and ancient graveyards. Architecture feels alive and subtly wrong: impossible corridors, leaning towers, illuminated windows, monumental gates and structures disappearing into fog. Unseen inhabitants are suggested through distant lights, silhouettes and movement. Elegant gothic horror. Heavy darkness, approaching weather, deep directional shadows and isolated pools of illumination create mounting tension. The composition suggests that something enormous is about to happen without revealing exactly what it is. Forceful directional movement, strong diagonals, overlapping forms, dynamic scale changes and pronounced visual momentum. Charcoal and black with burning gold and solar orange. A shape is resolving out of the environment itself, half-formed and still becoming."
278,0278_harvest_haunting_stillness_poison_living_architecture.jpg,halloween,harvest,haunting,stillness,poison,living_architecture,1366511455,previews/studio/halloween/0278_harvest_haunting_stillness_poison_living_architecture.jpg,wallpapers/studio/halloween/0278_harvest_haunting_stillness_poison_living_architecture.jpg,64269,ok,"A single striking Halloween artwork made as a mobile phone wallpaper. One extraordinary focal idea, composed as a scene rather than an arrangement of seasonal objects. Vertical 9:16 mobile wallpaper, full-bleed edge to edge composition. The upper region of the frame is open and unadorned — atmosphere, gradient falloff or empty depth, no detail and no focal point there. The principal subject sits in the lower two thirds, weighted below centre and placed off the vertical axis. Clear depth across three planes: near, middle and far. No text, no letterforms, no numerals, no signature, no watermark, no logo, no border and no frame. An enchanted late-autumn world overtaken by twisted vines, enormous pumpkins, ancient orchards, cornfields, wheat, gnarled wood and strange harvest monuments. Natural forms grow into impossible structures and creatures beneath enormous autumn moons. Rich, tactile and slightly threatening, balancing folk-horror mystery with spectacular seasonal beauty. Quiet, melancholy and deeply atmospheric. Diffused moonlight, pale illumination, long shadows, drifting fog and restrained contrast create the feeling of a place inhabited by memories or unseen presences. Beautiful first, unsettling second. Centered, balanced composition with generous negative space, minimal directional movement, simple large forms and a strong sense of visual stability. Acid green, emerald and chartreuse against black. Built structures behave like a creature: breathing, watching, reaching, or forming a silhouette that is almost a body."
483,0483_nightmare_macabre_surge_blood_moon_impossible_weather.jpg,halloween,nightmare,macabre,surge,blood_moon,impossible_weather,64996122,previews/studio/halloween/0483_nightmare_macabre_surge_blood_moon_impossible_weather.jpg,wallpapers/studio/halloween/0483_nightmare_macabre_surge_blood_moon_impossible_weather.jpg,63966,ok,"A single striking Halloween artwork made as a mobile phone wallpaper. One extraordinary focal idea, composed as a scene rather than an arrangement of seasonal objects. Vertical 9:16 mobile wallpaper, full-bleed edge to edge composition. The upper region of the frame is open and unadorned — atmosphere, gradient falloff or empty depth, no detail and no focal point there. The principal subject sits in the lower two thirds, weighted below centre and placed off the vertical axis. Clear depth across three planes: near, middle and far. No text, no letterforms, no numerals, no signature, no watermark, no logo, no border and no frame. A surreal dream-world where familiar reality has become beautifully impossible. Landscapes bend, structures grow organically, enormous mysterious creatures appear at impossible scale and ordinary objects transform into unsettling forms. Dream logic replaces physics. Strange and psychologically eerie, and visually beautiful. Elegant darkness with stronger mortality and decay: aged surfaces, skeletal forms, dead vegetation, ruined grandeur and stark chiaroscuro. Sophisticated gothic beauty, disturbing details used sparingly against richly rendered darkness. Forceful directional movement, strong diagonals, overlapping forms, dynamic scale changes and pronounced visual momentum. Blood red, crimson and burnt orange against black. The atmosphere does something it could not: falling upward, standing still, burning, or moving as one body."
65,0065_haunted_macabre_eruption_eclipse_impossible_weather.jpg,halloween,haunted,macabre,eruption,eclipse,impossible_weather,759893523,previews/studio/halloween/0065_haunted_macabre_eruption_eclipse_impossible_weather.jpg,wallpapers/studio/halloween/0065_haunted_macabre_eruption_eclipse_impossible_weather.jpg,63944,ok,"A single striking Halloween artwork made as a mobile phone wallpaper. One extraordinary focal idea, composed as a scene rather than an arrangement of seasonal objects. Vertical 9:16 mobile wallpaper, full-bleed edge to edge composition. The upper region of the frame is open and unadorned — atmosphere, gradient falloff or empty depth, no detail and no focal point there. The principal subject sits in the lower two thirds, weighted below centre and placed off the vertical axis. Clear depth across three planes: near, middle and far. No text, no letterforms, no numerals, no signature, no watermark, no logo, no border and no frame. A vast supernatural environment of impossible haunted mansions, ruined castles, forgotten estates and ancient graveyards. Architecture feels alive and subtly wrong: impossible corridors, leaning towers, illuminated windows, monumental gates and structures disappearing into fog. Unseen inhabitants are suggested through distant lights, silhouettes and movement. Elegant gothic horror. Elegant darkness with stronger mortality and decay: aged surfaces, skeletal forms, dead vegetation, ruined grandeur and stark chiaroscuro. Sophisticated gothic beauty, disturbing details used sparingly against richly rendered darkness. Explosive outward movement, fragmented forms, dramatic displacement, extreme scale variation and dense controlled complexity radiating through the composition. Charcoal and black with burning gold and solar orange. The atmosphere does something it could not: falling upward, standing still, burning, or moving as one body."
279,0279_harvest_ominous_drift_poison_beautiful_decay.jpg,halloween,harvest,ominous,drift,poison,beautiful_decay,1873463569,previews/studio/halloween/0279_harvest_ominous_drift_poison_beautiful_decay.jpg,wallpapers/studio/halloween/0279_harvest_ominous_drift_poison_beautiful_decay.jpg,65719,ok,"A single striking Halloween artwork made as a mobile phone wallpaper. One extraordinary focal idea, composed as a scene rather than an arrangement of seasonal objects. Vertical 9:16 mobile wallpaper, full-bleed edge to edge composition. The upper region of the frame is open and unadorned — atmosphere, gradient falloff or empty depth, no detail and no focal point there. The principal subject sits in the lower two thirds, weighted below centre and placed off the vertical axis. Clear depth across three planes: near, middle and far. No text, no letterforms, no numerals, no signature, no watermark, no logo, no border and no frame. An enchanted late-autumn world overtaken by twisted vines, enormous pumpkins, ancient orchards, cornfields, wheat, gnarled wood and strange harvest monuments. Natural forms grow into impossible structures and creatures beneath enormous autumn moons. Rich, tactile and slightly threatening, balancing folk-horror mystery with spectacular seasonal beauty. Heavy darkness, approaching weather, deep directional shadows and isolated pools of illumination create mounting tension. The composition suggests that something enormous is about to happen without revealing exactly what it is. Gentle directional movement, softly displaced forms, subtle asymmetry and relaxed visual flow across the composition. Acid green, emerald and chartreuse against black. Ruin rendered as splendour: collapse, erosion and overgrowth arranged into something lovelier than the intact thing was."
484,0484_nightmare_nightmarish_eruption_blood_moon_organic_geometry.jpg,halloween,nightmare,nightmarish,eruption,blood_moon,organic_geometry,571948236,previews/studio/halloween/0484_nightmare_nightmarish_eruption_blood_moon_organic_geometry.jpg,wallpapers/studio/halloween/0484_nightmare_nightmarish_eruption_blood_moon_organic_geometry.jpg,64417,ok,"A single striking Halloween artwork made as a mobile phone wallpaper. One extraordinary focal idea, composed as a scene rather than an arrangement of seasonal objects. Vertical 9:16 mobile wallpaper, full-bleed edge to edge composition. The upper region of the frame is open and unadorned — atmosphere, gradient falloff or empty depth, no detail and no focal point there. The principal subject sits in the lower two thirds, weighted below centre and placed off the vertical axis. Clear depth across three planes: near, middle and far. No text, no letterforms, no numerals, no signature, no watermark, no logo, no border and no frame. A surreal dream-world where familiar reality has become beautifully impossible. Landscapes bend, structures grow organically, enormous mysterious creatures appear at impossible scale and ordinary objects transform into unsettling forms. Dream logic replaces physics. Strange and psychologically eerie, and visually beautiful. Unnatural lighting, extreme scale, distorted depth and impossible shadows make the scene feel like a vivid nightmare. Familiar forms become subtly wrong and visual logic begins to break down. Intensely unsettling and surreal, sophisticated and visually spectacular. Explosive outward movement, fragmented forms, dramatic displacement, extreme scale variation and dense controlled complexity radiating through the composition. Blood red, crimson and burnt orange against black. Living forms arranged into exact geometry, or geometry grown the way a plant grows."
66,0066_haunted_nightmarish_stillness_eclipse_organic_geometry.jpg,halloween,haunted,nightmarish,stillness,eclipse,organic_geometry,1266845637,previews/studio/halloween/0066_haunted_nightmarish_stillness_eclipse_organic_geometry.jpg,wallpapers/studio/halloween/0066_haunted_nightmarish_stillness_eclipse_organic_geometry.jpg,64155,ok,"A single striking Halloween artwork made as a mobile phone wallpaper. One extraordinary focal idea, composed as a scene rather than an arrangement of seasonal objects. Vertical 9:16 mobile wallpaper, full-bleed edge to edge composition. The upper region of the frame is open and unadorned — atmosphere, gradient falloff or empty depth, no detail and no focal point there. The principal subject sits in the lower two thirds, weighted below centre and placed off the vertical axis. Clear depth across three planes: near, middle and far. No text, no letterforms, no numerals, no signature, no watermark, no logo, no border and no frame. A vast supernatural environment of impossible haunted mansions, ruined castles, forgotten estates and ancient graveyards. Architecture feels alive and subtly wrong: impossible corridors, leaning towers, illuminated windows, monumental gates and structures disappearing into fog. Unseen inhabitants are suggested through distant lights, silhouettes and movement. Elegant gothic horror. Unnatural lighting, extreme scale, distorted depth and impossible shadows make the scene feel like a vivid nightmare. Familiar forms become subtly wrong and visual logic begins to break down. Intensely unsettling and surreal, sophisticated and visually spectacular. Centered, balanced composition with generous negative space, minimal directional movement, simple large forms and a strong sense of visual stability. Charcoal and black with burning gold and solar orange. Living forms arranged into exact geometry, or geometry grown the way a plant grows."
280,0280_harvest_ominous_stillness_midnight_beautiful_decay.jpg,halloween,harvest,ominous,stillness,midnight,beautiful_decay,232932036,previews/studio/halloween/0280_harvest_ominous_stillness_midnight_beautiful_decay.jpg,wallpapers/studio/halloween/0280_harvest_ominous_stillness_midnight_beautiful_decay.jpg,66462,ok,"A single striking Halloween artwork made as a mobile phone wallpaper. One extraordinary focal idea, composed as a scene rather than an arrangement of seasonal objects. Vertical 9:16 mobile wallpaper, full-bleed edge to edge composition. The upper region of the frame is open and unadorned — atmosphere, gradient falloff or empty depth, no detail and no focal point there. The principal subject sits in the lower two thirds, weighted below centre and placed off the vertical axis. Clear depth across three planes: near, middle and far. No text, no letterforms, no numerals, no signature, no watermark, no logo, no border and no frame. An enchanted late-autumn world overtaken by twisted vines, enormous pumpkins, ancient orchards, cornfields, wheat, gnarled wood and strange harvest monuments. Natural forms grow into impossible structures and creatures beneath enormous autumn moons. Rich, tactile and slightly threatening, balancing folk-horror mystery with spectacular seasonal beauty. Heavy darkness, approaching weather, deep directional shadows and isolated pools of illumination create mounting tension. The composition suggests that something enormous is about to happen without revealing exactly what it is. Centered, balanced composition with generous negative space, minimal directional movement, simple large forms and a strong sense of visual stability. Midnight blue, indigo and moon silver against near-black. Ruin rendered as splendour: collapse, erosion and overgrowth arranged into something lovelier than the intact thing was."
485,0485_nightmare_majestic_stillness_blood_moon_something_watching.jpg,halloween,nightmare,majestic,stillness,blood_moon,something_watching,1078900350,previews/studio/halloween/0485_nightmare_majestic_stillness_blood_moon_something_watching.jpg,wallpapers/studio/halloween/0485_nightmare_majestic_stillness_blood_moon_something_watching.jpg,64676,ok,"A single striking Halloween artwork made as a mobile phone wallpaper. One extraordinary focal idea, composed as a scene rather than an arrangement of seasonal objects. Vertical 9:16 mobile wallpaper, full-bleed edge to edge composition. The upper region of the frame is open and unadorned — atmosphere, gradient falloff or empty depth, no detail and no focal point there. The principal subject sits in the lower two thirds, weighted below centre and placed off the vertical axis. Clear depth across three planes: near, middle and far. No text, no letterforms, no numerals, no signature, no watermark, no logo, no border and no frame. A surreal dream-world where familiar reality has become beautifully impossible. Landscapes bend, structures grow organically, enormous mysterious creatures appear at impossible scale and ordinary objects transform into unsettling forms. Dream logic replaces physics. Strange and psychologically eerie, and visually beautiful. Grand cinematic illumination, monumental scale, deep dimensional contrast and radiant focal light. Darkness frames moments of extraordinary beauty and power. The scene inspires awe as much as fear, treating Halloween fantasy with the visual grandeur of an epic myth. Centered, balanced composition with generous negative space, minimal directional movement, simple large forms and a strong sense of visual stability. Blood red, crimson and burnt orange against black. The composition is arranged around an unseen observer, and the scene knows it is being looked at."
67,0067_haunted_majestic_drift_eclipse_something_watching.jpg,halloween,haunted,majestic,drift,eclipse,something_watching,1773797751,previews/studio/halloween/0067_haunted_majestic_drift_eclipse_something_watching.jpg,wallpapers/studio/halloween/0067_haunted_majestic_drift_eclipse_something_watching.jpg,64600,ok,"A single striking Halloween artwork made as a mobile phone wallpaper. One extraordinary focal idea, composed as a scene rather than an arrangement of seasonal objects. Vertical 9:16 mobile wallpaper, full-bleed edge to edge composition. The upper region of the frame is open and unadorned — atmosphere, gradient falloff or empty depth, no detail and no focal point there. The principal subject sits in the lower two thirds, weighted below centre and placed off the vertical axis. Clear depth across three planes: near, middle and far. No text, no letterforms, no numerals, no signature, no watermark, no logo, no border and no frame. A vast supernatural environment of impossible haunted mansions, ruined castles, forgotten estates and ancient graveyards. Architecture feels alive and subtly wrong: impossible corridors, leaning towers, illuminated windows, monumental gates and structures disappearing into fog. Unseen inhabitants are suggested through distant lights, silhouettes and movement. Elegant gothic horror. Grand cinematic illumination, monumental scale, deep dimensional contrast and radiant focal light. Darkness frames moments of extraordinary beauty and power. The scene inspires awe as much as fear, treating Halloween fantasy with the visual grandeur of an epic myth. Gentle directional movement, softly displaced forms, subtle asymmetry and relaxed visual flow across the composition. Charcoal and black with burning gold and solar orange. The composition is arranged around an unseen observer, and the scene knows it is being looked at."
281,0281_harvest_macabre_drift_midnight_hidden_presence.jpg,halloween,harvest,macabre,drift,midnight,hidden_presence,739884150,previews/studio/halloween/0281_harvest_macabre_drift_midnight_hidden_presence.jpg,wallpapers/studio/halloween/0281_harvest_macabre_drift_midnight_hidden_presence.jpg,65426,ok,"A single striking Halloween artwork made as a mobile phone wallpaper. One extraordinary focal idea, composed as a scene rather than an arrangement of seasonal objects. Vertical 9:16 mobile wallpaper, full-bleed edge to edge composition. The upper region of the frame is open and unadorned — atmosphere, gradient falloff or empty depth, no detail and no focal point there. The principal subject sits in the lower two thirds, weighted below centre and placed off the vertical axis. Clear depth across three planes: near, middle and far. No text, no letterforms, no numerals, no signature, no watermark, no logo, no border and no frame. An enchanted late-autumn world overtaken by twisted vines, enormous pumpkins, ancient orchards, cornfields, wheat, gnarled wood and strange harvest monuments. Natural forms grow into impossible structures and creatures beneath enormous autumn moons. Rich, tactile and slightly threatening, balancing folk-horror mystery with spectacular seasonal beauty. Elegant darkness with stronger mortality and decay: aged surfaces, skeletal forms, dead vegetation, ruined grandeur and stark chiaroscuro. Sophisticated gothic beauty, disturbing details used sparingly against richly rendered darkness. Gentle directional movement, softly displaced forms, subtle asymmetry and relaxed visual flow across the composition. Midnight blue, indigo and moon silver against near-black. Something enormous is barely perceptible within the scene, read only as a shape in the mist, the stone or the shadow."
486,0486_nightmare_bewitched_drift_blood_moon_impossible_scale.jpg,halloween,nightmare,bewitched,drift,blood_moon,impossible_scale,1585852464,previews/studio/halloween/0486_nightmare_bewitched_drift_blood_moon_impossible_scale.jpg,wallpapers/studio/halloween/0486_nightmare_bewitched_drift_blood_moon_impossible_scale.jpg,64716,ok,"A single striking Halloween artwork made as a mobile phone wallpaper. One extraordinary focal idea, composed as a scene rather than an arrangement of seasonal objects. Vertical 9:16 mobile wallpaper, full-bleed edge to edge composition. The upper region of the frame is open and unadorned — atmosphere, gradient falloff or empty depth, no detail and no focal point there. The principal subject sits in the lower two thirds, weighted below centre and placed off the vertical axis. Clear depth across three planes: near, middle and far. No text, no letterforms, no numerals, no signature, no watermark, no logo, no border and no frame. A surreal dream-world where familiar reality has become beautifully impossible. Landscapes bend, structures grow organically, enormous mysterious creatures appear at impossible scale and ordinary objects transform into unsettling forms. Dream logic replaces physics. Strange and psychologically eerie, and visually beautiful. Seductive supernatural illumination, luminous haze and mysterious coloured light. Shadows remain soft and dimensional while magical highlights appear unexpectedly throughout the scene. Enchanting, mysterious and beautiful, with a subtle sense that something impossible is happening. Gentle directional movement, softly displaced forms, subtle asymmetry and relaxed visual flow across the composition. Blood red, crimson and burnt orange against black. One element is vastly larger than it could be, dwarfing everything around it."
68,0068_haunted_bewitched_flow_eclipse_impossible_scale.jpg,halloween,haunted,bewitched,flow,eclipse,impossible_scale,133266218,previews/studio/halloween/0068_haunted_bewitched_flow_eclipse_impossible_scale.jpg,wallpapers/studio/halloween/0068_haunted_bewitched_flow_eclipse_impossible_scale.jpg,64142,ok,"A single striking Halloween artwork made as a mobile phone wallpaper. One extraordinary focal idea, composed as a scene rather than an arrangement of seasonal objects. Vertical 9:16 mobile wallpaper, full-bleed edge to edge composition. The upper region of the frame is open and unadorned — atmosphere, gradient falloff or empty depth, no detail and no focal point there. The principal subject sits in the lower two thirds, weighted below centre and placed off the vertical axis. Clear depth across three planes: near, middle and far. No text, no letterforms, no numerals, no signature, no watermark, no logo, no border and no frame. A vast supernatural environment of impossible haunted mansions, ruined castles, forgotten estates and ancient graveyards. Architecture feels alive and subtly wrong: impossible corridors, leaning towers, illuminated windows, monumental gates and structures disappearing into fog. Unseen inhabitants are suggested through distant lights, silhouettes and movement. Elegant gothic horror. Seductive supernatural illumination, luminous haze and mysterious coloured light. Shadows remain soft and dimensional while magical highlights appear unexpectedly throughout the scene. Enchanting, mysterious and beautiful, with a subtle sense that something impossible is happening. Continuous sweeping movement, interconnected forms, graceful curves and clear directional pathways carrying the eye through the composition. Charcoal and black with burning gold and solar orange. One element is vastly larger than it could be, dwarfing everything around it."
282,0282_harvest_nightmarish_flow_midnight_material_transformation.jpg,halloween,harvest,nightmarish,flow,midnight,material_transformation,1246836264,previews/studio/halloween/0282_harvest_nightmarish_flow_midnight_material_transformation.jpg,wallpapers/studio/halloween/0282_harvest_nightmarish_flow_midnight_material_transformation.jpg,64568,ok,"A single striking Halloween artwork made as a mobile phone wallpaper. One extraordinary focal idea, composed as a scene rather than an arrangement of seasonal objects. Vertical 9:16 mobile wallpaper, full-bleed edge to edge composition. The upper region of the frame is open and unadorned — atmosphere, gradient falloff or empty depth, no detail and no focal point there. The principal subject sits in the lower two thirds, weighted below centre and placed off the vertical axis. Clear depth across three planes: near, middle and far. No text, no letterforms, no numerals, no signature, no watermark, no logo, no border and no frame. An enchanted late-autumn world overtaken by twisted vines, enormous pumpkins, ancient orchards, cornfields, wheat, gnarled wood and strange harvest monuments. Natural forms grow into impossible structures and creatures beneath enormous autumn moons. Rich, tactile and slightly threatening, balancing folk-horror mystery with spectacular seasonal beauty. Unnatural lighting, extreme scale, distorted depth and impossible shadows make the scene feel like a vivid nightmare. Familiar forms become subtly wrong and visual logic begins to break down. Intensely unsettling and surreal, sophisticated and visually spectacular. Continuous sweeping movement, interconnected forms, graceful curves and clear directional pathways carrying the eye through the composition. Midnight blue, indigo and moon silver against near-black. One substance becomes another mid-form: stone into smoke, water into glass, cloth into flame."
487,0487_nightmare_haunting_flow_blood_moon_living_architecture.jpg,halloween,nightmare,haunting,flow,blood_moon,living_architecture,2092804578,previews/studio/halloween/0487_nightmare_haunting_flow_blood_moon_living_architecture.jpg,wallpapers/studio/halloween/0487_nightmare_haunting_flow_blood_moon_living_architecture.jpg,63976,ok,"A single striking Halloween artwork made as a mobile phone wallpaper. One extraordinary focal idea, composed as a scene rather than an arrangement of seasonal objects. Vertical 9:16 mobile wallpaper, full-bleed edge to edge composition. The upper region of the frame is open and unadorned — atmosphere, gradient falloff or empty depth, no detail and no focal point there. The principal subject sits in the lower two thirds, weighted below centre and placed off the vertical axis. Clear depth across three planes: near, middle and far. No text, no letterforms, no numerals, no signature, no watermark, no logo, no border and no frame. A surreal dream-world where familiar reality has become beautifully impossible. Landscapes bend, structures grow organically, enormous mysterious creatures appear at impossible scale and ordinary objects transform into unsettling forms. Dream logic replaces physics. Strange and psychologically eerie, and visually beautiful. Quiet, melancholy and deeply atmospheric. Diffused moonlight, pale illumination, long shadows, drifting fog and restrained contrast create the feeling of a place inhabited by memories or unseen presences. Beautiful first, unsettling second. Continuous sweeping movement, interconnected forms, graceful curves and clear directional pathways carrying the eye through the composition. Blood red, crimson and burnt orange against black. Built structures behave like a creature: breathing, watching, reaching, or forming a silhouette that is almost a body."
69,0069_haunted_haunting_surge_eclipse_living_architecture.jpg,halloween,haunted,haunting,surge,eclipse,living_architecture,640218332,previews/studio/halloween/0069_haunted_haunting_surge_eclipse_living_architecture.jpg,wallpapers/studio/halloween/0069_haunted_haunting_surge_eclipse_living_architecture.jpg,63756,ok,"A single striking Halloween artwork made as a mobile phone wallpaper. One extraordinary focal idea, composed as a scene rather than an arrangement of seasonal objects. Vertical 9:16 mobile wallpaper, full-bleed edge to edge composition. The upper region of the frame is open and unadorned — atmosphere, gradient falloff or empty depth, no detail and no focal point there. The principal subject sits in the lower two thirds, weighted below centre and placed off the vertical axis. Clear depth across three planes: near, middle and far. No text, no letterforms, no numerals, no signature, no watermark, no logo, no border and no frame. A vast supernatural environment of impossible haunted mansions, ruined castles, forgotten estates and ancient graveyards. Architecture feels alive and subtly wrong: impossible corridors, leaning towers, illuminated windows, monumental gates and structures disappearing into fog. Unseen inhabitants are suggested through distant lights, silhouettes and movement. Elegant gothic horror. Quiet, melancholy and deeply atmospheric. Diffused moonlight, pale illumination, long shadows, drifting fog and restrained contrast create the feeling of a place inhabited by memories or unseen presences. Beautiful first, unsettling second. Forceful directional movement, strong diagonals, overlapping forms, dynamic scale changes and pronounced visual momentum. Charcoal and black with burning gold and solar orange. Built structures behave like a creature: breathing, watching, reaching, or forming a silhouette that is almost a body."
283,0283_harvest_majestic_surge_midnight_unnatural_light.jpg,halloween,harvest,majestic,surge,midnight,unnatural_light,1753788378,previews/studio/halloween/0283_harvest_majestic_surge_midnight_unnatural_light.jpg,wallpapers/studio/halloween/0283_harvest_majestic_surge_midnight_unnatural_light.jpg,64711,ok,"A single striking Halloween artwork made as a mobile phone wallpaper. One extraordinary focal idea, composed as a scene rather than an arrangement of seasonal objects. Vertical 9:16 mobile wallpaper, full-bleed edge to edge composition. The upper region of the frame is open and unadorned — atmosphere, gradient falloff or empty depth, no detail and no focal point there. The principal subject sits in the lower two thirds, weighted below centre and placed off the vertical axis. Clear depth across three planes: near, middle and far. No text, no letterforms, no numerals, no signature, no watermark, no logo, no border and no frame. An enchanted late-autumn world overtaken by twisted vines, enormous pumpkins, ancient orchards, cornfields, wheat, gnarled wood and strange harvest monuments. Natural forms grow into impossible structures and creatures beneath enormous autumn moons. Rich, tactile and slightly threatening, balancing folk-horror mystery with spectacular seasonal beauty. Grand cinematic illumination, monumental scale, deep dimensional contrast and radiant focal light. Darkness frames moments of extraordinary beauty and power. The scene inspires awe as much as fear, treating Halloween fantasy with the visual grandeur of an epic myth. Forceful directional movement, strong diagonals, overlapping forms, dynamic scale changes and pronounced visual momentum. Midnight blue, indigo and moon silver against near-black. Light behaves impossibly: falling upward, casting the wrong shadow, glowing from within a solid, or illuminating only one thing."
488,0488_nightmare_haunting_drift_pumpkin_fire_living_architecture.jpg,halloween,nightmare,haunting,drift,pumpkin_fire,living_architecture,452273045,previews/studio/halloween/0488_nightmare_haunting_drift_pumpkin_fire_living_architecture.jpg,wallpapers/studio/halloween/0488_nightmare_haunting_drift_pumpkin_fire_living_architecture.jpg,64664,ok,"A single striking Halloween artwork made as a mobile phone wallpaper. One extraordinary focal idea, composed as a scene rather than an arrangement of seasonal objects. Vertical 9:16 mobile wallpaper, full-bleed edge to edge composition. The upper region of the frame is open and unadorned — atmosphere, gradient falloff or empty depth, no detail and no focal point there. The principal subject sits in the lower two thirds, weighted below centre and placed off the vertical axis. Clear depth across three planes: near, middle and far. No text, no letterforms, no numerals, no signature, no watermark, no logo, no border and no frame. A surreal dream-world where familiar reality has become beautifully impossible. Landscapes bend, structures grow organically, enormous mysterious creatures appear at impossible scale and ordinary objects transform into unsettling forms. Dream logic replaces physics. Strange and psychologically eerie, and visually beautiful. Quiet, melancholy and deeply atmospheric. Diffused moonlight, pale illumination, long shadows, drifting fog and restrained contrast create the feeling of a place inhabited by memories or unseen presences. Beautiful first, unsettling second. Gentle directional movement, softly displaced forms, subtle asymmetry and relaxed visual flow across the composition. Pumpkin orange, amber and copper against deep umber. Built structures behave like a creature: breathing, watching, reaching, or forming a silhouette that is almost a body."
70,0070_haunted_ominous_eruption_eclipse_beautiful_decay.jpg,halloween,haunted,ominous,eruption,eclipse,beautiful_decay,1147170446,previews/studio/halloween/0070_haunted_ominous_eruption_eclipse_beautiful_decay.jpg,wallpapers/studio/halloween/0070_haunted_ominous_eruption_eclipse_beautiful_decay.jpg,64884,ok,"A single striking Halloween artwork made as a mobile phone wallpaper. One extraordinary focal idea, composed as a scene rather than an arrangement of seasonal objects. Vertical 9:16 mobile wallpaper, full-bleed edge to edge composition. The upper region of the frame is open and unadorned — atmosphere, gradient falloff or empty depth, no detail and no focal point there. The principal subject sits in the lower two thirds, weighted below centre and placed off the vertical axis. Clear depth across three planes: near, middle and far. No text, no letterforms, no numerals, no signature, no watermark, no logo, no border and no frame. A vast supernatural environment of impossible haunted mansions, ruined castles, forgotten estates and ancient graveyards. Architecture feels alive and subtly wrong: impossible corridors, leaning towers, illuminated windows, monumental gates and structures disappearing into fog. Unseen inhabitants are suggested through distant lights, silhouettes and movement. Elegant gothic horror. Heavy darkness, approaching weather, deep directional shadows and isolated pools of illumination create mounting tension. The composition suggests that something enormous is about to happen without revealing exactly what it is. Explosive outward movement, fragmented forms, dramatic displacement, extreme scale variation and dense controlled complexity radiating through the composition. Charcoal and black with burning gold and solar orange. Ruin rendered as splendour: collapse, erosion and overgrowth arranged into something lovelier than the intact thing was."
284,0284_harvest_bewitched_eruption_midnight_ancient_monument.jpg,halloween,harvest,bewitched,eruption,midnight,ancient_monument,113256845,previews/studio/halloween/0284_harvest_bewitched_eruption_midnight_ancient_monument.jpg,wallpapers/studio/halloween/0284_harvest_bewitched_eruption_midnight_ancient_monument.jpg,65711,ok,"A single striking Halloween artwork made as a mobile phone wallpaper. One extraordinary focal idea, composed as a scene rather than an arrangement of seasonal objects. Vertical 9:16 mobile wallpaper, full-bleed edge to edge composition. The upper region of the frame is open and unadorned — atmosphere, gradient falloff or empty depth, no detail and no focal point there. The principal subject sits in the lower two thirds, weighted below centre and placed off the vertical axis. Clear depth across three planes: near, middle and far. No text, no letterforms, no numerals, no signature, no watermark, no logo, no border and no frame. An enchanted late-autumn world overtaken by twisted vines, enormous pumpkins, ancient orchards, cornfields, wheat, gnarled wood and strange harvest monuments. Natural forms grow into impossible structures and creatures beneath enormous autumn moons. Rich, tactile and slightly threatening, balancing folk-horror mystery with spectacular seasonal beauty. Seductive supernatural illumination, luminous haze and mysterious coloured light. Shadows remain soft and dimensional while magical highlights appear unexpectedly throughout the scene. Enchanting, mysterious and beautiful, with a subtle sense that something impossible is happening. Explosive outward movement, fragmented forms, dramatic displacement, extreme scale variation and dense controlled complexity radiating through the composition. Midnight blue, indigo and moon silver against near-black. A single colossal made object dominates, older than anything around it and built for a purpose nobody remembers."
489,0489_nightmare_ominous_flow_pumpkin_fire_beautiful_decay.jpg,halloween,nightmare,ominous,flow,pumpkin_fire,beautiful_decay,959225159,previews/studio/halloween/0489_nightmare_ominous_flow_pumpkin_fire_beautiful_decay.jpg,wallpapers/studio/halloween/0489_nightmare_ominous_flow_pumpkin_fire_beautiful_decay.jpg,64654,ok,"A single striking Halloween artwork made as a mobile phone wallpaper. One extraordinary focal idea, composed as a scene rather than an arrangement of seasonal objects. Vertical 9:16 mobile wallpaper, full-bleed edge to edge composition. The upper region of the frame is open and unadorned — atmosphere, gradient falloff or empty depth, no detail and no focal point there. The principal subject sits in the lower two thirds, weighted below centre and placed off the vertical axis. Clear depth across three planes: near, middle and far. No text, no letterforms, no numerals, no signature, no watermark, no logo, no border and no frame. A surreal dream-world where familiar reality has become beautifully impossible. Landscapes bend, structures grow organically, enormous mysterious creatures appear at impossible scale and ordinary objects transform into unsettling forms. Dream logic replaces physics. Strange and psychologically eerie, and visually beautiful. Heavy darkness, approaching weather, deep directional shadows and isolated pools of illumination create mounting tension. The composition suggests that something enormous is about to happen without revealing exactly what it is. Continuous sweeping movement, interconnected forms, graceful curves and clear directional pathways carrying the eye through the composition. Pumpkin orange, amber and copper against deep umber. Ruin rendered as splendour: collapse, erosion and overgrowth arranged into something lovelier than the intact thing was."
71,0071_haunted_macabre_stillness_eclipse_hidden_presence.jpg,halloween,haunted,macabre,stillness,eclipse,hidden_presence,1654122560,previews/studio/halloween/0071_haunted_macabre_stillness_eclipse_hidden_presence.jpg,wallpapers/studio/halloween/0071_haunted_macabre_stillness_eclipse_hidden_presence.jpg,64611,ok,"A single striking Halloween artwork made as a mobile phone wallpaper. One extraordinary focal idea, composed as a scene rather than an arrangement of seasonal objects. Vertical 9:16 mobile wallpaper, full-bleed edge to edge composition. The upper region of the frame is open and unadorned — atmosphere, gradient falloff or empty depth, no detail and no focal point there. The principal subject sits in the lower two thirds, weighted below centre and placed off the vertical axis. Clear depth across three planes: near, middle and far. No text, no letterforms, no numerals, no signature, no watermark, no logo, no border and no frame. A vast supernatural environment of impossible haunted mansions, ruined castles, forgotten estates and ancient graveyards. Architecture feels alive and subtly wrong: impossible corridors, leaning towers, illuminated windows, monumental gates and structures disappearing into fog. Unseen inhabitants are suggested through distant lights, silhouettes and movement. Elegant gothic horror. Elegant darkness with stronger mortality and decay: aged surfaces, skeletal forms, dead vegetation, ruined grandeur and stark chiaroscuro. Sophisticated gothic beauty, disturbing details used sparingly against richly rendered darkness. Centered, balanced composition with generous negative space, minimal directional movement, simple large forms and a strong sense of visual stability. Charcoal and black with burning gold and solar orange. Something enormous is barely perceptible within the scene, read only as a shape in the mist, the stone or the shadow."
285,0285_harvest_haunting_stillness_midnight_endless_depth.jpg,halloween,harvest,haunting,stillness,midnight,endless_depth,620208959,previews/studio/halloween/0285_harvest_haunting_stillness_midnight_endless_depth.jpg,wallpapers/studio/halloween/0285_harvest_haunting_stillness_midnight_endless_depth.jpg,64991,ok,"A single striking Halloween artwork made as a mobile phone wallpaper. One extraordinary focal idea, composed as a scene rather than an arrangement of seasonal objects. Vertical 9:16 mobile wallpaper, full-bleed edge to edge composition. The upper region of the frame is open and unadorned — atmosphere, gradient falloff or empty depth, no detail and no focal point there. The principal subject sits in the lower two thirds, weighted below centre and placed off the vertical axis. Clear depth across three planes: near, middle and far. No text, no letterforms, no numerals, no signature, no watermark, no logo, no border and no frame. An enchanted late-autumn world overtaken by twisted vines, enormous pumpkins, ancient orchards, cornfields, wheat, gnarled wood and strange harvest monuments. Natural forms grow into impossible structures and creatures beneath enormous autumn moons. Rich, tactile and slightly threatening, balancing folk-horror mystery with spectacular seasonal beauty. Quiet, melancholy and deeply atmospheric. Diffused moonlight, pale illumination, long shadows, drifting fog and restrained contrast create the feeling of a place inhabited by memories or unseen presences. Beautiful first, unsettling second. Centered, balanced composition with generous negative space, minimal directional movement, simple large forms and a strong sense of visual stability. Midnight blue, indigo and moon silver against near-black. The scene recedes far past where it should end, plane behind plane into immeasurable distance."
490,0490_nightmare_macabre_surge_pumpkin_fire_hidden_presence.jpg,halloween,nightmare,macabre,surge,pumpkin_fire,hidden_presence,1466177273,previews/studio/halloween/0490_nightmare_macabre_surge_pumpkin_fire_hidden_presence.jpg,wallpapers/studio/halloween/0490_nightmare_macabre_surge_pumpkin_fire_hidden_presence.jpg,63726,ok,"A single striking Halloween artwork made as a mobile phone wallpaper. One extraordinary focal idea, composed as a scene rather than an arrangement of seasonal objects. Vertical 9:16 mobile wallpaper, full-bleed edge to edge composition. The upper region of the frame is open and unadorned — atmosphere, gradient falloff or empty depth, no detail and no focal point there. The principal subject sits in the lower two thirds, weighted below centre and placed off the vertical axis. Clear depth across three planes: near, middle and far. No text, no letterforms, no numerals, no signature, no watermark, no logo, no border and no frame. A surreal dream-world where familiar reality has become beautifully impossible. Landscapes bend, structures grow organically, enormous mysterious creatures appear at impossible scale and ordinary objects transform into unsettling forms. Dream logic replaces physics. Strange and psychologically eerie, and visually beautiful. Elegant darkness with stronger mortality and decay: aged surfaces, skeletal forms, dead vegetation, ruined grandeur and stark chiaroscuro. Sophisticated gothic beauty, disturbing details used sparingly against richly rendered darkness. Forceful directional movement, strong diagonals, overlapping forms, dynamic scale changes and pronounced visual momentum. Pumpkin orange, amber and copper against deep umber. Something enormous is barely perceptible within the scene, read only as a shape in the mist, the stone or the shadow."
72,0072_haunted_macabre_eruption_phantom_rose_hidden_presence.jpg,halloween,haunted,macabre,eruption,phantom_rose,hidden_presence,13591027,previews/studio/halloween/0072_haunted_macabre_eruption_phantom_rose_hidden_presence.jpg,wallpapers/studio/halloween/0072_haunted_macabre_eruption_phantom_rose_hidden_presence.jpg,64943,ok,"A single striking Halloween artwork made as a mobile phone wallpaper. One extraordinary focal idea, composed as a scene rather than an arrangement of seasonal objects. Vertical 9:16 mobile wallpaper, full-bleed edge to edge composition. The upper region of the frame is open and unadorned — atmosphere, gradient falloff or empty depth, no detail and no focal point there. The principal subject sits in the lower two thirds, weighted below centre and placed off the vertical axis. Clear depth across three planes: near, middle and far. No text, no letterforms, no numerals, no signature, no watermark, no logo, no border and no frame. A vast supernatural environment of impossible haunted mansions, ruined castles, forgotten estates and ancient graveyards. Architecture feels alive and subtly wrong: impossible corridors, leaning towers, illuminated windows, monumental gates and structures disappearing into fog. Unseen inhabitants are suggested through distant lights, silhouettes and movement. Elegant gothic horror. Elegant darkness with stronger mortality and decay: aged surfaces, skeletal forms, dead vegetation, ruined grandeur and stark chiaroscuro. Sophisticated gothic beauty, disturbing details used sparingly against richly rendered darkness. Explosive outward movement, fragmented forms, dramatic displacement, extreme scale variation and dense controlled complexity radiating through the composition. Spectral lavender, dusty rose and pale moonlight against smoky violet. Something enormous is barely perceptible within the scene, read only as a shape in the mist, the stone or the shadow."
286,0286_harvest_ominous_drift_midnight_emerging_form.jpg,halloween,harvest,ominous,drift,midnight,emerging_form,1127161073,previews/studio/halloween/0286_harvest_ominous_drift_midnight_emerging_form.jpg,wallpapers/studio/halloween/0286_harvest_ominous_drift_midnight_emerging_form.jpg,78858,ok,"A single striking Halloween artwork made as a mobile phone wallpaper. One extraordinary focal idea, composed as a scene rather than an arrangement of seasonal objects. Vertical 9:16 mobile wallpaper, full-bleed edge to edge composition. The upper region of the frame is open and unadorned — atmosphere, gradient falloff or empty depth, no detail and no focal point there. The principal subject sits in the lower two thirds, weighted below centre and placed off the vertical axis. Clear depth across three planes: near, middle and far. No text, no letterforms, no numerals, no signature, no watermark, no logo, no border and no frame. An enchanted late-autumn world overtaken by twisted vines, enormous pumpkins, ancient orchards, cornfields, wheat, gnarled wood and strange harvest monuments. Natural forms grow into impossible structures and creatures beneath enormous autumn moons. Rich, tactile and slightly threatening, balancing folk-horror mystery with spectacular seasonal beauty. Heavy darkness, approaching weather, deep directional shadows and isolated pools of illumination create mounting tension. The composition suggests that something enormous is about to happen without revealing exactly what it is. Gentle directional movement, softly displaced forms, subtle asymmetry and relaxed visual flow across the composition. Midnight blue, indigo and moon silver against near-black. A shape is resolving out of the environment itself, half-formed and still becoming."
491,0491_nightmare_nightmarish_eruption_pumpkin_fire_material_transformation.jpg,halloween,nightmare,nightmarish,eruption,pumpkin_fire,material_transformation,1973129387,previews/studio/halloween/0491_nightmare_nightmarish_eruption_pumpkin_fire_material_transformation.jpg,wallpapers/studio/halloween/0491_nightmare_nightmarish_eruption_pumpkin_fire_material_transformation.jpg,74297,ok,"A single striking Halloween artwork made as a mobile phone wallpaper. One extraordinary focal idea, composed as a scene rather than an arrangement of seasonal objects. Vertical 9:16 mobile wallpaper, full-bleed edge to edge composition. The upper region of the frame is open and unadorned — atmosphere, gradient falloff or empty depth, no detail and no focal point there. The principal subject sits in the lower two thirds, weighted below centre and placed off the vertical axis. Clear depth across three planes: near, middle and far. No text, no letterforms, no numerals, no signature, no watermark, no logo, no border and no frame. A surreal dream-world where familiar reality has become beautifully impossible. Landscapes bend, structures grow organically, enormous mysterious creatures appear at impossible scale and ordinary objects transform into unsettling forms. Dream logic replaces physics. Strange and psychologically eerie, and visually beautiful. Unnatural lighting, extreme scale, distorted depth and impossible shadows make the scene feel like a vivid nightmare. Familiar forms become subtly wrong and visual logic begins to break down. Intensely unsettling and surreal, sophisticated and visually spectacular. Explosive outward movement, fragmented forms, dramatic displacement, extreme scale variation and dense controlled complexity radiating through the composition. Pumpkin orange, amber and copper against deep umber. One substance becomes another mid-form: stone into smoke, water into glass, cloth into flame."
73,0073_haunted_nightmarish_stillness_phantom_rose_material_transformation.jpg,halloween,haunted,nightmarish,stillness,phantom_rose,material_transformation,520543141,previews/studio/halloween/0073_haunted_nightmarish_stillness_phantom_rose_material_transformation.jpg,wallpapers/studio/halloween/0073_haunted_nightmarish_stillness_phantom_rose_material_transformation.jpg,70980,ok,"A single striking Halloween artwork made as a mobile phone wallpaper. One extraordinary focal idea, composed as a scene rather than an arrangement of seasonal objects. Vertical 9:16 mobile wallpaper, full-bleed edge to edge composition. The upper region of the frame is open and unadorned — atmosphere, gradient falloff or empty depth, no detail and no focal point there. The principal subject sits in the lower two thirds, weighted below centre and placed off the vertical axis. Clear depth across three planes: near, middle and far. No text, no letterforms, no numerals, no signature, no watermark, no logo, no border and no frame. A vast supernatural environment of impossible haunted mansions, ruined castles, forgotten estates and ancient graveyards. Architecture feels alive and subtly wrong: impossible corridors, leaning towers, illuminated windows, monumental gates and structures disappearing into fog. Unseen inhabitants are suggested through distant lights, silhouettes and movement. Elegant gothic horror. Unnatural lighting, extreme scale, distorted depth and impossible shadows make the scene feel like a vivid nightmare. Familiar forms become subtly wrong and visual logic begins to break down. Intensely unsettling and surreal, sophisticated and visually spectacular. Centered, balanced composition with generous negative space, minimal directional movement, simple large forms and a strong sense of visual stability. Spectral lavender, dusty rose and pale moonlight against smoky violet. One substance becomes another mid-form: stone into smoke, water into glass, cloth into flame."
492,0492_nightmare_majestic_stillness_pumpkin_fire_unnatural_light.jpg,halloween,nightmare,majestic,stillness,pumpkin_fire,unnatural_light,332597854,previews/studio/halloween/0492_nightmare_majestic_stillness_pumpkin_fire_unnatural_light.jpg,wallpapers/studio/halloween/0492_nightmare_majestic_stillness_pumpkin_fire_unnatural_light.jpg,64943,ok,"A single striking Halloween artwork made as a mobile phone wallpaper. One extraordinary focal idea, composed as a scene rather than an arrangement of seasonal objects. Vertical 9:16 mobile wallpaper, full-bleed edge to edge composition. The upper region of the frame is open and unadorned — atmosphere, gradient falloff or empty depth, no detail and no focal point there. The principal subject sits in the lower two thirds, weighted below centre and placed off the vertical axis. Clear depth across three planes: near, middle and far. No text, no letterforms, no numerals, no signature, no watermark, no logo, no border and no frame. A surreal dream-world where familiar reality has become beautifully impossible. Landscapes bend, structures grow organically, enormous mysterious creatures appear at impossible scale and ordinary objects transform into unsettling forms. Dream logic replaces physics. Strange and psychologically eerie, and visually beautiful. Grand cinematic illumination, monumental scale, deep dimensional contrast and radiant focal light. Darkness frames moments of extraordinary beauty and power. The scene inspires awe as much as fear, treating Halloween fantasy with the visual grandeur of an epic myth. Centered, balanced composition with generous negative space, minimal directional movement, simple large forms and a strong sense of visual stability. Pumpkin orange, amber and copper against deep umber. Light behaves impossibly: falling upward, casting the wrong shadow, glowing from within a solid, or illuminating only one thing."
287,0287_harvest_macabre_flow_midnight_impossible_weather.jpg,halloween,harvest,macabre,flow,midnight,impossible_weather,1634113187,previews/studio/halloween/0287_harvest_macabre_flow_midnight_impossible_weather.jpg,wallpapers/studio/halloween/0287_harvest_macabre_flow_midnight_impossible_weather.jpg,65063,ok,"A single striking Halloween artwork made as a mobile phone wallpaper. One extraordinary focal idea, composed as a scene rather than an arrangement of seasonal objects. Vertical 9:16 mobile wallpaper, full-bleed edge to edge composition. The upper region of the frame is open and unadorned — atmosphere, gradient falloff or empty depth, no detail and no focal point there. The principal subject sits in the lower two thirds, weighted below centre and placed off the vertical axis. Clear depth across three planes: near, middle and far. No text, no letterforms, no numerals, no signature, no watermark, no logo, no border and no frame. An enchanted late-autumn world overtaken by twisted vines, enormous pumpkins, ancient orchards, cornfields, wheat, gnarled wood and strange harvest monuments. Natural forms grow into impossible structures and creatures beneath enormous autumn moons. Rich, tactile and slightly threatening, balancing folk-horror mystery with spectacular seasonal beauty. Elegant darkness with stronger mortality and decay: aged surfaces, skeletal forms, dead vegetation, ruined grandeur and stark chiaroscuro. Sophisticated gothic beauty, disturbing details used sparingly against richly rendered darkness. Continuous sweeping movement, interconnected forms, graceful curves and clear directional pathways carrying the eye through the composition. Midnight blue, indigo and moon silver against near-black. The atmosphere does something it could not: falling upward, standing still, burning, or moving as one body."
74,0074_haunted_majestic_drift_phantom_rose_unnatural_light.jpg,halloween,haunted,majestic,drift,phantom_rose,unnatural_light,1027495255,previews/studio/halloween/0074_haunted_majestic_drift_phantom_rose_unnatural_light.jpg,wallpapers/studio/halloween/0074_haunted_majestic_drift_phantom_rose_unnatural_light.jpg,65184,ok,"A single striking Halloween artwork made as a mobile phone wallpaper. One extraordinary focal idea, composed as a scene rather than an arrangement of seasonal objects. Vertical 9:16 mobile wallpaper, full-bleed edge to edge composition. The upper region of the frame is open and unadorned — atmosphere, gradient falloff or empty depth, no detail and no focal point there. The principal subject sits in the lower two thirds, weighted below centre and placed off the vertical axis. Clear depth across three planes: near, middle and far. No text, no letterforms, no numerals, no signature, no watermark, no logo, no border and no frame. A vast supernatural environment of impossible haunted mansions, ruined castles, forgotten estates and ancient graveyards. Architecture feels alive and subtly wrong: impossible corridors, leaning towers, illuminated windows, monumental gates and structures disappearing into fog. Unseen inhabitants are suggested through distant lights, silhouettes and movement. Elegant gothic horror. Grand cinematic illumination, monumental scale, deep dimensional contrast and radiant focal light. Darkness frames moments of extraordinary beauty and power. The scene inspires awe as much as fear, treating Halloween fantasy with the visual grandeur of an epic myth. Gentle directional movement, softly displaced forms, subtle asymmetry and relaxed visual flow across the composition. Spectral lavender, dusty rose and pale moonlight against smoky violet. Light behaves impossibly: falling upward, casting the wrong shadow, glowing from within a solid, or illuminating only one thing."
493,0493_nightmare_bewitched_drift_pumpkin_fire_ancient_monument.jpg,halloween,nightmare,bewitched,drift,pumpkin_fire,ancient_monument,839549968,previews/studio/halloween/0493_nightmare_bewitched_drift_pumpkin_fire_ancient_monument.jpg,wallpapers/studio/halloween/0493_nightmare_bewitched_drift_pumpkin_fire_ancient_monument.jpg,64975,ok,"A single striking Halloween artwork made as a mobile phone wallpaper. One extraordinary focal idea, composed as a scene rather than an arrangement of seasonal objects. Vertical 9:16 mobile wallpaper, full-bleed edge to edge composition. The upper region of the frame is open and unadorned — atmosphere, gradient falloff or empty depth, no detail and no focal point there. The principal subject sits in the lower two thirds, weighted below centre and placed off the vertical axis. Clear depth across three planes: near, middle and far. No text, no letterforms, no numerals, no signature, no watermark, no logo, no border and no frame. A surreal dream-world where familiar reality has become beautifully impossible. Landscapes bend, structures grow organically, enormous mysterious creatures appear at impossible scale and ordinary objects transform into unsettling forms. Dream logic replaces physics. Strange and psychologically eerie, and visually beautiful. Seductive supernatural illumination, luminous haze and mysterious coloured light. Shadows remain soft and dimensional while magical highlights appear unexpectedly throughout the scene. Enchanting, mysterious and beautiful, with a subtle sense that something impossible is happening. Gentle directional movement, softly displaced forms, subtle asymmetry and relaxed visual flow across the composition. Pumpkin orange, amber and copper against deep umber. A single colossal made object dominates, older than anything around it and built for a purpose nobody remembers."
288,0288_harvest_macabre_drift_dead_forest_impossible_weather.jpg,halloween,harvest,macabre,drift,dead_forest,impossible_weather,2141065301,previews/studio/halloween/0288_harvest_macabre_drift_dead_forest_impossible_weather.jpg,wallpapers/studio/halloween/0288_harvest_macabre_drift_dead_forest_impossible_weather.jpg,65598,ok,"A single striking Halloween artwork made as a mobile phone wallpaper. One extraordinary focal idea, composed as a scene rather than an arrangement of seasonal objects. Vertical 9:16 mobile wallpaper, full-bleed edge to edge composition. The upper region of the frame is open and unadorned — atmosphere, gradient falloff or empty depth, no detail and no focal point there. The principal subject sits in the lower two thirds, weighted below centre and placed off the vertical axis. Clear depth across three planes: near, middle and far. No text, no letterforms, no numerals, no signature, no watermark, no logo, no border and no frame. An enchanted late-autumn world overtaken by twisted vines, enormous pumpkins, ancient orchards, cornfields, wheat, gnarled wood and strange harvest monuments. Natural forms grow into impossible structures and creatures beneath enormous autumn moons. Rich, tactile and slightly threatening, balancing folk-horror mystery with spectacular seasonal beauty. Elegant darkness with stronger mortality and decay: aged surfaces, skeletal forms, dead vegetation, ruined grandeur and stark chiaroscuro. Sophisticated gothic beauty, disturbing details used sparingly against richly rendered darkness. Gentle directional movement, softly displaced forms, subtle asymmetry and relaxed visual flow across the composition. Umber, moss green and rust against smoky black. The atmosphere does something it could not: falling upward, standing still, burning, or moving as one body."
75,0075_haunted_bewitched_flow_phantom_rose_ancient_monument.jpg,halloween,haunted,bewitched,flow,phantom_rose,ancient_monument,1534447369,previews/studio/halloween/0075_haunted_bewitched_flow_phantom_rose_ancient_monument.jpg,wallpapers/studio/halloween/0075_haunted_bewitched_flow_phantom_rose_ancient_monument.jpg,63821,ok,"A single striking Halloween artwork made as a mobile phone wallpaper. One extraordinary focal idea, composed as a scene rather than an arrangement of seasonal objects. Vertical 9:16 mobile wallpaper, full-bleed edge to edge composition. The upper region of the frame is open and unadorned — atmosphere, gradient falloff or empty depth, no detail and no focal point there. The principal subject sits in the lower two thirds, weighted below centre and placed off the vertical axis. Clear depth across three planes: near, middle and far. No text, no letterforms, no numerals, no signature, no watermark, no logo, no border and no frame. A vast supernatural environment of impossible haunted mansions, ruined castles, forgotten estates and ancient graveyards. Architecture feels alive and subtly wrong: impossible corridors, leaning towers, illuminated windows, monumental gates and structures disappearing into fog. Unseen inhabitants are suggested through distant lights, silhouettes and movement. Elegant gothic horror. Seductive supernatural illumination, luminous haze and mysterious coloured light. Shadows remain soft and dimensional while magical highlights appear unexpectedly throughout the scene. Enchanting, mysterious and beautiful, with a subtle sense that something impossible is happening. Continuous sweeping movement, interconnected forms, graceful curves and clear directional pathways carrying the eye through the composition. Spectral lavender, dusty rose and pale moonlight against smoky violet. A single colossal made object dominates, older than anything around it and built for a purpose nobody remembers."
494,0494_nightmare_haunting_flow_pumpkin_fire_endless_depth.jpg,halloween,nightmare,haunting,flow,pumpkin_fire,endless_depth,1346502082,previews/studio/halloween/0494_nightmare_haunting_flow_pumpkin_fire_endless_depth.jpg,wallpapers/studio/halloween/0494_nightmare_haunting_flow_pumpkin_fire_endless_depth.jpg,64651,ok,"A single striking Halloween artwork made as a mobile phone wallpaper. One extraordinary focal idea, composed as a scene rather than an arrangement of seasonal objects. Vertical 9:16 mobile wallpaper, full-bleed edge to edge composition. The upper region of the frame is open and unadorned — atmosphere, gradient falloff or empty depth, no detail and no focal point there. The principal subject sits in the lower two thirds, weighted below centre and placed off the vertical axis. Clear depth across three planes: near, middle and far. No text, no letterforms, no numerals, no signature, no watermark, no logo, no border and no frame. A surreal dream-world where familiar reality has become beautifully impossible. Landscapes bend, structures grow organically, enormous mysterious creatures appear at impossible scale and ordinary objects transform into unsettling forms. Dream logic replaces physics. Strange and psychologically eerie, and visually beautiful. Quiet, melancholy and deeply atmospheric. Diffused moonlight, pale illumination, long shadows, drifting fog and restrained contrast create the feeling of a place inhabited by memories or unseen presences. Beautiful first, unsettling second. Continuous sweeping movement, interconnected forms, graceful curves and clear directional pathways carrying the eye through the composition. Pumpkin orange, amber and copper against deep umber. The scene recedes far past where it should end, plane behind plane into immeasurable distance."
289,0289_harvest_nightmarish_flow_dead_forest_organic_geometry.jpg,halloween,harvest,nightmarish,flow,dead_forest,organic_geometry,500533768,previews/studio/halloween/0289_harvest_nightmarish_flow_dead_forest_organic_geometry.jpg,wallpapers/studio/halloween/0289_harvest_nightmarish_flow_dead_forest_organic_geometry.jpg,65029,ok,"A single striking Halloween artwork made as a mobile phone wallpaper. One extraordinary focal idea, composed as a scene rather than an arrangement of seasonal objects. Vertical 9:16 mobile wallpaper, full-bleed edge to edge composition. The upper region of the frame is open and unadorned — atmosphere, gradient falloff or empty depth, no detail and no focal point there. The principal subject sits in the lower two thirds, weighted below centre and placed off the vertical axis. Clear depth across three planes: near, middle and far. No text, no letterforms, no numerals, no signature, no watermark, no logo, no border and no frame. An enchanted late-autumn world overtaken by twisted vines, enormous pumpkins, ancient orchards, cornfields, wheat, gnarled wood and strange harvest monuments. Natural forms grow into impossible structures and creatures beneath enormous autumn moons. Rich, tactile and slightly threatening, balancing folk-horror mystery with spectacular seasonal beauty. Unnatural lighting, extreme scale, distorted depth and impossible shadows make the scene feel like a vivid nightmare. Familiar forms become subtly wrong and visual logic begins to break down. Intensely unsettling and surreal, sophisticated and visually spectacular. Continuous sweeping movement, interconnected forms, graceful curves and clear directional pathways carrying the eye through the composition. Umber, moss green and rust against smoky black. Living forms arranged into exact geometry, or geometry grown the way a plant grows."
76,0076_haunted_haunting_surge_phantom_rose_endless_depth.jpg,halloween,haunted,haunting,surge,phantom_rose,endless_depth,2041399483,previews/studio/halloween/0076_haunted_haunting_surge_phantom_rose_endless_depth.jpg,wallpapers/studio/halloween/0076_haunted_haunting_surge_phantom_rose_endless_depth.jpg,64903,ok,"A single striking Halloween artwork made as a mobile phone wallpaper. One extraordinary focal idea, composed as a scene rather than an arrangement of seasonal objects. Vertical 9:16 mobile wallpaper, full-bleed edge to edge composition. The upper region of the frame is open and unadorned — atmosphere, gradient falloff or empty depth, no detail and no focal point there. The principal subject sits in the lower two thirds, weighted below centre and placed off the vertical axis. Clear depth across three planes: near, middle and far. No text, no letterforms, no numerals, no signature, no watermark, no logo, no border and no frame. A vast supernatural environment of impossible haunted mansions, ruined castles, forgotten estates and ancient graveyards. Architecture feels alive and subtly wrong: impossible corridors, leaning towers, illuminated windows, monumental gates and structures disappearing into fog. Unseen inhabitants are suggested through distant lights, silhouettes and movement. Elegant gothic horror. Quiet, melancholy and deeply atmospheric. Diffused moonlight, pale illumination, long shadows, drifting fog and restrained contrast create the feeling of a place inhabited by memories or unseen presences. Beautiful first, unsettling second. Forceful directional movement, strong diagonals, overlapping forms, dynamic scale changes and pronounced visual momentum. Spectral lavender, dusty rose and pale moonlight against smoky violet. The scene recedes far past where it should end, plane behind plane into immeasurable distance."
495,0495_nightmare_ominous_surge_pumpkin_fire_emerging_form.jpg,halloween,nightmare,ominous,surge,pumpkin_fire,emerging_form,1853454196,previews/studio/halloween/0495_nightmare_ominous_surge_pumpkin_fire_emerging_form.jpg,wallpapers/studio/halloween/0495_nightmare_ominous_surge_pumpkin_fire_emerging_form.jpg,64357,ok,"A single striking Halloween artwork made as a mobile phone wallpaper. One extraordinary focal idea, composed as a scene rather than an arrangement of seasonal objects. Vertical 9:16 mobile wallpaper, full-bleed edge to edge composition. The upper region of the frame is open and unadorned — atmosphere, gradient falloff or empty depth, no detail and no focal point there. The principal subject sits in the lower two thirds, weighted below centre and placed off the vertical axis. Clear depth across three planes: near, middle and far. No text, no letterforms, no numerals, no signature, no watermark, no logo, no border and no frame. A surreal dream-world where familiar reality has become beautifully impossible. Landscapes bend, structures grow organically, enormous mysterious creatures appear at impossible scale and ordinary objects transform into unsettling forms. Dream logic replaces physics. Strange and psychologically eerie, and visually beautiful. Heavy darkness, approaching weather, deep directional shadows and isolated pools of illumination create mounting tension. The composition suggests that something enormous is about to happen without revealing exactly what it is. Forceful directional movement, strong diagonals, overlapping forms, dynamic scale changes and pronounced visual momentum. Pumpkin orange, amber and copper against deep umber. A shape is resolving out of the environment itself, half-formed and still becoming."
290,0290_harvest_majestic_surge_dead_forest_something_watching.jpg,halloween,harvest,majestic,surge,dead_forest,something_watching,1007485882,previews/studio/halloween/0290_harvest_majestic_surge_dead_forest_something_watching.jpg,wallpapers/studio/halloween/0290_harvest_majestic_surge_dead_forest_something_watching.jpg,64440,ok,"A single striking Halloween artwork made as a mobile phone wallpaper. One extraordinary focal idea, composed as a scene rather than an arrangement of seasonal objects. Vertical 9:16 mobile wallpaper, full-bleed edge to edge composition. The upper region of the frame is open and unadorned — atmosphere, gradient falloff or empty depth, no detail and no focal point there. The principal subject sits in the lower two thirds, weighted below centre and placed off the vertical axis. Clear depth across three planes: near, middle and far. No text, no letterforms, no numerals, no signature, no watermark, no logo, no border and no frame. An enchanted late-autumn world overtaken by twisted vines, enormous pumpkins, ancient orchards, cornfields, wheat, gnarled wood and strange harvest monuments. Natural forms grow into impossible structures and creatures beneath enormous autumn moons. Rich, tactile and slightly threatening, balancing folk-horror mystery with spectacular seasonal beauty. Grand cinematic illumination, monumental scale, deep dimensional contrast and radiant focal light. Darkness frames moments of extraordinary beauty and power. The scene inspires awe as much as fear, treating Halloween fantasy with the visual grandeur of an epic myth. Forceful directional movement, strong diagonals, overlapping forms, dynamic scale changes and pronounced visual momentum. Umber, moss green and rust against smoky black. The composition is arranged around an unseen observer, and the scene knows it is being looked at."
77,0077_haunted_ominous_eruption_phantom_rose_emerging_form.jpg,halloween,haunted,ominous,eruption,phantom_rose,emerging_form,400867950,previews/studio/halloween/0077_haunted_ominous_eruption_phantom_rose_emerging_form.jpg,wallpapers/studio/halloween/0077_haunted_ominous_eruption_phantom_rose_emerging_form.jpg,63678,ok,"A single striking Halloween artwork made as a mobile phone wallpaper. One extraordinary focal idea, composed as a scene rather than an arrangement of seasonal objects. Vertical 9:16 mobile wallpaper, full-bleed edge to edge composition. The upper region of the frame is open and unadorned — atmosphere, gradient falloff or empty depth, no detail and no focal point there. The principal subject sits in the lower two thirds, weighted below centre and placed off the vertical axis. Clear depth across three planes: near, middle and far. No text, no letterforms, no numerals, no signature, no watermark, no logo, no border and no frame. A vast supernatural environment of impossible haunted mansions, ruined castles, forgotten estates and ancient graveyards. Architecture feels alive and subtly wrong: impossible corridors, leaning towers, illuminated windows, monumental gates and structures disappearing into fog. Unseen inhabitants are suggested through distant lights, silhouettes and movement. Elegant gothic horror. Heavy darkness, approaching weather, deep directional shadows and isolated pools of illumination create mounting tension. The composition suggests that something enormous is about to happen without revealing exactly what it is. Explosive outward movement, fragmented forms, dramatic displacement, extreme scale variation and dense controlled complexity radiating through the composition. Spectral lavender, dusty rose and pale moonlight against smoky violet. A shape is resolving out of the environment itself, half-formed and still becoming."
496,0496_nightmare_ominous_flow_witchlight_emerging_form.jpg,halloween,nightmare,ominous,flow,witchlight,emerging_form,212922663,previews/studio/halloween/0496_nightmare_ominous_flow_witchlight_emerging_form.jpg,wallpapers/studio/halloween/0496_nightmare_ominous_flow_witchlight_emerging_form.jpg,65074,ok,"A single striking Halloween artwork made as a mobile phone wallpaper. One extraordinary focal idea, composed as a scene rather than an arrangement of seasonal objects. Vertical 9:16 mobile wallpaper, full-bleed edge to edge composition. The upper region of the frame is open and unadorned — atmosphere, gradient falloff or empty depth, no detail and no focal point there. The principal subject sits in the lower two thirds, weighted below centre and placed off the vertical axis. Clear depth across three planes: near, middle and far. No text, no letterforms, no numerals, no signature, no watermark, no logo, no border and no frame. A surreal dream-world where familiar reality has become beautifully impossible. Landscapes bend, structures grow organically, enormous mysterious creatures appear at impossible scale and ordinary objects transform into unsettling forms. Dream logic replaces physics. Strange and psychologically eerie, and visually beautiful. Heavy darkness, approaching weather, deep directional shadows and isolated pools of illumination create mounting tension. The composition suggests that something enormous is about to happen without revealing exactly what it is. Continuous sweeping movement, interconnected forms, graceful curves and clear directional pathways carrying the eye through the composition. Violet, ultraviolet and magenta against black. A shape is resolving out of the environment itself, half-formed and still becoming."
291,0291_harvest_bewitched_eruption_dead_forest_impossible_scale.jpg,halloween,harvest,bewitched,eruption,dead_forest,impossible_scale,1514437996,previews/studio/halloween/0291_harvest_bewitched_eruption_dead_forest_impossible_scale.jpg,wallpapers/studio/halloween/0291_harvest_bewitched_eruption_dead_forest_impossible_scale.jpg,64001,ok,"A single striking Halloween artwork made as a mobile phone wallpaper. One extraordinary focal idea, composed as a scene rather than an arrangement of seasonal objects. Vertical 9:16 mobile wallpaper, full-bleed edge to edge composition. The upper region of the frame is open and unadorned — atmosphere, gradient falloff or empty depth, no detail and no focal point there. The principal subject sits in the lower two thirds, weighted below centre and placed off the vertical axis. Clear depth across three planes: near, middle and far. No text, no letterforms, no numerals, no signature, no watermark, no logo, no border and no frame. An enchanted late-autumn world overtaken by twisted vines, enormous pumpkins, ancient orchards, cornfields, wheat, gnarled wood and strange harvest monuments. Natural forms grow into impossible structures and creatures beneath enormous autumn moons. Rich, tactile and slightly threatening, balancing folk-horror mystery with spectacular seasonal beauty. Seductive supernatural illumination, luminous haze and mysterious coloured light. Shadows remain soft and dimensional while magical highlights appear unexpectedly throughout the scene. Enchanting, mysterious and beautiful, with a subtle sense that something impossible is happening. Explosive outward movement, fragmented forms, dramatic displacement, extreme scale variation and dense controlled complexity radiating through the composition. Umber, moss green and rust against smoky black. One element is vastly larger than it could be, dwarfing everything around it."
78,0078_haunted_macabre_stillness_phantom_rose_impossible_weather.jpg,halloween,haunted,macabre,stillness,phantom_rose,impossible_weather,907820064,previews/studio/halloween/0078_haunted_macabre_stillness_phantom_rose_impossible_weather.jpg,wallpapers/studio/halloween/0078_haunted_macabre_stillness_phantom_rose_impossible_weather.jpg,64112,ok,"A single striking Halloween artwork made as a mobile phone wallpaper. One extraordinary focal idea, composed as a scene rather than an arrangement of seasonal objects. Vertical 9:16 mobile wallpaper, full-bleed edge to edge composition. The upper region of the frame is open and unadorned — atmosphere, gradient falloff or empty depth, no detail and no focal point there. The principal subject sits in the lower two thirds, weighted below centre and placed off the vertical axis. Clear depth across three planes: near, middle and far. No text, no letterforms, no numerals, no signature, no watermark, no logo, no border and no frame. A vast supernatural environment of impossible haunted mansions, ruined castles, forgotten estates and ancient graveyards. Architecture feels alive and subtly wrong: impossible corridors, leaning towers, illuminated windows, monumental gates and structures disappearing into fog. Unseen inhabitants are suggested through distant lights, silhouettes and movement. Elegant gothic horror. Elegant darkness with stronger mortality and decay: aged surfaces, skeletal forms, dead vegetation, ruined grandeur and stark chiaroscuro. Sophisticated gothic beauty, disturbing details used sparingly against richly rendered darkness. Centered, balanced composition with generous negative space, minimal directional movement, simple large forms and a strong sense of visual stability. Spectral lavender, dusty rose and pale moonlight against smoky violet. The atmosphere does something it could not: falling upward, standing still, burning, or moving as one body."
292,0292_harvest_haunting_stillness_dead_forest_living_architecture.jpg,halloween,harvest,haunting,stillness,dead_forest,living_architecture,2021390110,previews/studio/halloween/0292_harvest_haunting_stillness_dead_forest_living_architecture.jpg,wallpapers/studio/halloween/0292_harvest_haunting_stillness_dead_forest_living_architecture.jpg,64507,ok,"A single striking Halloween artwork made as a mobile phone wallpaper. One extraordinary focal idea, composed as a scene rather than an arrangement of seasonal objects. Vertical 9:16 mobile wallpaper, full-bleed edge to edge composition. The upper region of the frame is open and unadorned — atmosphere, gradient falloff or empty depth, no detail and no focal point there. The principal subject sits in the lower two thirds, weighted below centre and placed off the vertical axis. Clear depth across three planes: near, middle and far. No text, no letterforms, no numerals, no signature, no watermark, no logo, no border and no frame. An enchanted late-autumn world overtaken by twisted vines, enormous pumpkins, ancient orchards, cornfields, wheat, gnarled wood and strange harvest monuments. Natural forms grow into impossible structures and creatures beneath enormous autumn moons. Rich, tactile and slightly threatening, balancing folk-horror mystery with spectacular seasonal beauty. Quiet, melancholy and deeply atmospheric. Diffused moonlight, pale illumination, long shadows, drifting fog and restrained contrast create the feeling of a place inhabited by memories or unseen presences. Beautiful first, unsettling second. Centered, balanced composition with generous negative space, minimal directional movement, simple large forms and a strong sense of visual stability. Umber, moss green and rust against smoky black. Built structures behave like a creature: breathing, watching, reaching, or forming a silhouette that is almost a body."
497,0497_nightmare_macabre_surge_witchlight_impossible_weather.jpg,halloween,nightmare,macabre,surge,witchlight,impossible_weather,719874777,previews/studio/halloween/0497_nightmare_macabre_surge_witchlight_impossible_weather.jpg,wallpapers/studio/halloween/0497_nightmare_macabre_surge_witchlight_impossible_weather.jpg,64570,ok,"A single striking Halloween artwork made as a mobile phone wallpaper. One extraordinary focal idea, composed as a scene rather than an arrangement of seasonal objects. Vertical 9:16 mobile wallpaper, full-bleed edge to edge composition. The upper region of the frame is open and unadorned — atmosphere, gradient falloff or empty depth, no detail and no focal point there. The principal subject sits in the lower two thirds, weighted below centre and placed off the vertical axis. Clear depth across three planes: near, middle and far. No text, no letterforms, no numerals, no signature, no watermark, no logo, no border and no frame. A surreal dream-world where familiar reality has become beautifully impossible. Landscapes bend, structures grow organically, enormous mysterious creatures appear at impossible scale and ordinary objects transform into unsettling forms. Dream logic replaces physics. Strange and psychologically eerie, and visually beautiful. Elegant darkness with stronger mortality and decay: aged surfaces, skeletal forms, dead vegetation, ruined grandeur and stark chiaroscuro. Sophisticated gothic beauty, disturbing details used sparingly against richly rendered darkness. Forceful directional movement, strong diagonals, overlapping forms, dynamic scale changes and pronounced visual momentum. Violet, ultraviolet and magenta against black. The atmosphere does something it could not: falling upward, standing still, burning, or moving as one body."
79,0079_haunted_nightmarish_drift_phantom_rose_organic_geometry.jpg,halloween,haunted,nightmarish,drift,phantom_rose,organic_geometry,1414772178,previews/studio/halloween/0079_haunted_nightmarish_drift_phantom_rose_organic_geometry.jpg,wallpapers/studio/halloween/0079_haunted_nightmarish_drift_phantom_rose_organic_geometry.jpg,63811,ok,"A single striking Halloween artwork made as a mobile phone wallpaper. One extraordinary focal idea, composed as a scene rather than an arrangement of seasonal objects. Vertical 9:16 mobile wallpaper, full-bleed edge to edge composition. The upper region of the frame is open and unadorned — atmosphere, gradient falloff or empty depth, no detail and no focal point there. The principal subject sits in the lower two thirds, weighted below centre and placed off the vertical axis. Clear depth across three planes: near, middle and far. No text, no letterforms, no numerals, no signature, no watermark, no logo, no border and no frame. A vast supernatural environment of impossible haunted mansions, ruined castles, forgotten estates and ancient graveyards. Architecture feels alive and subtly wrong: impossible corridors, leaning towers, illuminated windows, monumental gates and structures disappearing into fog. Unseen inhabitants are suggested through distant lights, silhouettes and movement. Elegant gothic horror. Unnatural lighting, extreme scale, distorted depth and impossible shadows make the scene feel like a vivid nightmare. Familiar forms become subtly wrong and visual logic begins to break down. Intensely unsettling and surreal, sophisticated and visually spectacular. Gentle directional movement, softly displaced forms, subtle asymmetry and relaxed visual flow across the composition. Spectral lavender, dusty rose and pale moonlight against smoky violet. Living forms arranged into exact geometry, or geometry grown the way a plant grows."
293,0293_harvest_ominous_drift_dead_forest_beautiful_decay.jpg,halloween,harvest,ominous,drift,dead_forest,beautiful_decay,380858577,previews/studio/halloween/0293_harvest_ominous_drift_dead_forest_beautiful_decay.jpg,wallpapers/studio/halloween/0293_harvest_ominous_drift_dead_forest_beautiful_decay.jpg,65254,ok,"A single striking Halloween artwork made as a mobile phone wallpaper. One extraordinary focal idea, composed as a scene rather than an arrangement of seasonal objects. Vertical 9:16 mobile wallpaper, full-bleed edge to edge composition. The upper region of the frame is open and unadorned — atmosphere, gradient falloff or empty depth, no detail and no focal point there. The principal subject sits in the lower two thirds, weighted below centre and placed off the vertical axis. Clear depth across three planes: near, middle and far. No text, no letterforms, no numerals, no signature, no watermark, no logo, no border and no frame. An enchanted late-autumn world overtaken by twisted vines, enormous pumpkins, ancient orchards, cornfields, wheat, gnarled wood and strange harvest monuments. Natural forms grow into impossible structures and creatures beneath enormous autumn moons. Rich, tactile and slightly threatening, balancing folk-horror mystery with spectacular seasonal beauty. Heavy darkness, approaching weather, deep directional shadows and isolated pools of illumination create mounting tension. The composition suggests that something enormous is about to happen without revealing exactly what it is. Gentle directional movement, softly displaced forms, subtle asymmetry and relaxed visual flow across the composition. Umber, moss green and rust against smoky black. Ruin rendered as splendour: collapse, erosion and overgrowth arranged into something lovelier than the intact thing was."
80,0080_spectral_haunting_stillness_blood_moon_unnatural_light.jpg,halloween,spectral,haunting,stillness,blood_moon,unnatural_light,1921724292,previews/studio/halloween/0080_spectral_haunting_stillness_blood_moon_unnatural_light.jpg,wallpapers/studio/halloween/0080_spectral_haunting_stillness_blood_moon_unnatural_light.jpg,65266,ok,"A single striking Halloween artwork made as a mobile phone wallpaper. One extraordinary focal idea, composed as a scene rather than an arrangement of seasonal objects. Vertical 9:16 mobile wallpaper, full-bleed edge to edge composition. The upper region of the frame is open and unadorned — atmosphere, gradient falloff or empty depth, no detail and no focal point there. The principal subject sits in the lower two thirds, weighted below centre and placed off the vertical axis. Clear depth across three planes: near, middle and far. No text, no letterforms, no numerals, no signature, no watermark, no logo, no border and no frame. A world suspended between physical reality and the spirit realm. Translucent apparitions, spectral architecture, luminous mist and enormous ghostly forms emerge from darkness, clouds, water and landscape. Solid objects dissolve into ethereal material and re-form elsewhere. Haunting, beautiful and otherworldly. Quiet, melancholy and deeply atmospheric. Diffused moonlight, pale illumination, long shadows, drifting fog and restrained contrast create the feeling of a place inhabited by memories or unseen presences. Beautiful first, unsettling second. Centered, balanced composition with generous negative space, minimal directional movement, simple large forms and a strong sense of visual stability. Blood red, crimson and burnt orange against black. Light behaves impossibly: falling upward, casting the wrong shadow, glowing from within a solid, or illuminating only one thing."
498,0498_nightmare_nightmarish_eruption_witchlight_organic_geometry.jpg,halloween,nightmare,nightmarish,eruption,witchlight,organic_geometry,1226826891,previews/studio/halloween/0498_nightmare_nightmarish_eruption_witchlight_organic_geometry.jpg,wallpapers/studio/halloween/0498_nightmare_nightmarish_eruption_witchlight_organic_geometry.jpg,65446,ok,"A single striking Halloween artwork made as a mobile phone wallpaper. One extraordinary focal idea, composed as a scene rather than an arrangement of seasonal objects. Vertical 9:16 mobile wallpaper, full-bleed edge to edge composition. The upper region of the frame is open and unadorned — atmosphere, gradient falloff or empty depth, no detail and no focal point there. The principal subject sits in the lower two thirds, weighted below centre and placed off the vertical axis. Clear depth across three planes: near, middle and far. No text, no letterforms, no numerals, no signature, no watermark, no logo, no border and no frame. A surreal dream-world where familiar reality has become beautifully impossible. Landscapes bend, structures grow organically, enormous mysterious creatures appear at impossible scale and ordinary objects transform into unsettling forms. Dream logic replaces physics. Strange and psychologically eerie, and visually beautiful. Unnatural lighting, extreme scale, distorted depth and impossible shadows make the scene feel like a vivid nightmare. Familiar forms become subtly wrong and visual logic begins to break down. Intensely unsettling and surreal, sophisticated and visually spectacular. Explosive outward movement, fragmented forms, dramatic displacement, extreme scale variation and dense controlled complexity radiating through the composition. Violet, ultraviolet and magenta against black. Living forms arranged into exact geometry, or geometry grown the way a plant grows."
499,0499_nightmare_majestic_stillness_witchlight_something_watching.jpg,halloween,nightmare,majestic,stillness,witchlight,something_watching,1733779005,previews/studio/halloween/0499_nightmare_majestic_stillness_witchlight_something_watching.jpg,wallpapers/studio/halloween/0499_nightmare_majestic_stillness_witchlight_something_watching.jpg,63757,ok,"A single striking Halloween artwork made as a mobile phone wallpaper. One extraordinary focal idea, composed as a scene rather than an arrangement of seasonal objects. Vertical 9:16 mobile wallpaper, full-bleed edge to edge composition. The upper region of the frame is open and unadorned — atmosphere, gradient falloff or empty depth, no detail and no focal point there. The principal subject sits in the lower two thirds, weighted below centre and placed off the vertical axis. Clear depth across three planes: near, middle and far. No text, no letterforms, no numerals, no signature, no watermark, no logo, no border and no frame. A surreal dream-world where familiar reality has become beautifully impossible. Landscapes bend, structures grow organically, enormous mysterious creatures appear at impossible scale and ordinary objects transform into unsettling forms. Dream logic replaces physics. Strange and psychologically eerie, and visually beautiful. Grand cinematic illumination, monumental scale, deep dimensional contrast and radiant focal light. Darkness frames moments of extraordinary beauty and power. The scene inspires awe as much as fear, treating Halloween fantasy with the visual grandeur of an epic myth. Centered, balanced composition with generous negative space, minimal directional movement, simple large forms and a strong sense of visual stability. Violet, ultraviolet and magenta against black. The composition is arranged around an unseen observer, and the scene knows it is being looked at."
294,0294_harvest_macabre_flow_dead_forest_hidden_presence.jpg,halloween,harvest,macabre,flow,dead_forest,hidden_presence,887810691,previews/studio/halloween/0294_harvest_macabre_flow_dead_forest_hidden_presence.jpg,wallpapers/studio/halloween/0294_harvest_macabre_flow_dead_forest_hidden_presence.jpg,64603,ok,"A single striking Halloween artwork made as a mobile phone wallpaper. One extraordinary focal idea, composed as a scene rather than an arrangement of seasonal objects. Vertical 9:16 mobile wallpaper, full-bleed edge to edge composition. The upper region of the frame is open and unadorned — atmosphere, gradient falloff or empty depth, no detail and no focal point there. The principal subject sits in the lower two thirds, weighted below centre and placed off the vertical axis. Clear depth across three planes: near, middle and far. No text, no letterforms, no numerals, no signature, no watermark, no logo, no border and no frame. An enchanted late-autumn world overtaken by twisted vines, enormous pumpkins, ancient orchards, cornfields, wheat, gnarled wood and strange harvest monuments. Natural forms grow into impossible structures and creatures beneath enormous autumn moons. Rich, tactile and slightly threatening, balancing folk-horror mystery with spectacular seasonal beauty. Elegant darkness with stronger mortality and decay: aged surfaces, skeletal forms, dead vegetation, ruined grandeur and stark chiaroscuro. Sophisticated gothic beauty, disturbing details used sparingly against richly rendered darkness. Continuous sweeping movement, interconnected forms, graceful curves and clear directional pathways carrying the eye through the composition. Umber, moss green and rust against smoky black. Something enormous is barely perceptible within the scene, read only as a shape in the mist, the stone or the shadow."
81,0081_spectral_ominous_drift_blood_moon_ancient_monument.jpg,halloween,spectral,ominous,drift,blood_moon,ancient_monument,281192759,previews/studio/halloween/0081_spectral_ominous_drift_blood_moon_ancient_monument.jpg,wallpapers/studio/halloween/0081_spectral_ominous_drift_blood_moon_ancient_monument.jpg,64718,ok,"A single striking Halloween artwork made as a mobile phone wallpaper. One extraordinary focal idea, composed as a scene rather than an arrangement of seasonal objects. Vertical 9:16 mobile wallpaper, full-bleed edge to edge composition. The upper region of the frame is open and unadorned — atmosphere, gradient falloff or empty depth, no detail and no focal point there. The principal subject sits in the lower two thirds, weighted below centre and placed off the vertical axis. Clear depth across three planes: near, middle and far. No text, no letterforms, no numerals, no signature, no watermark, no logo, no border and no frame. A world suspended between physical reality and the spirit realm. Translucent apparitions, spectral architecture, luminous mist and enormous ghostly forms emerge from darkness, clouds, water and landscape. Solid objects dissolve into ethereal material and re-form elsewhere. Haunting, beautiful and otherworldly. Heavy darkness, approaching weather, deep directional shadows and isolated pools of illumination create mounting tension. The composition suggests that something enormous is about to happen without revealing exactly what it is. Gentle directional movement, softly displaced forms, subtle asymmetry and relaxed visual flow across the composition. Blood red, crimson and burnt orange against black. A single colossal made object dominates, older than anything around it and built for a purpose nobody remembers."
500,0500_nightmare_bewitched_drift_witchlight_impossible_scale.jpg,halloween,nightmare,bewitched,drift,witchlight,impossible_scale,93247472,previews/studio/halloween/0500_nightmare_bewitched_drift_witchlight_impossible_scale.jpg,wallpapers/studio/halloween/0500_nightmare_bewitched_drift_witchlight_impossible_scale.jpg,65166,ok,"A single striking Halloween artwork made as a mobile phone wallpaper. One extraordinary focal idea, composed as a scene rather than an arrangement of seasonal objects. Vertical 9:16 mobile wallpaper, full-bleed edge to edge composition. The upper region of the frame is open and unadorned — atmosphere, gradient falloff or empty depth, no detail and no focal point there. The principal subject sits in the lower two thirds, weighted below centre and placed off the vertical axis. Clear depth across three planes: near, middle and far. No text, no letterforms, no numerals, no signature, no watermark, no logo, no border and no frame. A surreal dream-world where familiar reality has become beautifully impossible. Landscapes bend, structures grow organically, enormous mysterious creatures appear at impossible scale and ordinary objects transform into unsettling forms. Dream logic replaces physics. Strange and psychologically eerie, and visually beautiful. Seductive supernatural illumination, luminous haze and mysterious coloured light. Shadows remain soft and dimensional while magical highlights appear unexpectedly throughout the scene. Enchanting, mysterious and beautiful, with a subtle sense that something impossible is happening. Gentle directional movement, softly displaced forms, subtle asymmetry and relaxed visual flow across the composition. Violet, ultraviolet and magenta against black. One element is vastly larger than it could be, dwarfing everything around it."
82,0082_spectral_macabre_flow_blood_moon_endless_depth.jpg,halloween,spectral,macabre,flow,blood_moon,endless_depth,788144873,previews/studio/halloween/0082_spectral_macabre_flow_blood_moon_endless_depth.jpg,wallpapers/studio/halloween/0082_spectral_macabre_flow_blood_moon_endless_depth.jpg,64505,ok,"A single striking Halloween artwork made as a mobile phone wallpaper. One extraordinary focal idea, composed as a scene rather than an arrangement of seasonal objects. Vertical 9:16 mobile wallpaper, full-bleed edge to edge composition. The upper region of the frame is open and unadorned — atmosphere, gradient falloff or empty depth, no detail and no focal point there. The principal subject sits in the lower two thirds, weighted below centre and placed off the vertical axis. Clear depth across three planes: near, middle and far. No text, no letterforms, no numerals, no signature, no watermark, no logo, no border and no frame. A world suspended between physical reality and the spirit realm. Translucent apparitions, spectral architecture, luminous mist and enormous ghostly forms emerge from darkness, clouds, water and landscape. Solid objects dissolve into ethereal material and re-form elsewhere. Haunting, beautiful and otherworldly. Elegant darkness with stronger mortality and decay: aged surfaces, skeletal forms, dead vegetation, ruined grandeur and stark chiaroscuro. Sophisticated gothic beauty, disturbing details used sparingly against richly rendered darkness. Continuous sweeping movement, interconnected forms, graceful curves and clear directional pathways carrying the eye through the composition. Blood red, crimson and burnt orange against black. The scene recedes far past where it should end, plane behind plane into immeasurable distance."
295,0295_harvest_nightmarish_surge_dead_forest_material_transformation.jpg,halloween,harvest,nightmarish,surge,dead_forest,material_transformation,1394762805,previews/studio/halloween/0295_harvest_nightmarish_surge_dead_forest_material_transformation.jpg,wallpapers/studio/halloween/0295_harvest_nightmarish_surge_dead_forest_material_transformation.jpg,64743,ok,"A single striking Halloween artwork made as a mobile phone wallpaper. One extraordinary focal idea, composed as a scene rather than an arrangement of seasonal objects. Vertical 9:16 mobile wallpaper, full-bleed edge to edge composition. The upper region of the frame is open and unadorned — atmosphere, gradient falloff or empty depth, no detail and no focal point there. The principal subject sits in the lower two thirds, weighted below centre and placed off the vertical axis. Clear depth across three planes: near, middle and far. No text, no letterforms, no numerals, no signature, no watermark, no logo, no border and no frame. An enchanted late-autumn world overtaken by twisted vines, enormous pumpkins, ancient orchards, cornfields, wheat, gnarled wood and strange harvest monuments. Natural forms grow into impossible structures and creatures beneath enormous autumn moons. Rich, tactile and slightly threatening, balancing folk-horror mystery with spectacular seasonal beauty. Unnatural lighting, extreme scale, distorted depth and impossible shadows make the scene feel like a vivid nightmare. Familiar forms become subtly wrong and visual logic begins to break down. Intensely unsettling and surreal, sophisticated and visually spectacular. Forceful directional movement, strong diagonals, overlapping forms, dynamic scale changes and pronounced visual momentum. Umber, moss green and rust against smoky black. One substance becomes another mid-form: stone into smoke, water into glass, cloth into flame."
296,0296_harvest_nightmarish_flow_gothic_jewel_material_transformation.jpg,halloween,harvest,nightmarish,flow,gothic_jewel,material_transformation,1901714919,previews/studio/halloween/0296_harvest_nightmarish_flow_gothic_jewel_material_transformation.jpg,wallpapers/studio/halloween/0296_harvest_nightmarish_flow_gothic_jewel_material_transformation.jpg,64302,ok,"A single striking Halloween artwork made as a mobile phone wallpaper. One extraordinary focal idea, composed as a scene rather than an arrangement of seasonal objects. Vertical 9:16 mobile wallpaper, full-bleed edge to edge composition. The upper region of the frame is open and unadorned — atmosphere, gradient falloff or empty depth, no detail and no focal point there. The principal subject sits in the lower two thirds, weighted below centre and placed off the vertical axis. Clear depth across three planes: near, middle and far. No text, no letterforms, no numerals, no signature, no watermark, no logo, no border and no frame. An enchanted late-autumn world overtaken by twisted vines, enormous pumpkins, ancient orchards, cornfields, wheat, gnarled wood and strange harvest monuments. Natural forms grow into impossible structures and creatures beneath enormous autumn moons. Rich, tactile and slightly threatening, balancing folk-horror mystery with spectacular seasonal beauty. Unnatural lighting, extreme scale, distorted depth and impossible shadows make the scene feel like a vivid nightmare. Familiar forms become subtly wrong and visual logic begins to break down. Intensely unsettling and surreal, sophisticated and visually spectacular. Continuous sweeping movement, interconnected forms, graceful curves and clear directional pathways carrying the eye through the composition. Garnet, emerald, sapphire and amethyst with antique gold. One substance becomes another mid-form: stone into smoke, water into glass, cloth into flame."
501,0501_nightmare_haunting_flow_witchlight_living_architecture.jpg,halloween,nightmare,haunting,flow,witchlight,living_architecture,600199586,previews/studio/halloween/0501_nightmare_haunting_flow_witchlight_living_architecture.jpg,wallpapers/studio/halloween/0501_nightmare_haunting_flow_witchlight_living_architecture.jpg,65146,ok,"A single striking Halloween artwork made as a mobile phone wallpaper. One extraordinary focal idea, composed as a scene rather than an arrangement of seasonal objects. Vertical 9:16 mobile wallpaper, full-bleed edge to edge composition. The upper region of the frame is open and unadorned — atmosphere, gradient falloff or empty depth, no detail and no focal point there. The principal subject sits in the lower two thirds, weighted below centre and placed off the vertical axis. Clear depth across three planes: near, middle and far. No text, no letterforms, no numerals, no signature, no watermark, no logo, no border and no frame. A surreal dream-world where familiar reality has become beautifully impossible. Landscapes bend, structures grow organically, enormous mysterious creatures appear at impossible scale and ordinary objects transform into unsettling forms. Dream logic replaces physics. Strange and psychologically eerie, and visually beautiful. Quiet, melancholy and deeply atmospheric. Diffused moonlight, pale illumination, long shadows, drifting fog and restrained contrast create the feeling of a place inhabited by memories or unseen presences. Beautiful first, unsettling second. Continuous sweeping movement, interconnected forms, graceful curves and clear directional pathways carrying the eye through the composition. Violet, ultraviolet and magenta against black. Built structures behave like a creature: breathing, watching, reaching, or forming a silhouette that is almost a body."
83,0083_spectral_nightmarish_surge_blood_moon_emerging_form.jpg,halloween,spectral,nightmarish,surge,blood_moon,emerging_form,1295096987,previews/studio/halloween/0083_spectral_nightmarish_surge_blood_moon_emerging_form.jpg,wallpapers/studio/halloween/0083_spectral_nightmarish_surge_blood_moon_emerging_form.jpg,65081,ok,"A single striking Halloween artwork made as a mobile phone wallpaper. One extraordinary focal idea, composed as a scene rather than an arrangement of seasonal objects. Vertical 9:16 mobile wallpaper, full-bleed edge to edge composition. The upper region of the frame is open and unadorned — atmosphere, gradient falloff or empty depth, no detail and no focal point there. The principal subject sits in the lower two thirds, weighted below centre and placed off the vertical axis. Clear depth across three planes: near, middle and far. No text, no letterforms, no numerals, no signature, no watermark, no logo, no border and no frame. A world suspended between physical reality and the spirit realm. Translucent apparitions, spectral architecture, luminous mist and enormous ghostly forms emerge from darkness, clouds, water and landscape. Solid objects dissolve into ethereal material and re-form elsewhere. Haunting, beautiful and otherworldly. Unnatural lighting, extreme scale, distorted depth and impossible shadows make the scene feel like a vivid nightmare. Familiar forms become subtly wrong and visual logic begins to break down. Intensely unsettling and surreal, sophisticated and visually spectacular. Forceful directional movement, strong diagonals, overlapping forms, dynamic scale changes and pronounced visual momentum. Blood red, crimson and burnt orange against black. A shape is resolving out of the environment itself, half-formed and still becoming."
84,0084_spectral_majestic_eruption_blood_moon_impossible_weather.jpg,halloween,spectral,majestic,eruption,blood_moon,impossible_weather,1802049101,previews/studio/halloween/0084_spectral_majestic_eruption_blood_moon_impossible_weather.jpg,wallpapers/studio/halloween/0084_spectral_majestic_eruption_blood_moon_impossible_weather.jpg,63690,ok,"A single striking Halloween artwork made as a mobile phone wallpaper. One extraordinary focal idea, composed as a scene rather than an arrangement of seasonal objects. Vertical 9:16 mobile wallpaper, full-bleed edge to edge composition. The upper region of the frame is open and unadorned — atmosphere, gradient falloff or empty depth, no detail and no focal point there. The principal subject sits in the lower two thirds, weighted below centre and placed off the vertical axis. Clear depth across three planes: near, middle and far. No text, no letterforms, no numerals, no signature, no watermark, no logo, no border and no frame. A world suspended between physical reality and the spirit realm. Translucent apparitions, spectral architecture, luminous mist and enormous ghostly forms emerge from darkness, clouds, water and landscape. Solid objects dissolve into ethereal material and re-form elsewhere. Haunting, beautiful and otherworldly. Grand cinematic illumination, monumental scale, deep dimensional contrast and radiant focal light. Darkness frames moments of extraordinary beauty and power. The scene inspires awe as much as fear, treating Halloween fantasy with the visual grandeur of an epic myth. Explosive outward movement, fragmented forms, dramatic displacement, extreme scale variation and dense controlled complexity radiating through the composition. Blood red, crimson and burnt orange against black. The atmosphere does something it could not: falling upward, standing still, burning, or moving as one body."
502,0502_nightmare_ominous_surge_witchlight_beautiful_decay.jpg,halloween,nightmare,ominous,surge,witchlight,beautiful_decay,1107151700,previews/studio/halloween/0502_nightmare_ominous_surge_witchlight_beautiful_decay.jpg,wallpapers/studio/halloween/0502_nightmare_ominous_surge_witchlight_beautiful_decay.jpg,63836,ok,"A single striking Halloween artwork made as a mobile phone wallpaper. One extraordinary focal idea, composed as a scene rather than an arrangement of seasonal objects. Vertical 9:16 mobile wallpaper, full-bleed edge to edge composition. The upper region of the frame is open and unadorned — atmosphere, gradient falloff or empty depth, no detail and no focal point there. The principal subject sits in the lower two thirds, weighted below centre and placed off the vertical axis. Clear depth across three planes: near, middle and far. No text, no letterforms, no numerals, no signature, no watermark, no logo, no border and no frame. A surreal dream-world where familiar reality has become beautifully impossible. Landscapes bend, structures grow organically, enormous mysterious creatures appear at impossible scale and ordinary objects transform into unsettling forms. Dream logic replaces physics. Strange and psychologically eerie, and visually beautiful. Heavy darkness, approaching weather, deep directional shadows and isolated pools of illumination create mounting tension. The composition suggests that something enormous is about to happen without revealing exactly what it is. Forceful directional movement, strong diagonals, overlapping forms, dynamic scale changes and pronounced visual momentum. Violet, ultraviolet and magenta against black. Ruin rendered as splendour: collapse, erosion and overgrowth arranged into something lovelier than the intact thing was."
297,0297_harvest_majestic_surge_gothic_jewel_unnatural_light.jpg,halloween,harvest,majestic,surge,gothic_jewel,unnatural_light,261183386,previews/studio/halloween/0297_harvest_majestic_surge_gothic_jewel_unnatural_light.jpg,wallpapers/studio/halloween/0297_harvest_majestic_surge_gothic_jewel_unnatural_light.jpg,64781,ok,"A single striking Halloween artwork made as a mobile phone wallpaper. One extraordinary focal idea, composed as a scene rather than an arrangement of seasonal objects. Vertical 9:16 mobile wallpaper, full-bleed edge to edge composition. The upper region of the frame is open and unadorned — atmosphere, gradient falloff or empty depth, no detail and no focal point there. The principal subject sits in the lower two thirds, weighted below centre and placed off the vertical axis. Clear depth across three planes: near, middle and far. No text, no letterforms, no numerals, no signature, no watermark, no logo, no border and no frame. An enchanted late-autumn world overtaken by twisted vines, enormous pumpkins, ancient orchards, cornfields, wheat, gnarled wood and strange harvest monuments. Natural forms grow into impossible structures and creatures beneath enormous autumn moons. Rich, tactile and slightly threatening, balancing folk-horror mystery with spectacular seasonal beauty. Grand cinematic illumination, monumental scale, deep dimensional contrast and radiant focal light. Darkness frames moments of extraordinary beauty and power. The scene inspires awe as much as fear, treating Halloween fantasy with the visual grandeur of an epic myth. Forceful directional movement, strong diagonals, overlapping forms, dynamic scale changes and pronounced visual momentum. Garnet, emerald, sapphire and amethyst with antique gold. Light behaves impossibly: falling upward, casting the wrong shadow, glowing from within a solid, or illuminating only one thing."
85,0085_spectral_bewitched_stillness_blood_moon_organic_geometry.jpg,halloween,spectral,bewitched,stillness,blood_moon,organic_geometry,161517568,previews/studio/halloween/0085_spectral_bewitched_stillness_blood_moon_organic_geometry.jpg,wallpapers/studio/halloween/0085_spectral_bewitched_stillness_blood_moon_organic_geometry.jpg,64620,ok,"A single striking Halloween artwork made as a mobile phone wallpaper. One extraordinary focal idea, composed as a scene rather than an arrangement of seasonal objects. Vertical 9:16 mobile wallpaper, full-bleed edge to edge composition. The upper region of the frame is open and unadorned — atmosphere, gradient falloff or empty depth, no detail and no focal point there. The principal subject sits in the lower two thirds, weighted below centre and placed off the vertical axis. Clear depth across three planes: near, middle and far. No text, no letterforms, no numerals, no signature, no watermark, no logo, no border and no frame. A world suspended between physical reality and the spirit realm. Translucent apparitions, spectral architecture, luminous mist and enormous ghostly forms emerge from darkness, clouds, water and landscape. Solid objects dissolve into ethereal material and re-form elsewhere. Haunting, beautiful and otherworldly. Seductive supernatural illumination, luminous haze and mysterious coloured light. Shadows remain soft and dimensional while magical highlights appear unexpectedly throughout the scene. Enchanting, mysterious and beautiful, with a subtle sense that something impossible is happening. Centered, balanced composition with generous negative space, minimal directional movement, simple large forms and a strong sense of visual stability. Blood red, crimson and burnt orange against black. Living forms arranged into exact geometry, or geometry grown the way a plant grows."
503,0503_nightmare_macabre_eruption_witchlight_hidden_presence.jpg,halloween,nightmare,macabre,eruption,witchlight,hidden_presence,1614103814,previews/studio/halloween/0503_nightmare_macabre_eruption_witchlight_hidden_presence.jpg,wallpapers/studio/halloween/0503_nightmare_macabre_eruption_witchlight_hidden_presence.jpg,64561,ok,"A single striking Halloween artwork made as a mobile phone wallpaper. One extraordinary focal idea, composed as a scene rather than an arrangement of seasonal objects. Vertical 9:16 mobile wallpaper, full-bleed edge to edge composition. The upper region of the frame is open and unadorned — atmosphere, gradient falloff or empty depth, no detail and no focal point there. The principal subject sits in the lower two thirds, weighted below centre and placed off the vertical axis. Clear depth across three planes: near, middle and far. No text, no letterforms, no numerals, no signature, no watermark, no logo, no border and no frame. A surreal dream-world where familiar reality has become beautifully impossible. Landscapes bend, structures grow organically, enormous mysterious creatures appear at impossible scale and ordinary objects transform into unsettling forms. Dream logic replaces physics. Strange and psychologically eerie, and visually beautiful. Elegant darkness with stronger mortality and decay: aged surfaces, skeletal forms, dead vegetation, ruined grandeur and stark chiaroscuro. Sophisticated gothic beauty, disturbing details used sparingly against richly rendered darkness. Explosive outward movement, fragmented forms, dramatic displacement, extreme scale variation and dense controlled complexity radiating through the composition. Violet, ultraviolet and magenta against black. Something enormous is barely perceptible within the scene, read only as a shape in the mist, the stone or the shadow."
298,0298_harvest_bewitched_eruption_gothic_jewel_ancient_monument.jpg,halloween,harvest,bewitched,eruption,gothic_jewel,ancient_monument,768135500,previews/studio/halloween/0298_harvest_bewitched_eruption_gothic_jewel_ancient_monument.jpg,wallpapers/studio/halloween/0298_harvest_bewitched_eruption_gothic_jewel_ancient_monument.jpg,65216,ok,"A single striking Halloween artwork made as a mobile phone wallpaper. One extraordinary focal idea, composed as a scene rather than an arrangement of seasonal objects. Vertical 9:16 mobile wallpaper, full-bleed edge to edge composition. The upper region of the frame is open and unadorned — atmosphere, gradient falloff or empty depth, no detail and no focal point there. The principal subject sits in the lower two thirds, weighted below centre and placed off the vertical axis. Clear depth across three planes: near, middle and far. No text, no letterforms, no numerals, no signature, no watermark, no logo, no border and no frame. An enchanted late-autumn world overtaken by twisted vines, enormous pumpkins, ancient orchards, cornfields, wheat, gnarled wood and strange harvest monuments. Natural forms grow into impossible structures and creatures beneath enormous autumn moons. Rich, tactile and slightly threatening, balancing folk-horror mystery with spectacular seasonal beauty. Seductive supernatural illumination, luminous haze and mysterious coloured light. Shadows remain soft and dimensional while magical highlights appear unexpectedly throughout the scene. Enchanting, mysterious and beautiful, with a subtle sense that something impossible is happening. Explosive outward movement, fragmented forms, dramatic displacement, extreme scale variation and dense controlled complexity radiating through the composition. Garnet, emerald, sapphire and amethyst with antique gold. A single colossal made object dominates, older than anything around it and built for a purpose nobody remembers."
504,0504_nightmare_macabre_surge_ghostlight_hidden_presence.jpg,halloween,nightmare,macabre,surge,ghostlight,hidden_presence,2121055928,previews/studio/halloween/0504_nightmare_macabre_surge_ghostlight_hidden_presence.jpg,wallpapers/studio/halloween/0504_nightmare_macabre_surge_ghostlight_hidden_presence.jpg,64080,ok,"A single striking Halloween artwork made as a mobile phone wallpaper. One extraordinary focal idea, composed as a scene rather than an arrangement of seasonal objects. Vertical 9:16 mobile wallpaper, full-bleed edge to edge composition. The upper region of the frame is open and unadorned — atmosphere, gradient falloff or empty depth, no detail and no focal point there. The principal subject sits in the lower two thirds, weighted below centre and placed off the vertical axis. Clear depth across three planes: near, middle and far. No text, no letterforms, no numerals, no signature, no watermark, no logo, no border and no frame. A surreal dream-world where familiar reality has become beautifully impossible. Landscapes bend, structures grow organically, enormous mysterious creatures appear at impossible scale and ordinary objects transform into unsettling forms. Dream logic replaces physics. Strange and psychologically eerie, and visually beautiful. Elegant darkness with stronger mortality and decay: aged surfaces, skeletal forms, dead vegetation, ruined grandeur and stark chiaroscuro. Sophisticated gothic beauty, disturbing details used sparingly against richly rendered darkness. Forceful directional movement, strong diagonals, overlapping forms, dynamic scale changes and pronounced visual momentum. Spectral cyan, pale aqua and icy white against midnight blue. Something enormous is barely perceptible within the scene, read only as a shape in the mist, the stone or the shadow."
86,0086_spectral_haunting_drift_blood_moon_something_watching.jpg,halloween,spectral,haunting,drift,blood_moon,something_watching,668469682,previews/studio/halloween/0086_spectral_haunting_drift_blood_moon_something_watching.jpg,wallpapers/studio/halloween/0086_spectral_haunting_drift_blood_moon_something_watching.jpg,65426,ok,"A single striking Halloween artwork made as a mobile phone wallpaper. One extraordinary focal idea, composed as a scene rather than an arrangement of seasonal objects. Vertical 9:16 mobile wallpaper, full-bleed edge to edge composition. The upper region of the frame is open and unadorned — atmosphere, gradient falloff or empty depth, no detail and no focal point there. The principal subject sits in the lower two thirds, weighted below centre and placed off the vertical axis. Clear depth across three planes: near, middle and far. No text, no letterforms, no numerals, no signature, no watermark, no logo, no border and no frame. A world suspended between physical reality and the spirit realm. Translucent apparitions, spectral architecture, luminous mist and enormous ghostly forms emerge from darkness, clouds, water and landscape. Solid objects dissolve into ethereal material and re-form elsewhere. Haunting, beautiful and otherworldly. Quiet, melancholy and deeply atmospheric. Diffused moonlight, pale illumination, long shadows, drifting fog and restrained contrast create the feeling of a place inhabited by memories or unseen presences. Beautiful first, unsettling second. Gentle directional movement, softly displaced forms, subtle asymmetry and relaxed visual flow across the composition. Blood red, crimson and burnt orange against black. The composition is arranged around an unseen observer, and the scene knows it is being looked at."
299,0299_harvest_haunting_stillness_gothic_jewel_endless_depth.jpg,halloween,harvest,haunting,stillness,gothic_jewel,endless_depth,1275087614,previews/studio/halloween/0299_harvest_haunting_stillness_gothic_jewel_endless_depth.jpg,wallpapers/studio/halloween/0299_harvest_haunting_stillness_gothic_jewel_endless_depth.jpg,64866,ok,"A single striking Halloween artwork made as a mobile phone wallpaper. One extraordinary focal idea, composed as a scene rather than an arrangement of seasonal objects. Vertical 9:16 mobile wallpaper, full-bleed edge to edge composition. The upper region of the frame is open and unadorned — atmosphere, gradient falloff or empty depth, no detail and no focal point there. The principal subject sits in the lower two thirds, weighted below centre and placed off the vertical axis. Clear depth across three planes: near, middle and far. No text, no letterforms, no numerals, no signature, no watermark, no logo, no border and no frame. An enchanted late-autumn world overtaken by twisted vines, enormous pumpkins, ancient orchards, cornfields, wheat, gnarled wood and strange harvest monuments. Natural forms grow into impossible structures and creatures beneath enormous autumn moons. Rich, tactile and slightly threatening, balancing folk-horror mystery with spectacular seasonal beauty. Quiet, melancholy and deeply atmospheric. Diffused moonlight, pale illumination, long shadows, drifting fog and restrained contrast create the feeling of a place inhabited by memories or unseen presences. Beautiful first, unsettling second. Centered, balanced composition with generous negative space, minimal directional movement, simple large forms and a strong sense of visual stability. Garnet, emerald, sapphire and amethyst with antique gold. The scene recedes far past where it should end, plane behind plane into immeasurable distance."
505,0505_nightmare_nightmarish_eruption_ghostlight_material_transformation.jpg,halloween,nightmare,nightmarish,eruption,ghostlight,material_transformation,480524395,previews/studio/halloween/0505_nightmare_nightmarish_eruption_ghostlight_material_transformation.jpg,wallpapers/studio/halloween/0505_nightmare_nightmarish_eruption_ghostlight_material_transformation.jpg,64999,ok,"A single striking Halloween artwork made as a mobile phone wallpaper. One extraordinary focal idea, composed as a scene rather than an arrangement of seasonal objects. Vertical 9:16 mobile wallpaper, full-bleed edge to edge composition. The upper region of the frame is open and unadorned — atmosphere, gradient falloff or empty depth, no detail and no focal point there. The principal subject sits in the lower two thirds, weighted below centre and placed off the vertical axis. Clear depth across three planes: near, middle and far. No text, no letterforms, no numerals, no signature, no watermark, no logo, no border and no frame. A surreal dream-world where familiar reality has become beautifully impossible. Landscapes bend, structures grow organically, enormous mysterious creatures appear at impossible scale and ordinary objects transform into unsettling forms. Dream logic replaces physics. Strange and psychologically eerie, and visually beautiful. Unnatural lighting, extreme scale, distorted depth and impossible shadows make the scene feel like a vivid nightmare. Familiar forms become subtly wrong and visual logic begins to break down. Intensely unsettling and surreal, sophisticated and visually spectacular. Explosive outward movement, fragmented forms, dramatic displacement, extreme scale variation and dense controlled complexity radiating through the composition. Spectral cyan, pale aqua and icy white against midnight blue. One substance becomes another mid-form: stone into smoke, water into glass, cloth into flame."
87,0087_spectral_ominous_flow_blood_moon_impossible_scale.jpg,halloween,spectral,ominous,flow,blood_moon,impossible_scale,1175421796,previews/studio/halloween/0087_spectral_ominous_flow_blood_moon_impossible_scale.jpg,wallpapers/studio/halloween/0087_spectral_ominous_flow_blood_moon_impossible_scale.jpg,63836,ok,"A single striking Halloween artwork made as a mobile phone wallpaper. One extraordinary focal idea, composed as a scene rather than an arrangement of seasonal objects. Vertical 9:16 mobile wallpaper, full-bleed edge to edge composition. The upper region of the frame is open and unadorned — atmosphere, gradient falloff or empty depth, no detail and no focal point there. The principal subject sits in the lower two thirds, weighted below centre and placed off the vertical axis. Clear depth across three planes: near, middle and far. No text, no letterforms, no numerals, no signature, no watermark, no logo, no border and no frame. A world suspended between physical reality and the spirit realm. Translucent apparitions, spectral architecture, luminous mist and enormous ghostly forms emerge from darkness, clouds, water and landscape. Solid objects dissolve into ethereal material and re-form elsewhere. Haunting, beautiful and otherworldly. Heavy darkness, approaching weather, deep directional shadows and isolated pools of illumination create mounting tension. The composition suggests that something enormous is about to happen without revealing exactly what it is. Continuous sweeping movement, interconnected forms, graceful curves and clear directional pathways carrying the eye through the composition. Blood red, crimson and burnt orange against black. One element is vastly larger than it could be, dwarfing everything around it."
300,0300_harvest_ominous_drift_gothic_jewel_emerging_form.jpg,halloween,harvest,ominous,drift,gothic_jewel,emerging_form,1782039728,previews/studio/halloween/0300_harvest_ominous_drift_gothic_jewel_emerging_form.jpg,wallpapers/studio/halloween/0300_harvest_ominous_drift_gothic_jewel_emerging_form.jpg,65958,ok,"A single striking Halloween artwork made as a mobile phone wallpaper. One extraordinary focal idea, composed as a scene rather than an arrangement of seasonal objects. Vertical 9:16 mobile wallpaper, full-bleed edge to edge composition. The upper region of the frame is open and unadorned — atmosphere, gradient falloff or empty depth, no detail and no focal point there. The principal subject sits in the lower two thirds, weighted below centre and placed off the vertical axis. Clear depth across three planes: near, middle and far. No text, no letterforms, no numerals, no signature, no watermark, no logo, no border and no frame. An enchanted late-autumn world overtaken by twisted vines, enormous pumpkins, ancient orchards, cornfields, wheat, gnarled wood and strange harvest monuments. Natural forms grow into impossible structures and creatures beneath enormous autumn moons. Rich, tactile and slightly threatening, balancing folk-horror mystery with spectacular seasonal beauty. Heavy darkness, approaching weather, deep directional shadows and isolated pools of illumination create mounting tension. The composition suggests that something enormous is about to happen without revealing exactly what it is. Gentle directional movement, softly displaced forms, subtle asymmetry and relaxed visual flow across the composition. Garnet, emerald, sapphire and amethyst with antique gold. A shape is resolving out of the environment itself, half-formed and still becoming."
88,0088_spectral_ominous_drift_pumpkin_fire_impossible_scale.jpg,halloween,spectral,ominous,drift,pumpkin_fire,impossible_scale,1682373910,previews/studio/halloween/0088_spectral_ominous_drift_pumpkin_fire_impossible_scale.jpg,wallpapers/studio/halloween/0088_spectral_ominous_drift_pumpkin_fire_impossible_scale.jpg,64210,ok,"A single striking Halloween artwork made as a mobile phone wallpaper. One extraordinary focal idea, composed as a scene rather than an arrangement of seasonal objects. Vertical 9:16 mobile wallpaper, full-bleed edge to edge composition. The upper region of the frame is open and unadorned — atmosphere, gradient falloff or empty depth, no detail and no focal point there. The principal subject sits in the lower two thirds, weighted below centre and placed off the vertical axis. Clear depth across three planes: near, middle and far. No text, no letterforms, no numerals, no signature, no watermark, no logo, no border and no frame. A world suspended between physical reality and the spirit realm. Translucent apparitions, spectral architecture, luminous mist and enormous ghostly forms emerge from darkness, clouds, water and landscape. Solid objects dissolve into ethereal material and re-form elsewhere. Haunting, beautiful and otherworldly. Heavy darkness, approaching weather, deep directional shadows and isolated pools of illumination create mounting tension. The composition suggests that something enormous is about to happen without revealing exactly what it is. Gentle directional movement, softly displaced forms, subtle asymmetry and relaxed visual flow across the composition. Pumpkin orange, amber and copper against deep umber. One element is vastly larger than it could be, dwarfing everything around it."
506,0506_nightmare_majestic_stillness_ghostlight_unnatural_light.jpg,halloween,nightmare,majestic,stillness,ghostlight,unnatural_light,987476509,previews/studio/halloween/0506_nightmare_majestic_stillness_ghostlight_unnatural_light.jpg,wallpapers/studio/halloween/0506_nightmare_majestic_stillness_ghostlight_unnatural_light.jpg,64520,ok,"A single striking Halloween artwork made as a mobile phone wallpaper. One extraordinary focal idea, composed as a scene rather than an arrangement of seasonal objects. Vertical 9:16 mobile wallpaper, full-bleed edge to edge composition. The upper region of the frame is open and unadorned — atmosphere, gradient falloff or empty depth, no detail and no focal point there. The principal subject sits in the lower two thirds, weighted below centre and placed off the vertical axis. Clear depth across three planes: near, middle and far. No text, no letterforms, no numerals, no signature, no watermark, no logo, no border and no frame. A surreal dream-world where familiar reality has become beautifully impossible. Landscapes bend, structures grow organically, enormous mysterious creatures appear at impossible scale and ordinary objects transform into unsettling forms. Dream logic replaces physics. Strange and psychologically eerie, and visually beautiful. Grand cinematic illumination, monumental scale, deep dimensional contrast and radiant focal light. Darkness frames moments of extraordinary beauty and power. The scene inspires awe as much as fear, treating Halloween fantasy with the visual grandeur of an epic myth. Centered, balanced composition with generous negative space, minimal directional movement, simple large forms and a strong sense of visual stability. Spectral cyan, pale aqua and icy white against midnight blue. Light behaves impossibly: falling upward, casting the wrong shadow, glowing from within a solid, or illuminating only one thing."
301,0301_harvest_macabre_flow_gothic_jewel_impossible_weather.jpg,halloween,harvest,macabre,flow,gothic_jewel,impossible_weather,141508195,previews/studio/halloween/0301_harvest_macabre_flow_gothic_jewel_impossible_weather.jpg,wallpapers/studio/halloween/0301_harvest_macabre_flow_gothic_jewel_impossible_weather.jpg,64014,ok,"A single striking Halloween artwork made as a mobile phone wallpaper. One extraordinary focal idea, composed as a scene rather than an arrangement of seasonal objects. Vertical 9:16 mobile wallpaper, full-bleed edge to edge composition. The upper region of the frame is open and unadorned — atmosphere, gradient falloff or empty depth, no detail and no focal point there. The principal subject sits in the lower two thirds, weighted below centre and placed off the vertical axis. Clear depth across three planes: near, middle and far. No text, no letterforms, no numerals, no signature, no watermark, no logo, no border and no frame. An enchanted late-autumn world overtaken by twisted vines, enormous pumpkins, ancient orchards, cornfields, wheat, gnarled wood and strange harvest monuments. Natural forms grow into impossible structures and creatures beneath enormous autumn moons. Rich, tactile and slightly threatening, balancing folk-horror mystery with spectacular seasonal beauty. Elegant darkness with stronger mortality and decay: aged surfaces, skeletal forms, dead vegetation, ruined grandeur and stark chiaroscuro. Sophisticated gothic beauty, disturbing details used sparingly against richly rendered darkness. Continuous sweeping movement, interconnected forms, graceful curves and clear directional pathways carrying the eye through the composition. Garnet, emerald, sapphire and amethyst with antique gold. The atmosphere does something it could not: falling upward, standing still, burning, or moving as one body."
89,0089_spectral_macabre_flow_pumpkin_fire_living_architecture.jpg,halloween,spectral,macabre,flow,pumpkin_fire,living_architecture,41842377,previews/studio/halloween/0089_spectral_macabre_flow_pumpkin_fire_living_architecture.jpg,wallpapers/studio/halloween/0089_spectral_macabre_flow_pumpkin_fire_living_architecture.jpg,64728,ok,"A single striking Halloween artwork made as a mobile phone wallpaper. One extraordinary focal idea, composed as a scene rather than an arrangement of seasonal objects. Vertical 9:16 mobile wallpaper, full-bleed edge to edge composition. The upper region of the frame is open and unadorned — atmosphere, gradient falloff or empty depth, no detail and no focal point there. The principal subject sits in the lower two thirds, weighted below centre and placed off the vertical axis. Clear depth across three planes: near, middle and far. No text, no letterforms, no numerals, no signature, no watermark, no logo, no border and no frame. A world suspended between physical reality and the spirit realm. Translucent apparitions, spectral architecture, luminous mist and enormous ghostly forms emerge from darkness, clouds, water and landscape. Solid objects dissolve into ethereal material and re-form elsewhere. Haunting, beautiful and otherworldly. Elegant darkness with stronger mortality and decay: aged surfaces, skeletal forms, dead vegetation, ruined grandeur and stark chiaroscuro. Sophisticated gothic beauty, disturbing details used sparingly against richly rendered darkness. Continuous sweeping movement, interconnected forms, graceful curves and clear directional pathways carrying the eye through the composition. Pumpkin orange, amber and copper against deep umber. Built structures behave like a creature: breathing, watching, reaching, or forming a silhouette that is almost a body."
507,0507_nightmare_bewitched_drift_ghostlight_ancient_monument.jpg,halloween,nightmare,bewitched,drift,ghostlight,ancient_monument,1494428623,previews/studio/halloween/0507_nightmare_bewitched_drift_ghostlight_ancient_monument.jpg,wallpapers/studio/halloween/0507_nightmare_bewitched_drift_ghostlight_ancient_monument.jpg,64899,ok,"A single striking Halloween artwork made as a mobile phone wallpaper. One extraordinary focal idea, composed as a scene rather than an arrangement of seasonal objects. Vertical 9:16 mobile wallpaper, full-bleed edge to edge composition. The upper region of the frame is open and unadorned — atmosphere, gradient falloff or empty depth, no detail and no focal point there. The principal subject sits in the lower two thirds, weighted below centre and placed off the vertical axis. Clear depth across three planes: near, middle and far. No text, no letterforms, no numerals, no signature, no watermark, no logo, no border and no frame. A surreal dream-world where familiar reality has become beautifully impossible. Landscapes bend, structures grow organically, enormous mysterious creatures appear at impossible scale and ordinary objects transform into unsettling forms. Dream logic replaces physics. Strange and psychologically eerie, and visually beautiful. Seductive supernatural illumination, luminous haze and mysterious coloured light. Shadows remain soft and dimensional while magical highlights appear unexpectedly throughout the scene. Enchanting, mysterious and beautiful, with a subtle sense that something impossible is happening. Gentle directional movement, softly displaced forms, subtle asymmetry and relaxed visual flow across the composition. Spectral cyan, pale aqua and icy white against midnight blue. A single colossal made object dominates, older than anything around it and built for a purpose nobody remembers."
302,0302_harvest_nightmarish_surge_gothic_jewel_organic_geometry.jpg,halloween,harvest,nightmarish,surge,gothic_jewel,organic_geometry,648460309,previews/studio/halloween/0302_harvest_nightmarish_surge_gothic_jewel_organic_geometry.jpg,wallpapers/studio/halloween/0302_harvest_nightmarish_surge_gothic_jewel_organic_geometry.jpg,64389,ok,"A single striking Halloween artwork made as a mobile phone wallpaper. One extraordinary focal idea, composed as a scene rather than an arrangement of seasonal objects. Vertical 9:16 mobile wallpaper, full-bleed edge to edge composition. The upper region of the frame is open and unadorned — atmosphere, gradient falloff or empty depth, no detail and no focal point there. The principal subject sits in the lower two thirds, weighted below centre and placed off the vertical axis. Clear depth across three planes: near, middle and far. No text, no letterforms, no numerals, no signature, no watermark, no logo, no border and no frame. An enchanted late-autumn world overtaken by twisted vines, enormous pumpkins, ancient orchards, cornfields, wheat, gnarled wood and strange harvest monuments. Natural forms grow into impossible structures and creatures beneath enormous autumn moons. Rich, tactile and slightly threatening, balancing folk-horror mystery with spectacular seasonal beauty. Unnatural lighting, extreme scale, distorted depth and impossible shadows make the scene feel like a vivid nightmare. Familiar forms become subtly wrong and visual logic begins to break down. Intensely unsettling and surreal, sophisticated and visually spectacular. Forceful directional movement, strong diagonals, overlapping forms, dynamic scale changes and pronounced visual momentum. Garnet, emerald, sapphire and amethyst with antique gold. Living forms arranged into exact geometry, or geometry grown the way a plant grows."
90,0090_spectral_nightmarish_surge_pumpkin_fire_beautiful_decay.jpg,halloween,spectral,nightmarish,surge,pumpkin_fire,beautiful_decay,548794491,previews/studio/halloween/0090_spectral_nightmarish_surge_pumpkin_fire_beautiful_decay.jpg,wallpapers/studio/halloween/0090_spectral_nightmarish_surge_pumpkin_fire_beautiful_decay.jpg,64660,ok,"A single striking Halloween artwork made as a mobile phone wallpaper. One extraordinary focal idea, composed as a scene rather than an arrangement of seasonal objects. Vertical 9:16 mobile wallpaper, full-bleed edge to edge composition. The upper region of the frame is open and unadorned — atmosphere, gradient falloff or empty depth, no detail and no focal point there. The principal subject sits in the lower two thirds, weighted below centre and placed off the vertical axis. Clear depth across three planes: near, middle and far. No text, no letterforms, no numerals, no signature, no watermark, no logo, no border and no frame. A world suspended between physical reality and the spirit realm. Translucent apparitions, spectral architecture, luminous mist and enormous ghostly forms emerge from darkness, clouds, water and landscape. Solid objects dissolve into ethereal material and re-form elsewhere. Haunting, beautiful and otherworldly. Unnatural lighting, extreme scale, distorted depth and impossible shadows make the scene feel like a vivid nightmare. Familiar forms become subtly wrong and visual logic begins to break down. Intensely unsettling and surreal, sophisticated and visually spectacular. Forceful directional movement, strong diagonals, overlapping forms, dynamic scale changes and pronounced visual momentum. Pumpkin orange, amber and copper against deep umber. Ruin rendered as splendour: collapse, erosion and overgrowth arranged into something lovelier than the intact thing was."
508,0508_nightmare_haunting_flow_ghostlight_endless_depth.jpg,halloween,nightmare,haunting,flow,ghostlight,endless_depth,2001380737,previews/studio/halloween/0508_nightmare_haunting_flow_ghostlight_endless_depth.jpg,wallpapers/studio/halloween/0508_nightmare_haunting_flow_ghostlight_endless_depth.jpg,64554,ok,"A single striking Halloween artwork made as a mobile phone wallpaper. One extraordinary focal idea, composed as a scene rather than an arrangement of seasonal objects. Vertical 9:16 mobile wallpaper, full-bleed edge to edge composition. The upper region of the frame is open and unadorned — atmosphere, gradient falloff or empty depth, no detail and no focal point there. The principal subject sits in the lower two thirds, weighted below centre and placed off the vertical axis. Clear depth across three planes: near, middle and far. No text, no letterforms, no numerals, no signature, no watermark, no logo, no border and no frame. A surreal dream-world where familiar reality has become beautifully impossible. Landscapes bend, structures grow organically, enormous mysterious creatures appear at impossible scale and ordinary objects transform into unsettling forms. Dream logic replaces physics. Strange and psychologically eerie, and visually beautiful. Quiet, melancholy and deeply atmospheric. Diffused moonlight, pale illumination, long shadows, drifting fog and restrained contrast create the feeling of a place inhabited by memories or unseen presences. Beautiful first, unsettling second. Continuous sweeping movement, interconnected forms, graceful curves and clear directional pathways carrying the eye through the composition. Spectral cyan, pale aqua and icy white against midnight blue. The scene recedes far past where it should end, plane behind plane into immeasurable distance."
303,0303_harvest_majestic_eruption_gothic_jewel_something_watching.jpg,halloween,harvest,majestic,eruption,gothic_jewel,something_watching,1155412423,previews/studio/halloween/0303_harvest_majestic_eruption_gothic_jewel_something_watching.jpg,wallpapers/studio/halloween/0303_harvest_majestic_eruption_gothic_jewel_something_watching.jpg,63705,ok,"A single striking Halloween artwork made as a mobile phone wallpaper. One extraordinary focal idea, composed as a scene rather than an arrangement of seasonal objects. Vertical 9:16 mobile wallpaper, full-bleed edge to edge composition. The upper region of the frame is open and unadorned — atmosphere, gradient falloff or empty depth, no detail and no focal point there. The principal subject sits in the lower two thirds, weighted below centre and placed off the vertical axis. Clear depth across three planes: near, middle and far. No text, no letterforms, no numerals, no signature, no watermark, no logo, no border and no frame. An enchanted late-autumn world overtaken by twisted vines, enormous pumpkins, ancient orchards, cornfields, wheat, gnarled wood and strange harvest monuments. Natural forms grow into impossible structures and creatures beneath enormous autumn moons. Rich, tactile and slightly threatening, balancing folk-horror mystery with spectacular seasonal beauty. Grand cinematic illumination, monumental scale, deep dimensional contrast and radiant focal light. Darkness frames moments of extraordinary beauty and power. The scene inspires awe as much as fear, treating Halloween fantasy with the visual grandeur of an epic myth. Explosive outward movement, fragmented forms, dramatic displacement, extreme scale variation and dense controlled complexity radiating through the composition. Garnet, emerald, sapphire and amethyst with antique gold. The composition is arranged around an unseen observer, and the scene knows it is being looked at."
91,0091_spectral_majestic_eruption_pumpkin_fire_hidden_presence.jpg,halloween,spectral,majestic,eruption,pumpkin_fire,hidden_presence,1055746605,previews/studio/halloween/0091_spectral_majestic_eruption_pumpkin_fire_hidden_presence.jpg,wallpapers/studio/halloween/0091_spectral_majestic_eruption_pumpkin_fire_hidden_presence.jpg,64215,ok,"A single striking Halloween artwork made as a mobile phone wallpaper. One extraordinary focal idea, composed as a scene rather than an arrangement of seasonal objects. Vertical 9:16 mobile wallpaper, full-bleed edge to edge composition. The upper region of the frame is open and unadorned — atmosphere, gradient falloff or empty depth, no detail and no focal point there. The principal subject sits in the lower two thirds, weighted below centre and placed off the vertical axis. Clear depth across three planes: near, middle and far. No text, no letterforms, no numerals, no signature, no watermark, no logo, no border and no frame. A world suspended between physical reality and the spirit realm. Translucent apparitions, spectral architecture, luminous mist and enormous ghostly forms emerge from darkness, clouds, water and landscape. Solid objects dissolve into ethereal material and re-form elsewhere. Haunting, beautiful and otherworldly. Grand cinematic illumination, monumental scale, deep dimensional contrast and radiant focal light. Darkness frames moments of extraordinary beauty and power. The scene inspires awe as much as fear, treating Halloween fantasy with the visual grandeur of an epic myth. Explosive outward movement, fragmented forms, dramatic displacement, extreme scale variation and dense controlled complexity radiating through the composition. Pumpkin orange, amber and copper against deep umber. Something enormous is barely perceptible within the scene, read only as a shape in the mist, the stone or the shadow."
509,0509_nightmare_ominous_surge_ghostlight_emerging_form.jpg,halloween,nightmare,ominous,surge,ghostlight,emerging_form,360849204,previews/studio/halloween/0509_nightmare_ominous_surge_ghostlight_emerging_form.jpg,wallpapers/studio/halloween/0509_nightmare_ominous_surge_ghostlight_emerging_form.jpg,64164,ok,"A single striking Halloween artwork made as a mobile phone wallpaper. One extraordinary focal idea, composed as a scene rather than an arrangement of seasonal objects. Vertical 9:16 mobile wallpaper, full-bleed edge to edge composition. The upper region of the frame is open and unadorned — atmosphere, gradient falloff or empty depth, no detail and no focal point there. The principal subject sits in the lower two thirds, weighted below centre and placed off the vertical axis. Clear depth across three planes: near, middle and far. No text, no letterforms, no numerals, no signature, no watermark, no logo, no border and no frame. A surreal dream-world where familiar reality has become beautifully impossible. Landscapes bend, structures grow organically, enormous mysterious creatures appear at impossible scale and ordinary objects transform into unsettling forms. Dream logic replaces physics. Strange and psychologically eerie, and visually beautiful. Heavy darkness, approaching weather, deep directional shadows and isolated pools of illumination create mounting tension. The composition suggests that something enormous is about to happen without revealing exactly what it is. Forceful directional movement, strong diagonals, overlapping forms, dynamic scale changes and pronounced visual momentum. Spectral cyan, pale aqua and icy white against midnight blue. A shape is resolving out of the environment itself, half-formed and still becoming."
304,0304_harvest_majestic_surge_eclipse_something_watching.jpg,halloween,harvest,majestic,surge,eclipse,something_watching,1662364537,previews/studio/halloween/0304_harvest_majestic_surge_eclipse_something_watching.jpg,wallpapers/studio/halloween/0304_harvest_majestic_surge_eclipse_something_watching.jpg,63681,ok,"A single striking Halloween artwork made as a mobile phone wallpaper. One extraordinary focal idea, composed as a scene rather than an arrangement of seasonal objects. Vertical 9:16 mobile wallpaper, full-bleed edge to edge composition. The upper region of the frame is open and unadorned — atmosphere, gradient falloff or empty depth, no detail and no focal point there. The principal subject sits in the lower two thirds, weighted below centre and placed off the vertical axis. Clear depth across three planes: near, middle and far. No text, no letterforms, no numerals, no signature, no watermark, no logo, no border and no frame. An enchanted late-autumn world overtaken by twisted vines, enormous pumpkins, ancient orchards, cornfields, wheat, gnarled wood and strange harvest monuments. Natural forms grow into impossible structures and creatures beneath enormous autumn moons. Rich, tactile and slightly threatening, balancing folk-horror mystery with spectacular seasonal beauty. Grand cinematic illumination, monumental scale, deep dimensional contrast and radiant focal light. Darkness frames moments of extraordinary beauty and power. The scene inspires awe as much as fear, treating Halloween fantasy with the visual grandeur of an epic myth. Forceful directional movement, strong diagonals, overlapping forms, dynamic scale changes and pronounced visual momentum. Charcoal and black with burning gold and solar orange. The composition is arranged around an unseen observer, and the scene knows it is being looked at."
92,0092_spectral_bewitched_stillness_pumpkin_fire_material_transformation.jpg,halloween,spectral,bewitched,stillness,pumpkin_fire,material_transformation,1562698719,previews/studio/halloween/0092_spectral_bewitched_stillness_pumpkin_fire_material_transformation.jpg,wallpapers/studio/halloween/0092_spectral_bewitched_stillness_pumpkin_fire_material_transformation.jpg,64648,ok,"A single striking Halloween artwork made as a mobile phone wallpaper. One extraordinary focal idea, composed as a scene rather than an arrangement of seasonal objects. Vertical 9:16 mobile wallpaper, full-bleed edge to edge composition. The upper region of the frame is open and unadorned — atmosphere, gradient falloff or empty depth, no detail and no focal point there. The principal subject sits in the lower two thirds, weighted below centre and placed off the vertical axis. Clear depth across three planes: near, middle and far. No text, no letterforms, no numerals, no signature, no watermark, no logo, no border and no frame. A world suspended between physical reality and the spirit realm. Translucent apparitions, spectral architecture, luminous mist and enormous ghostly forms emerge from darkness, clouds, water and landscape. Solid objects dissolve into ethereal material and re-form elsewhere. Haunting, beautiful and otherworldly. Seductive supernatural illumination, luminous haze and mysterious coloured light. Shadows remain soft and dimensional while magical highlights appear unexpectedly throughout the scene. Enchanting, mysterious and beautiful, with a subtle sense that something impossible is happening. Centered, balanced composition with generous negative space, minimal directional movement, simple large forms and a strong sense of visual stability. Pumpkin orange, amber and copper against deep umber. One substance becomes another mid-form: stone into smoke, water into glass, cloth into flame."
510,0510_nightmare_macabre_eruption_ghostlight_impossible_weather.jpg,halloween,nightmare,macabre,eruption,ghostlight,impossible_weather,867801318,previews/studio/halloween/0510_nightmare_macabre_eruption_ghostlight_impossible_weather.jpg,wallpapers/studio/halloween/0510_nightmare_macabre_eruption_ghostlight_impossible_weather.jpg,65052,ok,"A single striking Halloween artwork made as a mobile phone wallpaper. One extraordinary focal idea, composed as a scene rather than an arrangement of seasonal objects. Vertical 9:16 mobile wallpaper, full-bleed edge to edge composition. The upper region of the frame is open and unadorned — atmosphere, gradient falloff or empty depth, no detail and no focal point there. The principal subject sits in the lower two thirds, weighted below centre and placed off the vertical axis. Clear depth across three planes: near, middle and far. No text, no letterforms, no numerals, no signature, no watermark, no logo, no border and no frame. A surreal dream-world where familiar reality has become beautifully impossible. Landscapes bend, structures grow organically, enormous mysterious creatures appear at impossible scale and ordinary objects transform into unsettling forms. Dream logic replaces physics. Strange and psychologically eerie, and visually beautiful. Elegant darkness with stronger mortality and decay: aged surfaces, skeletal forms, dead vegetation, ruined grandeur and stark chiaroscuro. Sophisticated gothic beauty, disturbing details used sparingly against richly rendered darkness. Explosive outward movement, fragmented forms, dramatic displacement, extreme scale variation and dense controlled complexity radiating through the composition. Spectral cyan, pale aqua and icy white against midnight blue. The atmosphere does something it could not: falling upward, standing still, burning, or moving as one body."
305,0305_harvest_bewitched_eruption_eclipse_impossible_scale.jpg,halloween,harvest,bewitched,eruption,eclipse,impossible_scale,21833004,previews/studio/halloween/0305_harvest_bewitched_eruption_eclipse_impossible_scale.jpg,wallpapers/studio/halloween/0305_harvest_bewitched_eruption_eclipse_impossible_scale.jpg,64903,ok,"A single striking Halloween artwork made as a mobile phone wallpaper. One extraordinary focal idea, composed as a scene rather than an arrangement of seasonal objects. Vertical 9:16 mobile wallpaper, full-bleed edge to edge composition. The upper region of the frame is open and unadorned — atmosphere, gradient falloff or empty depth, no detail and no focal point there. The principal subject sits in the lower two thirds, weighted below centre and placed off the vertical axis. Clear depth across three planes: near, middle and far. No text, no letterforms, no numerals, no signature, no watermark, no logo, no border and no frame. An enchanted late-autumn world overtaken by twisted vines, enormous pumpkins, ancient orchards, cornfields, wheat, gnarled wood and strange harvest monuments. Natural forms grow into impossible structures and creatures beneath enormous autumn moons. Rich, tactile and slightly threatening, balancing folk-horror mystery with spectacular seasonal beauty. Seductive supernatural illumination, luminous haze and mysterious coloured light. Shadows remain soft and dimensional while magical highlights appear unexpectedly throughout the scene. Enchanting, mysterious and beautiful, with a subtle sense that something impossible is happening. Explosive outward movement, fragmented forms, dramatic displacement, extreme scale variation and dense controlled complexity radiating through the composition. Charcoal and black with burning gold and solar orange. One element is vastly larger than it could be, dwarfing everything around it."
511,0511_nightmare_nightmarish_stillness_ghostlight_organic_geometry.jpg,halloween,nightmare,nightmarish,stillness,ghostlight,organic_geometry,1374753432,previews/studio/halloween/0511_nightmare_nightmarish_stillness_ghostlight_organic_geometry.jpg,wallpapers/studio/halloween/0511_nightmare_nightmarish_stillness_ghostlight_organic_geometry.jpg,64100,ok,"A single striking Halloween artwork made as a mobile phone wallpaper. One extraordinary focal idea, composed as a scene rather than an arrangement of seasonal objects. Vertical 9:16 mobile wallpaper, full-bleed edge to edge composition. The upper region of the frame is open and unadorned — atmosphere, gradient falloff or empty depth, no detail and no focal point there. The principal subject sits in the lower two thirds, weighted below centre and placed off the vertical axis. Clear depth across three planes: near, middle and far. No text, no letterforms, no numerals, no signature, no watermark, no logo, no border and no frame. A surreal dream-world where familiar reality has become beautifully impossible. Landscapes bend, structures grow organically, enormous mysterious creatures appear at impossible scale and ordinary objects transform into unsettling forms. Dream logic replaces physics. Strange and psychologically eerie, and visually beautiful. Unnatural lighting, extreme scale, distorted depth and impossible shadows make the scene feel like a vivid nightmare. Familiar forms become subtly wrong and visual logic begins to break down. Intensely unsettling and surreal, sophisticated and visually spectacular. Centered, balanced composition with generous negative space, minimal directional movement, simple large forms and a strong sense of visual stability. Spectral cyan, pale aqua and icy white against midnight blue. Living forms arranged into exact geometry, or geometry grown the way a plant grows."
93,0093_spectral_haunting_drift_pumpkin_fire_unnatural_light.jpg,halloween,spectral,haunting,drift,pumpkin_fire,unnatural_light,2069650833,previews/studio/halloween/0093_spectral_haunting_drift_pumpkin_fire_unnatural_light.jpg,wallpapers/studio/halloween/0093_spectral_haunting_drift_pumpkin_fire_unnatural_light.jpg,64867,ok,"A single striking Halloween artwork made as a mobile phone wallpaper. One extraordinary focal idea, composed as a scene rather than an arrangement of seasonal objects. Vertical 9:16 mobile wallpaper, full-bleed edge to edge composition. The upper region of the frame is open and unadorned — atmosphere, gradient falloff or empty depth, no detail and no focal point there. The principal subject sits in the lower two thirds, weighted below centre and placed off the vertical axis. Clear depth across three planes: near, middle and far. No text, no letterforms, no numerals, no signature, no watermark, no logo, no border and no frame. A world suspended between physical reality and the spirit realm. Translucent apparitions, spectral architecture, luminous mist and enormous ghostly forms emerge from darkness, clouds, water and landscape. Solid objects dissolve into ethereal material and re-form elsewhere. Haunting, beautiful and otherworldly. Quiet, melancholy and deeply atmospheric. Diffused moonlight, pale illumination, long shadows, drifting fog and restrained contrast create the feeling of a place inhabited by memories or unseen presences. Beautiful first, unsettling second. Gentle directional movement, softly displaced forms, subtle asymmetry and relaxed visual flow across the composition. Pumpkin orange, amber and copper against deep umber. Light behaves impossibly: falling upward, casting the wrong shadow, glowing from within a solid, or illuminating only one thing."
306,0306_harvest_haunting_stillness_eclipse_living_architecture.jpg,halloween,harvest,haunting,stillness,eclipse,living_architecture,528785118,previews/studio/halloween/0306_harvest_haunting_stillness_eclipse_living_architecture.jpg,wallpapers/studio/halloween/0306_harvest_haunting_stillness_eclipse_living_architecture.jpg,64272,ok,"A single striking Halloween artwork made as a mobile phone wallpaper. One extraordinary focal idea, composed as a scene rather than an arrangement of seasonal objects. Vertical 9:16 mobile wallpaper, full-bleed edge to edge composition. The upper region of the frame is open and unadorned — atmosphere, gradient falloff or empty depth, no detail and no focal point there. The principal subject sits in the lower two thirds, weighted below centre and placed off the vertical axis. Clear depth across three planes: near, middle and far. No text, no letterforms, no numerals, no signature, no watermark, no logo, no border and no frame. An enchanted late-autumn world overtaken by twisted vines, enormous pumpkins, ancient orchards, cornfields, wheat, gnarled wood and strange harvest monuments. Natural forms grow into impossible structures and creatures beneath enormous autumn moons. Rich, tactile and slightly threatening, balancing folk-horror mystery with spectacular seasonal beauty. Quiet, melancholy and deeply atmospheric. Diffused moonlight, pale illumination, long shadows, drifting fog and restrained contrast create the feeling of a place inhabited by memories or unseen presences. Beautiful first, unsettling second. Centered, balanced composition with generous negative space, minimal directional movement, simple large forms and a strong sense of visual stability. Charcoal and black with burning gold and solar orange. Built structures behave like a creature: breathing, watching, reaching, or forming a silhouette that is almost a body."
307,0307_harvest_ominous_drift_eclipse_beautiful_decay.jpg,halloween,harvest,ominous,drift,eclipse,beautiful_decay,1035737232,previews/studio/halloween/0307_harvest_ominous_drift_eclipse_beautiful_decay.jpg,wallpapers/studio/halloween/0307_harvest_ominous_drift_eclipse_beautiful_decay.jpg,64375,ok,"A single striking Halloween artwork made as a mobile phone wallpaper. One extraordinary focal idea, composed as a scene rather than an arrangement of seasonal objects. Vertical 9:16 mobile wallpaper, full-bleed edge to edge composition. The upper region of the frame is open and unadorned — atmosphere, gradient falloff or empty depth, no detail and no focal point there. The principal subject sits in the lower two thirds, weighted below centre and placed off the vertical axis. Clear depth across three planes: near, middle and far. No text, no letterforms, no numerals, no signature, no watermark, no logo, no border and no frame. An enchanted late-autumn world overtaken by twisted vines, enormous pumpkins, ancient orchards, cornfields, wheat, gnarled wood and strange harvest monuments. Natural forms grow into impossible structures and creatures beneath enormous autumn moons. Rich, tactile and slightly threatening, balancing folk-horror mystery with spectacular seasonal beauty. Heavy darkness, approaching weather, deep directional shadows and isolated pools of illumination create mounting tension. The composition suggests that something enormous is about to happen without revealing exactly what it is. Gentle directional movement, softly displaced forms, subtle asymmetry and relaxed visual flow across the composition. Charcoal and black with burning gold and solar orange. Ruin rendered as splendour: collapse, erosion and overgrowth arranged into something lovelier than the intact thing was."
94,0094_spectral_ominous_flow_pumpkin_fire_ancient_monument.jpg,halloween,spectral,ominous,flow,pumpkin_fire,ancient_monument,429119300,previews/studio/halloween/0094_spectral_ominous_flow_pumpkin_fire_ancient_monument.jpg,wallpapers/studio/halloween/0094_spectral_ominous_flow_pumpkin_fire_ancient_monument.jpg,64566,ok,"A single striking Halloween artwork made as a mobile phone wallpaper. One extraordinary focal idea, composed as a scene rather than an arrangement of seasonal objects. Vertical 9:16 mobile wallpaper, full-bleed edge to edge composition. The upper region of the frame is open and unadorned — atmosphere, gradient falloff or empty depth, no detail and no focal point there. The principal subject sits in the lower two thirds, weighted below centre and placed off the vertical axis. Clear depth across three planes: near, middle and far. No text, no letterforms, no numerals, no signature, no watermark, no logo, no border and no frame. A world suspended between physical reality and the spirit realm. Translucent apparitions, spectral architecture, luminous mist and enormous ghostly forms emerge from darkness, clouds, water and landscape. Solid objects dissolve into ethereal material and re-form elsewhere. Haunting, beautiful and otherworldly. Heavy darkness, approaching weather, deep directional shadows and isolated pools of illumination create mounting tension. The composition suggests that something enormous is about to happen without revealing exactly what it is. Continuous sweeping movement, interconnected forms, graceful curves and clear directional pathways carrying the eye through the composition. Pumpkin orange, amber and copper against deep umber. A single colossal made object dominates, older than anything around it and built for a purpose nobody remembers."
512,0512_nightmare_nightmarish_eruption_poison_organic_geometry.jpg,halloween,nightmare,nightmarish,eruption,poison,organic_geometry,1881705546,previews/studio/halloween/0512_nightmare_nightmarish_eruption_poison_organic_geometry.jpg,wallpapers/studio/halloween/0512_nightmare_nightmarish_eruption_poison_organic_geometry.jpg,65068,ok,"A single striking Halloween artwork made as a mobile phone wallpaper. One extraordinary focal idea, composed as a scene rather than an arrangement of seasonal objects. Vertical 9:16 mobile wallpaper, full-bleed edge to edge composition. The upper region of the frame is open and unadorned — atmosphere, gradient falloff or empty depth, no detail and no focal point there. The principal subject sits in the lower two thirds, weighted below centre and placed off the vertical axis. Clear depth across three planes: near, middle and far. No text, no letterforms, no numerals, no signature, no watermark, no logo, no border and no frame. A surreal dream-world where familiar reality has become beautifully impossible. Landscapes bend, structures grow organically, enormous mysterious creatures appear at impossible scale and ordinary objects transform into unsettling forms. Dream logic replaces physics. Strange and psychologically eerie, and visually beautiful. Unnatural lighting, extreme scale, distorted depth and impossible shadows make the scene feel like a vivid nightmare. Familiar forms become subtly wrong and visual logic begins to break down. Intensely unsettling and surreal, sophisticated and visually spectacular. Explosive outward movement, fragmented forms, dramatic displacement, extreme scale variation and dense controlled complexity radiating through the composition. Acid green, emerald and chartreuse against black. Living forms arranged into exact geometry, or geometry grown the way a plant grows."
513,0513_nightmare_majestic_stillness_poison_something_watching.jpg,halloween,nightmare,majestic,stillness,poison,something_watching,241174013,previews/studio/halloween/0513_nightmare_majestic_stillness_poison_something_watching.jpg,wallpapers/studio/halloween/0513_nightmare_majestic_stillness_poison_something_watching.jpg,64254,ok,"A single striking Halloween artwork made as a mobile phone wallpaper. One extraordinary focal idea, composed as a scene rather than an arrangement of seasonal objects. Vertical 9:16 mobile wallpaper, full-bleed edge to edge composition. The upper region of the frame is open and unadorned — atmosphere, gradient falloff or empty depth, no detail and no focal point there. The principal subject sits in the lower two thirds, weighted below centre and placed off the vertical axis. Clear depth across three planes: near, middle and far. No text, no letterforms, no numerals, no signature, no watermark, no logo, no border and no frame. A surreal dream-world where familiar reality has become beautifully impossible. Landscapes bend, structures grow organically, enormous mysterious creatures appear at impossible scale and ordinary objects transform into unsettling forms. Dream logic replaces physics. Strange and psychologically eerie, and visually beautiful. Grand cinematic illumination, monumental scale, deep dimensional contrast and radiant focal light. Darkness frames moments of extraordinary beauty and power. The scene inspires awe as much as fear, treating Halloween fantasy with the visual grandeur of an epic myth. Centered, balanced composition with generous negative space, minimal directional movement, simple large forms and a strong sense of visual stability. Acid green, emerald and chartreuse against black. The composition is arranged around an unseen observer, and the scene knows it is being looked at."
95,0095_spectral_macabre_surge_pumpkin_fire_endless_depth.jpg,halloween,spectral,macabre,surge,pumpkin_fire,endless_depth,936071414,previews/studio/halloween/0095_spectral_macabre_surge_pumpkin_fire_endless_depth.jpg,wallpapers/studio/halloween/0095_spectral_macabre_surge_pumpkin_fire_endless_depth.jpg,64617,ok,"A single striking Halloween artwork made as a mobile phone wallpaper. One extraordinary focal idea, composed as a scene rather than an arrangement of seasonal objects. Vertical 9:16 mobile wallpaper, full-bleed edge to edge composition. The upper region of the frame is open and unadorned — atmosphere, gradient falloff or empty depth, no detail and no focal point there. The principal subject sits in the lower two thirds, weighted below centre and placed off the vertical axis. Clear depth across three planes: near, middle and far. No text, no letterforms, no numerals, no signature, no watermark, no logo, no border and no frame. A world suspended between physical reality and the spirit realm. Translucent apparitions, spectral architecture, luminous mist and enormous ghostly forms emerge from darkness, clouds, water and landscape. Solid objects dissolve into ethereal material and re-form elsewhere. Haunting, beautiful and otherworldly. Elegant darkness with stronger mortality and decay: aged surfaces, skeletal forms, dead vegetation, ruined grandeur and stark chiaroscuro. Sophisticated gothic beauty, disturbing details used sparingly against richly rendered darkness. Forceful directional movement, strong diagonals, overlapping forms, dynamic scale changes and pronounced visual momentum. Pumpkin orange, amber and copper against deep umber. The scene recedes far past where it should end, plane behind plane into immeasurable distance."
308,0308_harvest_macabre_flow_eclipse_hidden_presence.jpg,halloween,harvest,macabre,flow,eclipse,hidden_presence,1542689346,previews/studio/halloween/0308_harvest_macabre_flow_eclipse_hidden_presence.jpg,wallpapers/studio/halloween/0308_harvest_macabre_flow_eclipse_hidden_presence.jpg,64955,ok,"A single striking Halloween artwork made as a mobile phone wallpaper. One extraordinary focal idea, composed as a scene rather than an arrangement of seasonal objects. Vertical 9:16 mobile wallpaper, full-bleed edge to edge composition. The upper region of the frame is open and unadorned — atmosphere, gradient falloff or empty depth, no detail and no focal point there. The principal subject sits in the lower two thirds, weighted below centre and placed off the vertical axis. Clear depth across three planes: near, middle and far. No text, no letterforms, no numerals, no signature, no watermark, no logo, no border and no frame. An enchanted late-autumn world overtaken by twisted vines, enormous pumpkins, ancient orchards, cornfields, wheat, gnarled wood and strange harvest monuments. Natural forms grow into impossible structures and creatures beneath enormous autumn moons. Rich, tactile and slightly threatening, balancing folk-horror mystery with spectacular seasonal beauty. Elegant darkness with stronger mortality and decay: aged surfaces, skeletal forms, dead vegetation, ruined grandeur and stark chiaroscuro. Sophisticated gothic beauty, disturbing details used sparingly against richly rendered darkness. Continuous sweeping movement, interconnected forms, graceful curves and clear directional pathways carrying the eye through the composition. Charcoal and black with burning gold and solar orange. Something enormous is barely perceptible within the scene, read only as a shape in the mist, the stone or the shadow."
96,0096_spectral_macabre_flow_witchlight_endless_depth.jpg,halloween,spectral,macabre,flow,witchlight,endless_depth,1443023528,previews/studio/halloween/0096_spectral_macabre_flow_witchlight_endless_depth.jpg,wallpapers/studio/halloween/0096_spectral_macabre_flow_witchlight_endless_depth.jpg,64716,ok,"A single striking Halloween artwork made as a mobile phone wallpaper. One extraordinary focal idea, composed as a scene rather than an arrangement of seasonal objects. Vertical 9:16 mobile wallpaper, full-bleed edge to edge composition. The upper region of the frame is open and unadorned — atmosphere, gradient falloff or empty depth, no detail and no focal point there. The principal subject sits in the lower two thirds, weighted below centre and placed off the vertical axis. Clear depth across three planes: near, middle and far. No text, no letterforms, no numerals, no signature, no watermark, no logo, no border and no frame. A world suspended between physical reality and the spirit realm. Translucent apparitions, spectral architecture, luminous mist and enormous ghostly forms emerge from darkness, clouds, water and landscape. Solid objects dissolve into ethereal material and re-form elsewhere. Haunting, beautiful and otherworldly. Elegant darkness with stronger mortality and decay: aged surfaces, skeletal forms, dead vegetation, ruined grandeur and stark chiaroscuro. Sophisticated gothic beauty, disturbing details used sparingly against richly rendered darkness. Continuous sweeping movement, interconnected forms, graceful curves and clear directional pathways carrying the eye through the composition. Violet, ultraviolet and magenta against black. The scene recedes far past where it should end, plane behind plane into immeasurable distance."
514,0514_nightmare_bewitched_drift_poison_impossible_scale.jpg,halloween,nightmare,bewitched,drift,poison,impossible_scale,748126127,previews/studio/halloween/0514_nightmare_bewitched_drift_poison_impossible_scale.jpg,wallpapers/studio/halloween/0514_nightmare_bewitched_drift_poison_impossible_scale.jpg,64832,ok,"A single striking Halloween artwork made as a mobile phone wallpaper. One extraordinary focal idea, composed as a scene rather than an arrangement of seasonal objects. Vertical 9:16 mobile wallpaper, full-bleed edge to edge composition. The upper region of the frame is open and unadorned — atmosphere, gradient falloff or empty depth, no detail and no focal point there. The principal subject sits in the lower two thirds, weighted below centre and placed off the vertical axis. Clear depth across three planes: near, middle and far. No text, no letterforms, no numerals, no signature, no watermark, no logo, no border and no frame. A surreal dream-world where familiar reality has become beautifully impossible. Landscapes bend, structures grow organically, enormous mysterious creatures appear at impossible scale and ordinary objects transform into unsettling forms. Dream logic replaces physics. Strange and psychologically eerie, and visually beautiful. Seductive supernatural illumination, luminous haze and mysterious coloured light. Shadows remain soft and dimensional while magical highlights appear unexpectedly throughout the scene. Enchanting, mysterious and beautiful, with a subtle sense that something impossible is happening. Gentle directional movement, softly displaced forms, subtle asymmetry and relaxed visual flow across the composition. Acid green, emerald and chartreuse against black. One element is vastly larger than it could be, dwarfing everything around it."
309,0309_harvest_nightmarish_surge_eclipse_material_transformation.jpg,halloween,harvest,nightmarish,surge,eclipse,material_transformation,2049641460,previews/studio/halloween/0309_harvest_nightmarish_surge_eclipse_material_transformation.jpg,wallpapers/studio/halloween/0309_harvest_nightmarish_surge_eclipse_material_transformation.jpg,64710,ok,"A single striking Halloween artwork made as a mobile phone wallpaper. One extraordinary focal idea, composed as a scene rather than an arrangement of seasonal objects. Vertical 9:16 mobile wallpaper, full-bleed edge to edge composition. The upper region of the frame is open and unadorned — atmosphere, gradient falloff or empty depth, no detail and no focal point there. The principal subject sits in the lower two thirds, weighted below centre and placed off the vertical axis. Clear depth across three planes: near, middle and far. No text, no letterforms, no numerals, no signature, no watermark, no logo, no border and no frame. An enchanted late-autumn world overtaken by twisted vines, enormous pumpkins, ancient orchards, cornfields, wheat, gnarled wood and strange harvest monuments. Natural forms grow into impossible structures and creatures beneath enormous autumn moons. Rich, tactile and slightly threatening, balancing folk-horror mystery with spectacular seasonal beauty. Unnatural lighting, extreme scale, distorted depth and impossible shadows make the scene feel like a vivid nightmare. Familiar forms become subtly wrong and visual logic begins to break down. Intensely unsettling and surreal, sophisticated and visually spectacular. Forceful directional movement, strong diagonals, overlapping forms, dynamic scale changes and pronounced visual momentum. Charcoal and black with burning gold and solar orange. One substance becomes another mid-form: stone into smoke, water into glass, cloth into flame."
515,0515_nightmare_haunting_flow_poison_living_architecture.jpg,halloween,nightmare,haunting,flow,poison,living_architecture,1255078241,,,,failed,"prediction failed: Model execution failed (User Input Error): AiError: AiError: NSFW content detected. Try running it again, or try a different prompt. (034224aa-7181-4dff-a3d7-bc6bd667367d)"
97,0097_spectral_nightmarish_surge_witchlight_emerging_form.jpg,halloween,spectral,nightmarish,surge,witchlight,emerging_form,1949975642,previews/studio/halloween/0097_spectral_nightmarish_surge_witchlight_emerging_form.jpg,wallpapers/studio/halloween/0097_spectral_nightmarish_surge_witchlight_emerging_form.jpg,64244,ok,"A single striking Halloween artwork made as a mobile phone wallpaper. One extraordinary focal idea, composed as a scene rather than an arrangement of seasonal objects. Vertical 9:16 mobile wallpaper, full-bleed edge to edge composition. The upper region of the frame is open and unadorned — atmosphere, gradient falloff or empty depth, no detail and no focal point there. The principal subject sits in the lower two thirds, weighted below centre and placed off the vertical axis. Clear depth across three planes: near, middle and far. No text, no letterforms, no numerals, no signature, no watermark, no logo, no border and no frame. A world suspended between physical reality and the spirit realm. Translucent apparitions, spectral architecture, luminous mist and enormous ghostly forms emerge from darkness, clouds, water and landscape. Solid objects dissolve into ethereal material and re-form elsewhere. Haunting, beautiful and otherworldly. Unnatural lighting, extreme scale, distorted depth and impossible shadows make the scene feel like a vivid nightmare. Familiar forms become subtly wrong and visual logic begins to break down. Intensely unsettling and surreal, sophisticated and visually spectacular. Forceful directional movement, strong diagonals, overlapping forms, dynamic scale changes and pronounced visual momentum. Violet, ultraviolet and magenta against black. A shape is resolving out of the environment itself, half-formed and still becoming."
310,0310_harvest_majestic_eruption_eclipse_unnatural_light.jpg,halloween,harvest,majestic,eruption,eclipse,unnatural_light,409109927,previews/studio/halloween/0310_harvest_majestic_eruption_eclipse_unnatural_light.jpg,wallpapers/studio/halloween/0310_harvest_majestic_eruption_eclipse_unnatural_light.jpg,64016,ok,"A single striking Halloween artwork made as a mobile phone wallpaper. One extraordinary focal idea, composed as a scene rather than an arrangement of seasonal objects. Vertical 9:16 mobile wallpaper, full-bleed edge to edge composition. The upper region of the frame is open and unadorned — atmosphere, gradient falloff or empty depth, no detail and no focal point there. The principal subject sits in the lower two thirds, weighted below centre and placed off the vertical axis. Clear depth across three planes: near, middle and far. No text, no letterforms, no numerals, no signature, no watermark, no logo, no border and no frame. An enchanted late-autumn world overtaken by twisted vines, enormous pumpkins, ancient orchards, cornfields, wheat, gnarled wood and strange harvest monuments. Natural forms grow into impossible structures and creatures beneath enormous autumn moons. Rich, tactile and slightly threatening, balancing folk-horror mystery with spectacular seasonal beauty. Grand cinematic illumination, monumental scale, deep dimensional contrast and radiant focal light. Darkness frames moments of extraordinary beauty and power. The scene inspires awe as much as fear, treating Halloween fantasy with the visual grandeur of an epic myth. Explosive outward movement, fragmented forms, dramatic displacement, extreme scale variation and dense controlled complexity radiating through the composition. Charcoal and black with burning gold and solar orange. Light behaves impossibly: falling upward, casting the wrong shadow, glowing from within a solid, or illuminating only one thing."
98,0098_spectral_majestic_eruption_witchlight_impossible_weather.jpg,halloween,spectral,majestic,eruption,witchlight,impossible_weather,309444109,previews/studio/halloween/0098_spectral_majestic_eruption_witchlight_impossible_weather.jpg,wallpapers/studio/halloween/0098_spectral_majestic_eruption_witchlight_impossible_weather.jpg,63925,ok,"A single striking Halloween artwork made as a mobile phone wallpaper. One extraordinary focal idea, composed as a scene rather than an arrangement of seasonal objects. Vertical 9:16 mobile wallpaper, full-bleed edge to edge composition. The upper region of the frame is open and unadorned — atmosphere, gradient falloff or empty depth, no detail and no focal point there. The principal subject sits in the lower two thirds, weighted below centre and placed off the vertical axis. Clear depth across three planes: near, middle and far. No text, no letterforms, no numerals, no signature, no watermark, no logo, no border and no frame. A world suspended between physical reality and the spirit realm. Translucent apparitions, spectral architecture, luminous mist and enormous ghostly forms emerge from darkness, clouds, water and landscape. Solid objects dissolve into ethereal material and re-form elsewhere. Haunting, beautiful and otherworldly. Grand cinematic illumination, monumental scale, deep dimensional contrast and radiant focal light. Darkness frames moments of extraordinary beauty and power. The scene inspires awe as much as fear, treating Halloween fantasy with the visual grandeur of an epic myth. Explosive outward movement, fragmented forms, dramatic displacement, extreme scale variation and dense controlled complexity radiating through the composition. Violet, ultraviolet and magenta against black. The atmosphere does something it could not: falling upward, standing still, burning, or moving as one body."
516,0516_nightmare_ominous_surge_poison_beautiful_decay.jpg,halloween,nightmare,ominous,surge,poison,beautiful_decay,1762030355,previews/studio/halloween/0516_nightmare_ominous_surge_poison_beautiful_decay.jpg,wallpapers/studio/halloween/0516_nightmare_ominous_surge_poison_beautiful_decay.jpg,65223,ok,"A single striking Halloween artwork made as a mobile phone wallpaper. One extraordinary focal idea, composed as a scene rather than an arrangement of seasonal objects. Vertical 9:16 mobile wallpaper, full-bleed edge to edge composition. The upper region of the frame is open and unadorned — atmosphere, gradient falloff or empty depth, no detail and no focal point there. The principal subject sits in the lower two thirds, weighted below centre and placed off the vertical axis. Clear depth across three planes: near, middle and far. No text, no letterforms, no numerals, no signature, no watermark, no logo, no border and no frame. A surreal dream-world where familiar reality has become beautifully impossible. Landscapes bend, structures grow organically, enormous mysterious creatures appear at impossible scale and ordinary objects transform into unsettling forms. Dream logic replaces physics. Strange and psychologically eerie, and visually beautiful. Heavy darkness, approaching weather, deep directional shadows and isolated pools of illumination create mounting tension. The composition suggests that something enormous is about to happen without revealing exactly what it is. Forceful directional movement, strong diagonals, overlapping forms, dynamic scale changes and pronounced visual momentum. Acid green, emerald and chartreuse against black. Ruin rendered as splendour: collapse, erosion and overgrowth arranged into something lovelier than the intact thing was."
311,0311_harvest_bewitched_stillness_eclipse_ancient_monument.jpg,halloween,harvest,bewitched,stillness,eclipse,ancient_monument,916062041,previews/studio/halloween/0311_harvest_bewitched_stillness_eclipse_ancient_monument.jpg,wallpapers/studio/halloween/0311_harvest_bewitched_stillness_eclipse_ancient_monument.jpg,64095,ok,"A single striking Halloween artwork made as a mobile phone wallpaper. One extraordinary focal idea, composed as a scene rather than an arrangement of seasonal objects. Vertical 9:16 mobile wallpaper, full-bleed edge to edge composition. The upper region of the frame is open and unadorned — atmosphere, gradient falloff or empty depth, no detail and no focal point there. The principal subject sits in the lower two thirds, weighted below centre and placed off the vertical axis. Clear depth across three planes: near, middle and far. No text, no letterforms, no numerals, no signature, no watermark, no logo, no border and no frame. An enchanted late-autumn world overtaken by twisted vines, enormous pumpkins, ancient orchards, cornfields, wheat, gnarled wood and strange harvest monuments. Natural forms grow into impossible structures and creatures beneath enormous autumn moons. Rich, tactile and slightly threatening, balancing folk-horror mystery with spectacular seasonal beauty. Seductive supernatural illumination, luminous haze and mysterious coloured light. Shadows remain soft and dimensional while magical highlights appear unexpectedly throughout the scene. Enchanting, mysterious and beautiful, with a subtle sense that something impossible is happening. Centered, balanced composition with generous negative space, minimal directional movement, simple large forms and a strong sense of visual stability. Charcoal and black with burning gold and solar orange. A single colossal made object dominates, older than anything around it and built for a purpose nobody remembers."
99,0099_spectral_bewitched_stillness_witchlight_organic_geometry.jpg,halloween,spectral,bewitched,stillness,witchlight,organic_geometry,816396223,previews/studio/halloween/0099_spectral_bewitched_stillness_witchlight_organic_geometry.jpg,wallpapers/studio/halloween/0099_spectral_bewitched_stillness_witchlight_organic_geometry.jpg,64055,ok,"A single striking Halloween artwork made as a mobile phone wallpaper. One extraordinary focal idea, composed as a scene rather than an arrangement of seasonal objects. Vertical 9:16 mobile wallpaper, full-bleed edge to edge composition. The upper region of the frame is open and unadorned — atmosphere, gradient falloff or empty depth, no detail and no focal point there. The principal subject sits in the lower two thirds, weighted below centre and placed off the vertical axis. Clear depth across three planes: near, middle and far. No text, no letterforms, no numerals, no signature, no watermark, no logo, no border and no frame. A world suspended between physical reality and the spirit realm. Translucent apparitions, spectral architecture, luminous mist and enormous ghostly forms emerge from darkness, clouds, water and landscape. Solid objects dissolve into ethereal material and re-form elsewhere. Haunting, beautiful and otherworldly. Seductive supernatural illumination, luminous haze and mysterious coloured light. Shadows remain soft and dimensional while magical highlights appear unexpectedly throughout the scene. Enchanting, mysterious and beautiful, with a subtle sense that something impossible is happening. Centered, balanced composition with generous negative space, minimal directional movement, simple large forms and a strong sense of visual stability. Violet, ultraviolet and magenta against black. Living forms arranged into exact geometry, or geometry grown the way a plant grows."
312,0312_harvest_bewitched_eruption_phantom_rose_ancient_monument.jpg,halloween,harvest,bewitched,eruption,phantom_rose,ancient_monument,1423014155,previews/studio/halloween/0312_harvest_bewitched_eruption_phantom_rose_ancient_monument.jpg,wallpapers/studio/halloween/0312_harvest_bewitched_eruption_phantom_rose_ancient_monument.jpg,64049,ok,"A single striking Halloween artwork made as a mobile phone wallpaper. One extraordinary focal idea, composed as a scene rather than an arrangement of seasonal objects. Vertical 9:16 mobile wallpaper, full-bleed edge to edge composition. The upper region of the frame is open and unadorned — atmosphere, gradient falloff or empty depth, no detail and no focal point there. The principal subject sits in the lower two thirds, weighted below centre and placed off the vertical axis. Clear depth across three planes: near, middle and far. No text, no letterforms, no numerals, no signature, no watermark, no logo, no border and no frame. An enchanted late-autumn world overtaken by twisted vines, enormous pumpkins, ancient orchards, cornfields, wheat, gnarled wood and strange harvest monuments. Natural forms grow into impossible structures and creatures beneath enormous autumn moons. Rich, tactile and slightly threatening, balancing folk-horror mystery with spectacular seasonal beauty. Seductive supernatural illumination, luminous haze and mysterious coloured light. Shadows remain soft and dimensional while magical highlights appear unexpectedly throughout the scene. Enchanting, mysterious and beautiful, with a subtle sense that something impossible is happening. Explosive outward movement, fragmented forms, dramatic displacement, extreme scale variation and dense controlled complexity radiating through the composition. Spectral lavender, dusty rose and pale moonlight against smoky violet. A single colossal made object dominates, older than anything around it and built for a purpose nobody remembers."
517,0517_nightmare_macabre_eruption_poison_hidden_presence.jpg,halloween,nightmare,macabre,eruption,poison,hidden_presence,121498822,previews/studio/halloween/0517_nightmare_macabre_eruption_poison_hidden_presence.jpg,wallpapers/studio/halloween/0517_nightmare_macabre_eruption_poison_hidden_presence.jpg,64268,ok,"A single striking Halloween artwork made as a mobile phone wallpaper. One extraordinary focal idea, composed as a scene rather than an arrangement of seasonal objects. Vertical 9:16 mobile wallpaper, full-bleed edge to edge composition. The upper region of the frame is open and unadorned — atmosphere, gradient falloff or empty depth, no detail and no focal point there. The principal subject sits in the lower two thirds, weighted below centre and placed off the vertical axis. Clear depth across three planes: near, middle and far. No text, no letterforms, no numerals, no signature, no watermark, no logo, no border and no frame. A surreal dream-world where familiar reality has become beautifully impossible. Landscapes bend, structures grow organically, enormous mysterious creatures appear at impossible scale and ordinary objects transform into unsettling forms. Dream logic replaces physics. Strange and psychologically eerie, and visually beautiful. Elegant darkness with stronger mortality and decay: aged surfaces, skeletal forms, dead vegetation, ruined grandeur and stark chiaroscuro. Sophisticated gothic beauty, disturbing details used sparingly against richly rendered darkness. Explosive outward movement, fragmented forms, dramatic displacement, extreme scale variation and dense controlled complexity radiating through the composition. Acid green, emerald and chartreuse against black. Something enormous is barely perceptible within the scene, read only as a shape in the mist, the stone or the shadow."
100,0100_spectral_haunting_drift_witchlight_something_watching.jpg,halloween,spectral,haunting,drift,witchlight,something_watching,1323348337,previews/studio/halloween/0100_spectral_haunting_drift_witchlight_something_watching.jpg,wallpapers/studio/halloween/0100_spectral_haunting_drift_witchlight_something_watching.jpg,64562,ok,"A single striking Halloween artwork made as a mobile phone wallpaper. One extraordinary focal idea, composed as a scene rather than an arrangement of seasonal objects. Vertical 9:16 mobile wallpaper, full-bleed edge to edge composition. The upper region of the frame is open and unadorned — atmosphere, gradient falloff or empty depth, no detail and no focal point there. The principal subject sits in the lower two thirds, weighted below centre and placed off the vertical axis. Clear depth across three planes: near, middle and far. No text, no letterforms, no numerals, no signature, no watermark, no logo, no border and no frame. A world suspended between physical reality and the spirit realm. Translucent apparitions, spectral architecture, luminous mist and enormous ghostly forms emerge from darkness, clouds, water and landscape. Solid objects dissolve into ethereal material and re-form elsewhere. Haunting, beautiful and otherworldly. Quiet, melancholy and deeply atmospheric. Diffused moonlight, pale illumination, long shadows, drifting fog and restrained contrast create the feeling of a place inhabited by memories or unseen presences. Beautiful first, unsettling second. Gentle directional movement, softly displaced forms, subtle asymmetry and relaxed visual flow across the composition. Violet, ultraviolet and magenta against black. The composition is arranged around an unseen observer, and the scene knows it is being looked at."
518,0518_nightmare_nightmarish_stillness_poison_material_transformation.jpg,halloween,nightmare,nightmarish,stillness,poison,material_transformation,628450936,previews/studio/halloween/0518_nightmare_nightmarish_stillness_poison_material_transformation.jpg,wallpapers/studio/halloween/0518_nightmare_nightmarish_stillness_poison_material_transformation.jpg,64463,ok,"A single striking Halloween artwork made as a mobile phone wallpaper. One extraordinary focal idea, composed as a scene rather than an arrangement of seasonal objects. Vertical 9:16 mobile wallpaper, full-bleed edge to edge composition. The upper region of the frame is open and unadorned — atmosphere, gradient falloff or empty depth, no detail and no focal point there. The principal subject sits in the lower two thirds, weighted below centre and placed off the vertical axis. Clear depth across three planes: near, middle and far. No text, no letterforms, no numerals, no signature, no watermark, no logo, no border and no frame. A surreal dream-world where familiar reality has become beautifully impossible. Landscapes bend, structures grow organically, enormous mysterious creatures appear at impossible scale and ordinary objects transform into unsettling forms. Dream logic replaces physics. Strange and psychologically eerie, and visually beautiful. Unnatural lighting, extreme scale, distorted depth and impossible shadows make the scene feel like a vivid nightmare. Familiar forms become subtly wrong and visual logic begins to break down. Intensely unsettling and surreal, sophisticated and visually spectacular. Centered, balanced composition with generous negative space, minimal directional movement, simple large forms and a strong sense of visual stability. Acid green, emerald and chartreuse against black. One substance becomes another mid-form: stone into smoke, water into glass, cloth into flame."
313,0313_harvest_haunting_stillness_phantom_rose_endless_depth.jpg,halloween,harvest,haunting,stillness,phantom_rose,endless_depth,1929966269,previews/studio/halloween/0313_harvest_haunting_stillness_phantom_rose_endless_depth.jpg,wallpapers/studio/halloween/0313_harvest_haunting_stillness_phantom_rose_endless_depth.jpg,64869,ok,"A single striking Halloween artwork made as a mobile phone wallpaper. One extraordinary focal idea, composed as a scene rather than an arrangement of seasonal objects. Vertical 9:16 mobile wallpaper, full-bleed edge to edge composition. The upper region of the frame is open and unadorned — atmosphere, gradient falloff or empty depth, no detail and no focal point there. The principal subject sits in the lower two thirds, weighted below centre and placed off the vertical axis. Clear depth across three planes: near, middle and far. No text, no letterforms, no numerals, no signature, no watermark, no logo, no border and no frame. An enchanted late-autumn world overtaken by twisted vines, enormous pumpkins, ancient orchards, cornfields, wheat, gnarled wood and strange harvest monuments. Natural forms grow into impossible structures and creatures beneath enormous autumn moons. Rich, tactile and slightly threatening, balancing folk-horror mystery with spectacular seasonal beauty. Quiet, melancholy and deeply atmospheric. Diffused moonlight, pale illumination, long shadows, drifting fog and restrained contrast create the feeling of a place inhabited by memories or unseen presences. Beautiful first, unsettling second. Centered, balanced composition with generous negative space, minimal directional movement, simple large forms and a strong sense of visual stability. Spectral lavender, dusty rose and pale moonlight against smoky violet. The scene recedes far past where it should end, plane behind plane into immeasurable distance."
101,0101_spectral_ominous_flow_witchlight_impossible_scale.jpg,halloween,spectral,ominous,flow,witchlight,impossible_scale,1830300451,previews/studio/halloween/0101_spectral_ominous_flow_witchlight_impossible_scale.jpg,wallpapers/studio/halloween/0101_spectral_ominous_flow_witchlight_impossible_scale.jpg,65129,ok,"A single striking Halloween artwork made as a mobile phone wallpaper. One extraordinary focal idea, composed as a scene rather than an arrangement of seasonal objects. Vertical 9:16 mobile wallpaper, full-bleed edge to edge composition. The upper region of the frame is open and unadorned — atmosphere, gradient falloff or empty depth, no detail and no focal point there. The principal subject sits in the lower two thirds, weighted below centre and placed off the vertical axis. Clear depth across three planes: near, middle and far. No text, no letterforms, no numerals, no signature, no watermark, no logo, no border and no frame. A world suspended between physical reality and the spirit realm. Translucent apparitions, spectral architecture, luminous mist and enormous ghostly forms emerge from darkness, clouds, water and landscape. Solid objects dissolve into ethereal material and re-form elsewhere. Haunting, beautiful and otherworldly. Heavy darkness, approaching weather, deep directional shadows and isolated pools of illumination create mounting tension. The composition suggests that something enormous is about to happen without revealing exactly what it is. Continuous sweeping movement, interconnected forms, graceful curves and clear directional pathways carrying the eye through the composition. Violet, ultraviolet and magenta against black. One element is vastly larger than it could be, dwarfing everything around it."
314,0314_harvest_ominous_drift_phantom_rose_emerging_form.jpg,halloween,harvest,ominous,drift,phantom_rose,emerging_form,289434736,previews/studio/halloween/0314_harvest_ominous_drift_phantom_rose_emerging_form.jpg,wallpapers/studio/halloween/0314_harvest_ominous_drift_phantom_rose_emerging_form.jpg,64963,ok,"A single striking Halloween artwork made as a mobile phone wallpaper. One extraordinary focal idea, composed as a scene rather than an arrangement of seasonal objects. Vertical 9:16 mobile wallpaper, full-bleed edge to edge composition. The upper region of the frame is open and unadorned — atmosphere, gradient falloff or empty depth, no detail and no focal point there. The principal subject sits in the lower two thirds, weighted below centre and placed off the vertical axis. Clear depth across three planes: near, middle and far. No text, no letterforms, no numerals, no signature, no watermark, no logo, no border and no frame. An enchanted late-autumn world overtaken by twisted vines, enormous pumpkins, ancient orchards, cornfields, wheat, gnarled wood and strange harvest monuments. Natural forms grow into impossible structures and creatures beneath enormous autumn moons. Rich, tactile and slightly threatening, balancing folk-horror mystery with spectacular seasonal beauty. Heavy darkness, approaching weather, deep directional shadows and isolated pools of illumination create mounting tension. The composition suggests that something enormous is about to happen without revealing exactly what it is. Gentle directional movement, softly displaced forms, subtle asymmetry and relaxed visual flow across the composition. Spectral lavender, dusty rose and pale moonlight against smoky violet. A shape is resolving out of the environment itself, half-formed and still becoming."
519,0519_nightmare_majestic_drift_poison_unnatural_light.jpg,halloween,nightmare,majestic,drift,poison,unnatural_light,1135403050,previews/studio/halloween/0519_nightmare_majestic_drift_poison_unnatural_light.jpg,wallpapers/studio/halloween/0519_nightmare_majestic_drift_poison_unnatural_light.jpg,66342,ok,"A single striking Halloween artwork made as a mobile phone wallpaper. One extraordinary focal idea, composed as a scene rather than an arrangement of seasonal objects. Vertical 9:16 mobile wallpaper, full-bleed edge to edge composition. The upper region of the frame is open and unadorned — atmosphere, gradient falloff or empty depth, no detail and no focal point there. The principal subject sits in the lower two thirds, weighted below centre and placed off the vertical axis. Clear depth across three planes: near, middle and far. No text, no letterforms, no numerals, no signature, no watermark, no logo, no border and no frame. A surreal dream-world where familiar reality has become beautifully impossible. Landscapes bend, structures grow organically, enormous mysterious creatures appear at impossible scale and ordinary objects transform into unsettling forms. Dream logic replaces physics. Strange and psychologically eerie, and visually beautiful. Grand cinematic illumination, monumental scale, deep dimensional contrast and radiant focal light. Darkness frames moments of extraordinary beauty and power. The scene inspires awe as much as fear, treating Halloween fantasy with the visual grandeur of an epic myth. Gentle directional movement, softly displaced forms, subtle asymmetry and relaxed visual flow across the composition. Acid green, emerald and chartreuse against black. Light behaves impossibly: falling upward, casting the wrong shadow, glowing from within a solid, or illuminating only one thing."
102,0102_spectral_macabre_surge_witchlight_living_architecture.jpg,halloween,spectral,macabre,surge,witchlight,living_architecture,189768918,previews/studio/halloween/0102_spectral_macabre_surge_witchlight_living_architecture.jpg,wallpapers/studio/halloween/0102_spectral_macabre_surge_witchlight_living_architecture.jpg,64678,ok,"A single striking Halloween artwork made as a mobile phone wallpaper. One extraordinary focal idea, composed as a scene rather than an arrangement of seasonal objects. Vertical 9:16 mobile wallpaper, full-bleed edge to edge composition. The upper region of the frame is open and unadorned — atmosphere, gradient falloff or empty depth, no detail and no focal point there. The principal subject sits in the lower two thirds, weighted below centre and placed off the vertical axis. Clear depth across three planes: near, middle and far. No text, no letterforms, no numerals, no signature, no watermark, no logo, no border and no frame. A world suspended between physical reality and the spirit realm. Translucent apparitions, spectral architecture, luminous mist and enormous ghostly forms emerge from darkness, clouds, water and landscape. Solid objects dissolve into ethereal material and re-form elsewhere. Haunting, beautiful and otherworldly. Elegant darkness with stronger mortality and decay: aged surfaces, skeletal forms, dead vegetation, ruined grandeur and stark chiaroscuro. Sophisticated gothic beauty, disturbing details used sparingly against richly rendered darkness. Forceful directional movement, strong diagonals, overlapping forms, dynamic scale changes and pronounced visual momentum. Violet, ultraviolet and magenta against black. Built structures behave like a creature: breathing, watching, reaching, or forming a silhouette that is almost a body."
315,0315_harvest_macabre_flow_phantom_rose_impossible_weather.jpg,halloween,harvest,macabre,flow,phantom_rose,impossible_weather,796386850,previews/studio/halloween/0315_harvest_macabre_flow_phantom_rose_impossible_weather.jpg,wallpapers/studio/halloween/0315_harvest_macabre_flow_phantom_rose_impossible_weather.jpg,64334,ok,"A single striking Halloween artwork made as a mobile phone wallpaper. One extraordinary focal idea, composed as a scene rather than an arrangement of seasonal objects. Vertical 9:16 mobile wallpaper, full-bleed edge to edge composition. The upper region of the frame is open and unadorned — atmosphere, gradient falloff or empty depth, no detail and no focal point there. The principal subject sits in the lower two thirds, weighted below centre and placed off the vertical axis. Clear depth across three planes: near, middle and far. No text, no letterforms, no numerals, no signature, no watermark, no logo, no border and no frame. An enchanted late-autumn world overtaken by twisted vines, enormous pumpkins, ancient orchards, cornfields, wheat, gnarled wood and strange harvest monuments. Natural forms grow into impossible structures and creatures beneath enormous autumn moons. Rich, tactile and slightly threatening, balancing folk-horror mystery with spectacular seasonal beauty. Elegant darkness with stronger mortality and decay: aged surfaces, skeletal forms, dead vegetation, ruined grandeur and stark chiaroscuro. Sophisticated gothic beauty, disturbing details used sparingly against richly rendered darkness. Continuous sweeping movement, interconnected forms, graceful curves and clear directional pathways carrying the eye through the composition. Spectral lavender, dusty rose and pale moonlight against smoky violet. The atmosphere does something it could not: falling upward, standing still, burning, or moving as one body."
520,0520_nightmare_majestic_stillness_midnight_unnatural_light.jpg,halloween,nightmare,majestic,stillness,midnight,unnatural_light,1642355164,previews/studio/halloween/0520_nightmare_majestic_stillness_midnight_unnatural_light.jpg,wallpapers/studio/halloween/0520_nightmare_majestic_stillness_midnight_unnatural_light.jpg,64300,ok,"A single striking Halloween artwork made as a mobile phone wallpaper. One extraordinary focal idea, composed as a scene rather than an arrangement of seasonal objects. Vertical 9:16 mobile wallpaper, full-bleed edge to edge composition. The upper region of the frame is open and unadorned — atmosphere, gradient falloff or empty depth, no detail and no focal point there. The principal subject sits in the lower two thirds, weighted below centre and placed off the vertical axis. Clear depth across three planes: near, middle and far. No text, no letterforms, no numerals, no signature, no watermark, no logo, no border and no frame. A surreal dream-world where familiar reality has become beautifully impossible. Landscapes bend, structures grow organically, enormous mysterious creatures appear at impossible scale and ordinary objects transform into unsettling forms. Dream logic replaces physics. Strange and psychologically eerie, and visually beautiful. Grand cinematic illumination, monumental scale, deep dimensional contrast and radiant focal light. Darkness frames moments of extraordinary beauty and power. The scene inspires awe as much as fear, treating Halloween fantasy with the visual grandeur of an epic myth. Centered, balanced composition with generous negative space, minimal directional movement, simple large forms and a strong sense of visual stability. Midnight blue, indigo and moon silver against near-black. Light behaves impossibly: falling upward, casting the wrong shadow, glowing from within a solid, or illuminating only one thing."
103,0103_spectral_nightmarish_eruption_witchlight_beautiful_decay.jpg,halloween,spectral,nightmarish,eruption,witchlight,beautiful_decay,696721032,previews/studio/halloween/0103_spectral_nightmarish_eruption_witchlight_beautiful_decay.jpg,wallpapers/studio/halloween/0103_spectral_nightmarish_eruption_witchlight_beautiful_decay.jpg,63769,ok,"A single striking Halloween artwork made as a mobile phone wallpaper. One extraordinary focal idea, composed as a scene rather than an arrangement of seasonal objects. Vertical 9:16 mobile wallpaper, full-bleed edge to edge composition. The upper region of the frame is open and unadorned — atmosphere, gradient falloff or empty depth, no detail and no focal point there. The principal subject sits in the lower two thirds, weighted below centre and placed off the vertical axis. Clear depth across three planes: near, middle and far. No text, no letterforms, no numerals, no signature, no watermark, no logo, no border and no frame. A world suspended between physical reality and the spirit realm. Translucent apparitions, spectral architecture, luminous mist and enormous ghostly forms emerge from darkness, clouds, water and landscape. Solid objects dissolve into ethereal material and re-form elsewhere. Haunting, beautiful and otherworldly. Unnatural lighting, extreme scale, distorted depth and impossible shadows make the scene feel like a vivid nightmare. Familiar forms become subtly wrong and visual logic begins to break down. Intensely unsettling and surreal, sophisticated and visually spectacular. Explosive outward movement, fragmented forms, dramatic displacement, extreme scale variation and dense controlled complexity radiating through the composition. Violet, ultraviolet and magenta against black. Ruin rendered as splendour: collapse, erosion and overgrowth arranged into something lovelier than the intact thing was."
521,0521_nightmare_bewitched_drift_midnight_ancient_monument.jpg,halloween,nightmare,bewitched,drift,midnight,ancient_monument,1823631,previews/studio/halloween/0521_nightmare_bewitched_drift_midnight_ancient_monument.jpg,wallpapers/studio/halloween/0521_nightmare_bewitched_drift_midnight_ancient_monument.jpg,63927,ok,"A single striking Halloween artwork made as a mobile phone wallpaper. One extraordinary focal idea, composed as a scene rather than an arrangement of seasonal objects. Vertical 9:16 mobile wallpaper, full-bleed edge to edge composition. The upper region of the frame is open and unadorned — atmosphere, gradient falloff or empty depth, no detail and no focal point there. The principal subject sits in the lower two thirds, weighted below centre and placed off the vertical axis. Clear depth across three planes: near, middle and far. No text, no letterforms, no numerals, no signature, no watermark, no logo, no border and no frame. A surreal dream-world where familiar reality has become beautifully impossible. Landscapes bend, structures grow organically, enormous mysterious creatures appear at impossible scale and ordinary objects transform into unsettling forms. Dream logic replaces physics. Strange and psychologically eerie, and visually beautiful. Seductive supernatural illumination, luminous haze and mysterious coloured light. Shadows remain soft and dimensional while magical highlights appear unexpectedly throughout the scene. Enchanting, mysterious and beautiful, with a subtle sense that something impossible is happening. Gentle directional movement, softly displaced forms, subtle asymmetry and relaxed visual flow across the composition. Midnight blue, indigo and moon silver against near-black. A single colossal made object dominates, older than anything around it and built for a purpose nobody remembers."
316,0316_harvest_nightmarish_surge_phantom_rose_organic_geometry.jpg,halloween,harvest,nightmarish,surge,phantom_rose,organic_geometry,1303338964,previews/studio/halloween/0316_harvest_nightmarish_surge_phantom_rose_organic_geometry.jpg,wallpapers/studio/halloween/0316_harvest_nightmarish_surge_phantom_rose_organic_geometry.jpg,65438,ok,"A single striking Halloween artwork made as a mobile phone wallpaper. One extraordinary focal idea, composed as a scene rather than an arrangement of seasonal objects. Vertical 9:16 mobile wallpaper, full-bleed edge to edge composition. The upper region of the frame is open and unadorned — atmosphere, gradient falloff or empty depth, no detail and no focal point there. The principal subject sits in the lower two thirds, weighted below centre and placed off the vertical axis. Clear depth across three planes: near, middle and far. No text, no letterforms, no numerals, no signature, no watermark, no logo, no border and no frame. An enchanted late-autumn world overtaken by twisted vines, enormous pumpkins, ancient orchards, cornfields, wheat, gnarled wood and strange harvest monuments. Natural forms grow into impossible structures and creatures beneath enormous autumn moons. Rich, tactile and slightly threatening, balancing folk-horror mystery with spectacular seasonal beauty. Unnatural lighting, extreme scale, distorted depth and impossible shadows make the scene feel like a vivid nightmare. Familiar forms become subtly wrong and visual logic begins to break down. Intensely unsettling and surreal, sophisticated and visually spectacular. Forceful directional movement, strong diagonals, overlapping forms, dynamic scale changes and pronounced visual momentum. Spectral lavender, dusty rose and pale moonlight against smoky violet. Living forms arranged into exact geometry, or geometry grown the way a plant grows."
522,0522_nightmare_haunting_flow_midnight_endless_depth.jpg,halloween,nightmare,haunting,flow,midnight,endless_depth,508775745,previews/studio/halloween/0522_nightmare_haunting_flow_midnight_endless_depth.jpg,wallpapers/studio/halloween/0522_nightmare_haunting_flow_midnight_endless_depth.jpg,63874,ok,"A single striking Halloween artwork made as a mobile phone wallpaper. One extraordinary focal idea, composed as a scene rather than an arrangement of seasonal objects. Vertical 9:16 mobile wallpaper, full-bleed edge to edge composition. The upper region of the frame is open and unadorned — atmosphere, gradient falloff or empty depth, no detail and no focal point there. The principal subject sits in the lower two thirds, weighted below centre and placed off the vertical axis. Clear depth across three planes: near, middle and far. No text, no letterforms, no numerals, no signature, no watermark, no logo, no border and no frame. A surreal dream-world where familiar reality has become beautifully impossible. Landscapes bend, structures grow organically, enormous mysterious creatures appear at impossible scale and ordinary objects transform into unsettling forms. Dream logic replaces physics. Strange and psychologically eerie, and visually beautiful. Quiet, melancholy and deeply atmospheric. Diffused moonlight, pale illumination, long shadows, drifting fog and restrained contrast create the feeling of a place inhabited by memories or unseen presences. Beautiful first, unsettling second. Continuous sweeping movement, interconnected forms, graceful curves and clear directional pathways carrying the eye through the composition. Midnight blue, indigo and moon silver against near-black. The scene recedes far past where it should end, plane behind plane into immeasurable distance."
104,0104_spectral_nightmarish_surge_ghostlight_beautiful_decay.jpg,halloween,spectral,nightmarish,surge,ghostlight,beautiful_decay,1203673146,previews/studio/halloween/0104_spectral_nightmarish_surge_ghostlight_beautiful_decay.jpg,wallpapers/studio/halloween/0104_spectral_nightmarish_surge_ghostlight_beautiful_decay.jpg,65219,ok,"A single striking Halloween artwork made as a mobile phone wallpaper. One extraordinary focal idea, composed as a scene rather than an arrangement of seasonal objects. Vertical 9:16 mobile wallpaper, full-bleed edge to edge composition. The upper region of the frame is open and unadorned — atmosphere, gradient falloff or empty depth, no detail and no focal point there. The principal subject sits in the lower two thirds, weighted below centre and placed off the vertical axis. Clear depth across three planes: near, middle and far. No text, no letterforms, no numerals, no signature, no watermark, no logo, no border and no frame. A world suspended between physical reality and the spirit realm. Translucent apparitions, spectral architecture, luminous mist and enormous ghostly forms emerge from darkness, clouds, water and landscape. Solid objects dissolve into ethereal material and re-form elsewhere. Haunting, beautiful and otherworldly. Unnatural lighting, extreme scale, distorted depth and impossible shadows make the scene feel like a vivid nightmare. Familiar forms become subtly wrong and visual logic begins to break down. Intensely unsettling and surreal, sophisticated and visually spectacular. Forceful directional movement, strong diagonals, overlapping forms, dynamic scale changes and pronounced visual momentum. Spectral cyan, pale aqua and icy white against midnight blue. Ruin rendered as splendour: collapse, erosion and overgrowth arranged into something lovelier than the intact thing was."
317,0317_harvest_majestic_eruption_phantom_rose_something_watching.jpg,halloween,harvest,majestic,eruption,phantom_rose,something_watching,1810291078,previews/studio/halloween/0317_harvest_majestic_eruption_phantom_rose_something_watching.jpg,wallpapers/studio/halloween/0317_harvest_majestic_eruption_phantom_rose_something_watching.jpg,64446,ok,"A single striking Halloween artwork made as a mobile phone wallpaper. One extraordinary focal idea, composed as a scene rather than an arrangement of seasonal objects. Vertical 9:16 mobile wallpaper, full-bleed edge to edge composition. The upper region of the frame is open and unadorned — atmosphere, gradient falloff or empty depth, no detail and no focal point there. The principal subject sits in the lower two thirds, weighted below centre and placed off the vertical axis. Clear depth across three planes: near, middle and far. No text, no letterforms, no numerals, no signature, no watermark, no logo, no border and no frame. An enchanted late-autumn world overtaken by twisted vines, enormous pumpkins, ancient orchards, cornfields, wheat, gnarled wood and strange harvest monuments. Natural forms grow into impossible structures and creatures beneath enormous autumn moons. Rich, tactile and slightly threatening, balancing folk-horror mystery with spectacular seasonal beauty. Grand cinematic illumination, monumental scale, deep dimensional contrast and radiant focal light. Darkness frames moments of extraordinary beauty and power. The scene inspires awe as much as fear, treating Halloween fantasy with the visual grandeur of an epic myth. Explosive outward movement, fragmented forms, dramatic displacement, extreme scale variation and dense controlled complexity radiating through the composition. Spectral lavender, dusty rose and pale moonlight against smoky violet. The composition is arranged around an unseen observer, and the scene knows it is being looked at."
523,0523_nightmare_ominous_surge_midnight_emerging_form.jpg,halloween,nightmare,ominous,surge,midnight,emerging_form,1015727859,previews/studio/halloween/0523_nightmare_ominous_surge_midnight_emerging_form.jpg,wallpapers/studio/halloween/0523_nightmare_ominous_surge_midnight_emerging_form.jpg,64291,ok,"A single striking Halloween artwork made as a mobile phone wallpaper. One extraordinary focal idea, composed as a scene rather than an arrangement of seasonal objects. Vertical 9:16 mobile wallpaper, full-bleed edge to edge composition. The upper region of the frame is open and unadorned — atmosphere, gradient falloff or empty depth, no detail and no focal point there. The principal subject sits in the lower two thirds, weighted below centre and placed off the vertical axis. Clear depth across three planes: near, middle and far. No text, no letterforms, no numerals, no signature, no watermark, no logo, no border and no frame. A surreal dream-world where familiar reality has become beautifully impossible. Landscapes bend, structures grow organically, enormous mysterious creatures appear at impossible scale and ordinary objects transform into unsettling forms. Dream logic replaces physics. Strange and psychologically eerie, and visually beautiful. Heavy darkness, approaching weather, deep directional shadows and isolated pools of illumination create mounting tension. The composition suggests that something enormous is about to happen without revealing exactly what it is. Forceful directional movement, strong diagonals, overlapping forms, dynamic scale changes and pronounced visual momentum. Midnight blue, indigo and moon silver against near-black. A shape is resolving out of the environment itself, half-formed and still becoming."
105,0105_spectral_majestic_eruption_ghostlight_hidden_presence.jpg,halloween,spectral,majestic,eruption,ghostlight,hidden_presence,1710625260,previews/studio/halloween/0105_spectral_majestic_eruption_ghostlight_hidden_presence.jpg,wallpapers/studio/halloween/0105_spectral_majestic_eruption_ghostlight_hidden_presence.jpg,65012,ok,"A single striking Halloween artwork made as a mobile phone wallpaper. One extraordinary focal idea, composed as a scene rather than an arrangement of seasonal objects. Vertical 9:16 mobile wallpaper, full-bleed edge to edge composition. The upper region of the frame is open and unadorned — atmosphere, gradient falloff or empty depth, no detail and no focal point there. The principal subject sits in the lower two thirds, weighted below centre and placed off the vertical axis. Clear depth across three planes: near, middle and far. No text, no letterforms, no numerals, no signature, no watermark, no logo, no border and no frame. A world suspended between physical reality and the spirit realm. Translucent apparitions, spectral architecture, luminous mist and enormous ghostly forms emerge from darkness, clouds, water and landscape. Solid objects dissolve into ethereal material and re-form elsewhere. Haunting, beautiful and otherworldly. Grand cinematic illumination, monumental scale, deep dimensional contrast and radiant focal light. Darkness frames moments of extraordinary beauty and power. The scene inspires awe as much as fear, treating Halloween fantasy with the visual grandeur of an epic myth. Explosive outward movement, fragmented forms, dramatic displacement, extreme scale variation and dense controlled complexity radiating through the composition. Spectral cyan, pale aqua and icy white against midnight blue. Something enormous is barely perceptible within the scene, read only as a shape in the mist, the stone or the shadow."
318,0318_harvest_bewitched_stillness_phantom_rose_impossible_scale.jpg,halloween,harvest,bewitched,stillness,phantom_rose,impossible_scale,169759545,previews/studio/halloween/0318_harvest_bewitched_stillness_phantom_rose_impossible_scale.jpg,wallpapers/studio/halloween/0318_harvest_bewitched_stillness_phantom_rose_impossible_scale.jpg,64069,ok,"A single striking Halloween artwork made as a mobile phone wallpaper. One extraordinary focal idea, composed as a scene rather than an arrangement of seasonal objects. Vertical 9:16 mobile wallpaper, full-bleed edge to edge composition. The upper region of the frame is open and unadorned — atmosphere, gradient falloff or empty depth, no detail and no focal point there. The principal subject sits in the lower two thirds, weighted below centre and placed off the vertical axis. Clear depth across three planes: near, middle and far. No text, no letterforms, no numerals, no signature, no watermark, no logo, no border and no frame. An enchanted late-autumn world overtaken by twisted vines, enormous pumpkins, ancient orchards, cornfields, wheat, gnarled wood and strange harvest monuments. Natural forms grow into impossible structures and creatures beneath enormous autumn moons. Rich, tactile and slightly threatening, balancing folk-horror mystery with spectacular seasonal beauty. Seductive supernatural illumination, luminous haze and mysterious coloured light. Shadows remain soft and dimensional while magical highlights appear unexpectedly throughout the scene. Enchanting, mysterious and beautiful, with a subtle sense that something impossible is happening. Centered, balanced composition with generous negative space, minimal directional movement, simple large forms and a strong sense of visual stability. Spectral lavender, dusty rose and pale moonlight against smoky violet. One element is vastly larger than it could be, dwarfing everything around it."
524,0524_nightmare_macabre_eruption_midnight_impossible_weather.jpg,halloween,nightmare,macabre,eruption,midnight,impossible_weather,1522679973,previews/studio/halloween/0524_nightmare_macabre_eruption_midnight_impossible_weather.jpg,wallpapers/studio/halloween/0524_nightmare_macabre_eruption_midnight_impossible_weather.jpg,64098,ok,"A single striking Halloween artwork made as a mobile phone wallpaper. One extraordinary focal idea, composed as a scene rather than an arrangement of seasonal objects. Vertical 9:16 mobile wallpaper, full-bleed edge to edge composition. The upper region of the frame is open and unadorned — atmosphere, gradient falloff or empty depth, no detail and no focal point there. The principal subject sits in the lower two thirds, weighted below centre and placed off the vertical axis. Clear depth across three planes: near, middle and far. No text, no letterforms, no numerals, no signature, no watermark, no logo, no border and no frame. A surreal dream-world where familiar reality has become beautifully impossible. Landscapes bend, structures grow organically, enormous mysterious creatures appear at impossible scale and ordinary objects transform into unsettling forms. Dream logic replaces physics. Strange and psychologically eerie, and visually beautiful. Elegant darkness with stronger mortality and decay: aged surfaces, skeletal forms, dead vegetation, ruined grandeur and stark chiaroscuro. Sophisticated gothic beauty, disturbing details used sparingly against richly rendered darkness. Explosive outward movement, fragmented forms, dramatic displacement, extreme scale variation and dense controlled complexity radiating through the composition. Midnight blue, indigo and moon silver against near-black. The atmosphere does something it could not: falling upward, standing still, burning, or moving as one body."
106,0106_spectral_bewitched_stillness_ghostlight_material_transformation.jpg,halloween,spectral,bewitched,stillness,ghostlight,material_transformation,70093727,previews/studio/halloween/0106_spectral_bewitched_stillness_ghostlight_material_transformation.jpg,wallpapers/studio/halloween/0106_spectral_bewitched_stillness_ghostlight_material_transformation.jpg,63892,ok,"A single striking Halloween artwork made as a mobile phone wallpaper. One extraordinary focal idea, composed as a scene rather than an arrangement of seasonal objects. Vertical 9:16 mobile wallpaper, full-bleed edge to edge composition. The upper region of the frame is open and unadorned — atmosphere, gradient falloff or empty depth, no detail and no focal point there. The principal subject sits in the lower two thirds, weighted below centre and placed off the vertical axis. Clear depth across three planes: near, middle and far. No text, no letterforms, no numerals, no signature, no watermark, no logo, no border and no frame. A world suspended between physical reality and the spirit realm. Translucent apparitions, spectral architecture, luminous mist and enormous ghostly forms emerge from darkness, clouds, water and landscape. Solid objects dissolve into ethereal material and re-form elsewhere. Haunting, beautiful and otherworldly. Seductive supernatural illumination, luminous haze and mysterious coloured light. Shadows remain soft and dimensional while magical highlights appear unexpectedly throughout the scene. Enchanting, mysterious and beautiful, with a subtle sense that something impossible is happening. Centered, balanced composition with generous negative space, minimal directional movement, simple large forms and a strong sense of visual stability. Spectral cyan, pale aqua and icy white against midnight blue. One substance becomes another mid-form: stone into smoke, water into glass, cloth into flame."
319,0319_harvest_haunting_drift_phantom_rose_living_architecture.jpg,halloween,harvest,haunting,drift,phantom_rose,living_architecture,676711659,previews/studio/halloween/0319_harvest_haunting_drift_phantom_rose_living_architecture.jpg,wallpapers/studio/halloween/0319_harvest_haunting_drift_phantom_rose_living_architecture.jpg,64208,ok,"A single striking Halloween artwork made as a mobile phone wallpaper. One extraordinary focal idea, composed as a scene rather than an arrangement of seasonal objects. Vertical 9:16 mobile wallpaper, full-bleed edge to edge composition. The upper region of the frame is open and unadorned — atmosphere, gradient falloff or empty depth, no detail and no focal point there. The principal subject sits in the lower two thirds, weighted below centre and placed off the vertical axis. Clear depth across three planes: near, middle and far. No text, no letterforms, no numerals, no signature, no watermark, no logo, no border and no frame. An enchanted late-autumn world overtaken by twisted vines, enormous pumpkins, ancient orchards, cornfields, wheat, gnarled wood and strange harvest monuments. Natural forms grow into impossible structures and creatures beneath enormous autumn moons. Rich, tactile and slightly threatening, balancing folk-horror mystery with spectacular seasonal beauty. Quiet, melancholy and deeply atmospheric. Diffused moonlight, pale illumination, long shadows, drifting fog and restrained contrast create the feeling of a place inhabited by memories or unseen presences. Beautiful first, unsettling second. Gentle directional movement, softly displaced forms, subtle asymmetry and relaxed visual flow across the composition. Spectral lavender, dusty rose and pale moonlight against smoky violet. Built structures behave like a creature: breathing, watching, reaching, or forming a silhouette that is almost a body."
107,0107_spectral_haunting_drift_ghostlight_unnatural_light.jpg,halloween,spectral,haunting,drift,ghostlight,unnatural_light,577045841,previews/studio/halloween/0107_spectral_haunting_drift_ghostlight_unnatural_light.jpg,wallpapers/studio/halloween/0107_spectral_haunting_drift_ghostlight_unnatural_light.jpg,63457,ok,"A single striking Halloween artwork made as a mobile phone wallpaper. One extraordinary focal idea, composed as a scene rather than an arrangement of seasonal objects. Vertical 9:16 mobile wallpaper, full-bleed edge to edge composition. The upper region of the frame is open and unadorned — atmosphere, gradient falloff or empty depth, no detail and no focal point there. The principal subject sits in the lower two thirds, weighted below centre and placed off the vertical axis. Clear depth across three planes: near, middle and far. No text, no letterforms, no numerals, no signature, no watermark, no logo, no border and no frame. A world suspended between physical reality and the spirit realm. Translucent apparitions, spectral architecture, luminous mist and enormous ghostly forms emerge from darkness, clouds, water and landscape. Solid objects dissolve into ethereal material and re-form elsewhere. Haunting, beautiful and otherworldly. Quiet, melancholy and deeply atmospheric. Diffused moonlight, pale illumination, long shadows, drifting fog and restrained contrast create the feeling of a place inhabited by memories or unseen presences. Beautiful first, unsettling second. Gentle directional movement, softly displaced forms, subtle asymmetry and relaxed visual flow across the composition. Spectral cyan, pale aqua and icy white against midnight blue. Light behaves impossibly: falling upward, casting the wrong shadow, glowing from within a solid, or illuminating only one thing."
525,0525_nightmare_nightmarish_stillness_midnight_organic_geometry.jpg,halloween,nightmare,nightmarish,stillness,midnight,organic_geometry,2029632087,previews/studio/halloween/0525_nightmare_nightmarish_stillness_midnight_organic_geometry.jpg,wallpapers/studio/halloween/0525_nightmare_nightmarish_stillness_midnight_organic_geometry.jpg,64433,ok,"A single striking Halloween artwork made as a mobile phone wallpaper. One extraordinary focal idea, composed as a scene rather than an arrangement of seasonal objects. Vertical 9:16 mobile wallpaper, full-bleed edge to edge composition. The upper region of the frame is open and unadorned — atmosphere, gradient falloff or empty depth, no detail and no focal point there. The principal subject sits in the lower two thirds, weighted below centre and placed off the vertical axis. Clear depth across three planes: near, middle and far. No text, no letterforms, no numerals, no signature, no watermark, no logo, no border and no frame. A surreal dream-world where familiar reality has become beautifully impossible. Landscapes bend, structures grow organically, enormous mysterious creatures appear at impossible scale and ordinary objects transform into unsettling forms. Dream logic replaces physics. Strange and psychologically eerie, and visually beautiful. Unnatural lighting, extreme scale, distorted depth and impossible shadows make the scene feel like a vivid nightmare. Familiar forms become subtly wrong and visual logic begins to break down. Intensely unsettling and surreal, sophisticated and visually spectacular. Centered, balanced composition with generous negative space, minimal directional movement, simple large forms and a strong sense of visual stability. Midnight blue, indigo and moon silver against near-black. Living forms arranged into exact geometry, or geometry grown the way a plant grows."
320,0320_occult_nightmarish_stillness_blood_moon_emerging_form.jpg,halloween,occult,nightmarish,stillness,blood_moon,emerging_form,1183663773,previews/studio/halloween/0320_occult_nightmarish_stillness_blood_moon_emerging_form.jpg,wallpapers/studio/halloween/0320_occult_nightmarish_stillness_blood_moon_emerging_form.jpg,69744,ok,"A single striking Halloween artwork made as a mobile phone wallpaper. One extraordinary focal idea, composed as a scene rather than an arrangement of seasonal objects. Vertical 9:16 mobile wallpaper, full-bleed edge to edge composition. The upper region of the frame is open and unadorned — atmosphere, gradient falloff or empty depth, no detail and no focal point there. The principal subject sits in the lower two thirds, weighted below centre and placed off the vertical axis. Clear depth across three planes: near, middle and far. No text, no letterforms, no numerals, no signature, no watermark, no logo, no border and no frame. An ancient world shaped by mysterious forbidden rituals: monumental circles, floating relics, candles, arcane geometry, strange altars, suspended objects and luminous symbols embedded into architecture and landscape. Invisible forces distort light, gravity and space. Sophisticated supernatural mystery. Unnatural lighting, extreme scale, distorted depth and impossible shadows make the scene feel like a vivid nightmare. Familiar forms become subtly wrong and visual logic begins to break down. Intensely unsettling and surreal, sophisticated and visually spectacular. Centered, balanced composition with generous negative space, minimal directional movement, simple large forms and a strong sense of visual stability. Blood red, crimson and burnt orange against black. A shape is resolving out of the environment itself, half-formed and still becoming."
108,0108_spectral_ominous_flow_ghostlight_ancient_monument.jpg,halloween,spectral,ominous,flow,ghostlight,ancient_monument,1083997955,previews/studio/halloween/0108_spectral_ominous_flow_ghostlight_ancient_monument.jpg,wallpapers/studio/halloween/0108_spectral_ominous_flow_ghostlight_ancient_monument.jpg,64042,ok,"A single striking Halloween artwork made as a mobile phone wallpaper. One extraordinary focal idea, composed as a scene rather than an arrangement of seasonal objects. Vertical 9:16 mobile wallpaper, full-bleed edge to edge composition. The upper region of the frame is open and unadorned — atmosphere, gradient falloff or empty depth, no detail and no focal point there. The principal subject sits in the lower two thirds, weighted below centre and placed off the vertical axis. Clear depth across three planes: near, middle and far. No text, no letterforms, no numerals, no signature, no watermark, no logo, no border and no frame. A world suspended between physical reality and the spirit realm. Translucent apparitions, spectral architecture, luminous mist and enormous ghostly forms emerge from darkness, clouds, water and landscape. Solid objects dissolve into ethereal material and re-form elsewhere. Haunting, beautiful and otherworldly. Heavy darkness, approaching weather, deep directional shadows and isolated pools of illumination create mounting tension. The composition suggests that something enormous is about to happen without revealing exactly what it is. Continuous sweeping movement, interconnected forms, graceful curves and clear directional pathways carrying the eye through the composition. Spectral cyan, pale aqua and icy white against midnight blue. A single colossal made object dominates, older than anything around it and built for a purpose nobody remembers."
526,0526_nightmare_majestic_drift_midnight_something_watching.jpg,halloween,nightmare,majestic,drift,midnight,something_watching,389100554,previews/studio/halloween/0526_nightmare_majestic_drift_midnight_something_watching.jpg,wallpapers/studio/halloween/0526_nightmare_majestic_drift_midnight_something_watching.jpg,63990,ok,"A single striking Halloween artwork made as a mobile phone wallpaper. One extraordinary focal idea, composed as a scene rather than an arrangement of seasonal objects. Vertical 9:16 mobile wallpaper, full-bleed edge to edge composition. The upper region of the frame is open and unadorned — atmosphere, gradient falloff or empty depth, no detail and no focal point there. The principal subject sits in the lower two thirds, weighted below centre and placed off the vertical axis. Clear depth across three planes: near, middle and far. No text, no letterforms, no numerals, no signature, no watermark, no logo, no border and no frame. A surreal dream-world where familiar reality has become beautifully impossible. Landscapes bend, structures grow organically, enormous mysterious creatures appear at impossible scale and ordinary objects transform into unsettling forms. Dream logic replaces physics. Strange and psychologically eerie, and visually beautiful. Grand cinematic illumination, monumental scale, deep dimensional contrast and radiant focal light. Darkness frames moments of extraordinary beauty and power. The scene inspires awe as much as fear, treating Halloween fantasy with the visual grandeur of an epic myth. Gentle directional movement, softly displaced forms, subtle asymmetry and relaxed visual flow across the composition. Midnight blue, indigo and moon silver against near-black. The composition is arranged around an unseen observer, and the scene knows it is being looked at."
321,0321_occult_majestic_drift_blood_moon_impossible_weather.jpg,halloween,occult,majestic,drift,blood_moon,impossible_weather,1690615887,previews/studio/halloween/0321_occult_majestic_drift_blood_moon_impossible_weather.jpg,wallpapers/studio/halloween/0321_occult_majestic_drift_blood_moon_impossible_weather.jpg,64165,ok,"A single striking Halloween artwork made as a mobile phone wallpaper. One extraordinary focal idea, composed as a scene rather than an arrangement of seasonal objects. Vertical 9:16 mobile wallpaper, full-bleed edge to edge composition. The upper region of the frame is open and unadorned — atmosphere, gradient falloff or empty depth, no detail and no focal point there. The principal subject sits in the lower two thirds, weighted below centre and placed off the vertical axis. Clear depth across three planes: near, middle and far. No text, no letterforms, no numerals, no signature, no watermark, no logo, no border and no frame. An ancient world shaped by mysterious forbidden rituals: monumental circles, floating relics, candles, arcane geometry, strange altars, suspended objects and luminous symbols embedded into architecture and landscape. Invisible forces distort light, gravity and space. Sophisticated supernatural mystery. Grand cinematic illumination, monumental scale, deep dimensional contrast and radiant focal light. Darkness frames moments of extraordinary beauty and power. The scene inspires awe as much as fear, treating Halloween fantasy with the visual grandeur of an epic myth. Gentle directional movement, softly displaced forms, subtle asymmetry and relaxed visual flow across the composition. Blood red, crimson and burnt orange against black. The atmosphere does something it could not: falling upward, standing still, burning, or moving as one body."
109,0109_spectral_macabre_surge_ghostlight_endless_depth.jpg,halloween,spectral,macabre,surge,ghostlight,endless_depth,1590950069,previews/studio/halloween/0109_spectral_macabre_surge_ghostlight_endless_depth.jpg,wallpapers/studio/halloween/0109_spectral_macabre_surge_ghostlight_endless_depth.jpg,64498,ok,"A single striking Halloween artwork made as a mobile phone wallpaper. One extraordinary focal idea, composed as a scene rather than an arrangement of seasonal objects. Vertical 9:16 mobile wallpaper, full-bleed edge to edge composition. The upper region of the frame is open and unadorned — atmosphere, gradient falloff or empty depth, no detail and no focal point there. The principal subject sits in the lower two thirds, weighted below centre and placed off the vertical axis. Clear depth across three planes: near, middle and far. No text, no letterforms, no numerals, no signature, no watermark, no logo, no border and no frame. A world suspended between physical reality and the spirit realm. Translucent apparitions, spectral architecture, luminous mist and enormous ghostly forms emerge from darkness, clouds, water and landscape. Solid objects dissolve into ethereal material and re-form elsewhere. Haunting, beautiful and otherworldly. Elegant darkness with stronger mortality and decay: aged surfaces, skeletal forms, dead vegetation, ruined grandeur and stark chiaroscuro. Sophisticated gothic beauty, disturbing details used sparingly against richly rendered darkness. Forceful directional movement, strong diagonals, overlapping forms, dynamic scale changes and pronounced visual momentum. Spectral cyan, pale aqua and icy white against midnight blue. The scene recedes far past where it should end, plane behind plane into immeasurable distance."
527,0527_nightmare_bewitched_flow_midnight_impossible_scale.jpg,halloween,nightmare,bewitched,flow,midnight,impossible_scale,896052668,previews/studio/halloween/0527_nightmare_bewitched_flow_midnight_impossible_scale.jpg,wallpapers/studio/halloween/0527_nightmare_bewitched_flow_midnight_impossible_scale.jpg,64943,ok,"A single striking Halloween artwork made as a mobile phone wallpaper. One extraordinary focal idea, composed as a scene rather than an arrangement of seasonal objects. Vertical 9:16 mobile wallpaper, full-bleed edge to edge composition. The upper region of the frame is open and unadorned — atmosphere, gradient falloff or empty depth, no detail and no focal point there. The principal subject sits in the lower two thirds, weighted below centre and placed off the vertical axis. Clear depth across three planes: near, middle and far. No text, no letterforms, no numerals, no signature, no watermark, no logo, no border and no frame. A surreal dream-world where familiar reality has become beautifully impossible. Landscapes bend, structures grow organically, enormous mysterious creatures appear at impossible scale and ordinary objects transform into unsettling forms. Dream logic replaces physics. Strange and psychologically eerie, and visually beautiful. Seductive supernatural illumination, luminous haze and mysterious coloured light. Shadows remain soft and dimensional while magical highlights appear unexpectedly throughout the scene. Enchanting, mysterious and beautiful, with a subtle sense that something impossible is happening. Continuous sweeping movement, interconnected forms, graceful curves and clear directional pathways carrying the eye through the composition. Midnight blue, indigo and moon silver against near-black. One element is vastly larger than it could be, dwarfing everything around it."
322,0322_occult_bewitched_flow_blood_moon_organic_geometry.jpg,halloween,occult,bewitched,flow,blood_moon,organic_geometry,50084354,previews/studio/halloween/0322_occult_bewitched_flow_blood_moon_organic_geometry.jpg,wallpapers/studio/halloween/0322_occult_bewitched_flow_blood_moon_organic_geometry.jpg,64373,ok,"A single striking Halloween artwork made as a mobile phone wallpaper. One extraordinary focal idea, composed as a scene rather than an arrangement of seasonal objects. Vertical 9:16 mobile wallpaper, full-bleed edge to edge composition. The upper region of the frame is open and unadorned — atmosphere, gradient falloff or empty depth, no detail and no focal point there. The principal subject sits in the lower two thirds, weighted below centre and placed off the vertical axis. Clear depth across three planes: near, middle and far. No text, no letterforms, no numerals, no signature, no watermark, no logo, no border and no frame. An ancient world shaped by mysterious forbidden rituals: monumental circles, floating relics, candles, arcane geometry, strange altars, suspended objects and luminous symbols embedded into architecture and landscape. Invisible forces distort light, gravity and space. Sophisticated supernatural mystery. Seductive supernatural illumination, luminous haze and mysterious coloured light. Shadows remain soft and dimensional while magical highlights appear unexpectedly throughout the scene. Enchanting, mysterious and beautiful, with a subtle sense that something impossible is happening. Continuous sweeping movement, interconnected forms, graceful curves and clear directional pathways carrying the eye through the composition. Blood red, crimson and burnt orange against black. Living forms arranged into exact geometry, or geometry grown the way a plant grows."
110,0110_spectral_nightmarish_eruption_ghostlight_emerging_form.jpg,halloween,spectral,nightmarish,eruption,ghostlight,emerging_form,2097902183,previews/studio/halloween/0110_spectral_nightmarish_eruption_ghostlight_emerging_form.jpg,wallpapers/studio/halloween/0110_spectral_nightmarish_eruption_ghostlight_emerging_form.jpg,64303,ok,"A single striking Halloween artwork made as a mobile phone wallpaper. One extraordinary focal idea, composed as a scene rather than an arrangement of seasonal objects. Vertical 9:16 mobile wallpaper, full-bleed edge to edge composition. The upper region of the frame is open and unadorned — atmosphere, gradient falloff or empty depth, no detail and no focal point there. The principal subject sits in the lower two thirds, weighted below centre and placed off the vertical axis. Clear depth across three planes: near, middle and far. No text, no letterforms, no numerals, no signature, no watermark, no logo, no border and no frame. A world suspended between physical reality and the spirit realm. Translucent apparitions, spectral architecture, luminous mist and enormous ghostly forms emerge from darkness, clouds, water and landscape. Solid objects dissolve into ethereal material and re-form elsewhere. Haunting, beautiful and otherworldly. Unnatural lighting, extreme scale, distorted depth and impossible shadows make the scene feel like a vivid nightmare. Familiar forms become subtly wrong and visual logic begins to break down. Intensely unsettling and surreal, sophisticated and visually spectacular. Explosive outward movement, fragmented forms, dramatic displacement, extreme scale variation and dense controlled complexity radiating through the composition. Spectral cyan, pale aqua and icy white against midnight blue. A shape is resolving out of the environment itself, half-formed and still becoming."
528,0528_nightmare_bewitched_drift_dead_forest_impossible_scale.jpg,halloween,nightmare,bewitched,drift,dead_forest,impossible_scale,1403004782,previews/studio/halloween/0528_nightmare_bewitched_drift_dead_forest_impossible_scale.jpg,wallpapers/studio/halloween/0528_nightmare_bewitched_drift_dead_forest_impossible_scale.jpg,64058,ok,"A single striking Halloween artwork made as a mobile phone wallpaper. One extraordinary focal idea, composed as a scene rather than an arrangement of seasonal objects. Vertical 9:16 mobile wallpaper, full-bleed edge to edge composition. The upper region of the frame is open and unadorned — atmosphere, gradient falloff or empty depth, no detail and no focal point there. The principal subject sits in the lower two thirds, weighted below centre and placed off the vertical axis. Clear depth across three planes: near, middle and far. No text, no letterforms, no numerals, no signature, no watermark, no logo, no border and no frame. A surreal dream-world where familiar reality has become beautifully impossible. Landscapes bend, structures grow organically, enormous mysterious creatures appear at impossible scale and ordinary objects transform into unsettling forms. Dream logic replaces physics. Strange and psychologically eerie, and visually beautiful. Seductive supernatural illumination, luminous haze and mysterious coloured light. Shadows remain soft and dimensional while magical highlights appear unexpectedly throughout the scene. Enchanting, mysterious and beautiful, with a subtle sense that something impossible is happening. Gentle directional movement, softly displaced forms, subtle asymmetry and relaxed visual flow across the composition. Umber, moss green and rust against smoky black. One element is vastly larger than it could be, dwarfing everything around it."
323,0323_occult_haunting_surge_blood_moon_something_watching.jpg,halloween,occult,haunting,surge,blood_moon,something_watching,557036468,previews/studio/halloween/0323_occult_haunting_surge_blood_moon_something_watching.jpg,wallpapers/studio/halloween/0323_occult_haunting_surge_blood_moon_something_watching.jpg,64253,ok,"A single striking Halloween artwork made as a mobile phone wallpaper. One extraordinary focal idea, composed as a scene rather than an arrangement of seasonal objects. Vertical 9:16 mobile wallpaper, full-bleed edge to edge composition. The upper region of the frame is open and unadorned — atmosphere, gradient falloff or empty depth, no detail and no focal point there. The principal subject sits in the lower two thirds, weighted below centre and placed off the vertical axis. Clear depth across three planes: near, middle and far. No text, no letterforms, no numerals, no signature, no watermark, no logo, no border and no frame. An ancient world shaped by mysterious forbidden rituals: monumental circles, floating relics, candles, arcane geometry, strange altars, suspended objects and luminous symbols embedded into architecture and landscape. Invisible forces distort light, gravity and space. Sophisticated supernatural mystery. Quiet, melancholy and deeply atmospheric. Diffused moonlight, pale illumination, long shadows, drifting fog and restrained contrast create the feeling of a place inhabited by memories or unseen presences. Beautiful first, unsettling second. Forceful directional movement, strong diagonals, overlapping forms, dynamic scale changes and pronounced visual momentum. Blood red, crimson and burnt orange against black. The composition is arranged around an unseen observer, and the scene knows it is being looked at."
111,0111_spectral_majestic_stillness_ghostlight_impossible_weather.jpg,halloween,spectral,majestic,stillness,ghostlight,impossible_weather,457370650,previews/studio/halloween/0111_spectral_majestic_stillness_ghostlight_impossible_weather.jpg,wallpapers/studio/halloween/0111_spectral_majestic_stillness_ghostlight_impossible_weather.jpg,64485,ok,"A single striking Halloween artwork made as a mobile phone wallpaper. One extraordinary focal idea, composed as a scene rather than an arrangement of seasonal objects. Vertical 9:16 mobile wallpaper, full-bleed edge to edge composition. The upper region of the frame is open and unadorned — atmosphere, gradient falloff or empty depth, no detail and no focal point there. The principal subject sits in the lower two thirds, weighted below centre and placed off the vertical axis. Clear depth across three planes: near, middle and far. No text, no letterforms, no numerals, no signature, no watermark, no logo, no border and no frame. A world suspended between physical reality and the spirit realm. Translucent apparitions, spectral architecture, luminous mist and enormous ghostly forms emerge from darkness, clouds, water and landscape. Solid objects dissolve into ethereal material and re-form elsewhere. Haunting, beautiful and otherworldly. Grand cinematic illumination, monumental scale, deep dimensional contrast and radiant focal light. Darkness frames moments of extraordinary beauty and power. The scene inspires awe as much as fear, treating Halloween fantasy with the visual grandeur of an epic myth. Centered, balanced composition with generous negative space, minimal directional movement, simple large forms and a strong sense of visual stability. Spectral cyan, pale aqua and icy white against midnight blue. The atmosphere does something it could not: falling upward, standing still, burning, or moving as one body."
529,0529_nightmare_haunting_flow_dead_forest_living_architecture.jpg,halloween,nightmare,haunting,flow,dead_forest,living_architecture,1909956896,previews/studio/halloween/0529_nightmare_haunting_flow_dead_forest_living_architecture.jpg,wallpapers/studio/halloween/0529_nightmare_haunting_flow_dead_forest_living_architecture.jpg,64055,ok,"A single striking Halloween artwork made as a mobile phone wallpaper. One extraordinary focal idea, composed as a scene rather than an arrangement of seasonal objects. Vertical 9:16 mobile wallpaper, full-bleed edge to edge composition. The upper region of the frame is open and unadorned — atmosphere, gradient falloff or empty depth, no detail and no focal point there. The principal subject sits in the lower two thirds, weighted below centre and placed off the vertical axis. Clear depth across three planes: near, middle and far. No text, no letterforms, no numerals, no signature, no watermark, no logo, no border and no frame. A surreal dream-world where familiar reality has become beautifully impossible. Landscapes bend, structures grow organically, enormous mysterious creatures appear at impossible scale and ordinary objects transform into unsettling forms. Dream logic replaces physics. Strange and psychologically eerie, and visually beautiful. Quiet, melancholy and deeply atmospheric. Diffused moonlight, pale illumination, long shadows, drifting fog and restrained contrast create the feeling of a place inhabited by memories or unseen presences. Beautiful first, unsettling second. Continuous sweeping movement, interconnected forms, graceful curves and clear directional pathways carrying the eye through the composition. Umber, moss green and rust against smoky black. Built structures behave like a creature: breathing, watching, reaching, or forming a silhouette that is almost a body."
324,0324_occult_ominous_eruption_blood_moon_impossible_scale.jpg,halloween,occult,ominous,eruption,blood_moon,impossible_scale,1063988582,previews/studio/halloween/0324_occult_ominous_eruption_blood_moon_impossible_scale.jpg,wallpapers/studio/halloween/0324_occult_ominous_eruption_blood_moon_impossible_scale.jpg,63877,ok,"A single striking Halloween artwork made as a mobile phone wallpaper. One extraordinary focal idea, composed as a scene rather than an arrangement of seasonal objects. Vertical 9:16 mobile wallpaper, full-bleed edge to edge composition. The upper region of the frame is open and unadorned — atmosphere, gradient falloff or empty depth, no detail and no focal point there. The principal subject sits in the lower two thirds, weighted below centre and placed off the vertical axis. Clear depth across three planes: near, middle and far. No text, no letterforms, no numerals, no signature, no watermark, no logo, no border and no frame. An ancient world shaped by mysterious forbidden rituals: monumental circles, floating relics, candles, arcane geometry, strange altars, suspended objects and luminous symbols embedded into architecture and landscape. Invisible forces distort light, gravity and space. Sophisticated supernatural mystery. Heavy darkness, approaching weather, deep directional shadows and isolated pools of illumination create mounting tension. The composition suggests that something enormous is about to happen without revealing exactly what it is. Explosive outward movement, fragmented forms, dramatic displacement, extreme scale variation and dense controlled complexity radiating through the composition. Blood red, crimson and burnt orange against black. One element is vastly larger than it could be, dwarfing everything around it."
112,0112_spectral_majestic_eruption_poison_impossible_weather.jpg,halloween,spectral,majestic,eruption,poison,impossible_weather,964322764,previews/studio/halloween/0112_spectral_majestic_eruption_poison_impossible_weather.jpg,wallpapers/studio/halloween/0112_spectral_majestic_eruption_poison_impossible_weather.jpg,64130,ok,"A single striking Halloween artwork made as a mobile phone wallpaper. One extraordinary focal idea, composed as a scene rather than an arrangement of seasonal objects. Vertical 9:16 mobile wallpaper, full-bleed edge to edge composition. The upper region of the frame is open and unadorned — atmosphere, gradient falloff or empty depth, no detail and no focal point there. The principal subject sits in the lower two thirds, weighted below centre and placed off the vertical axis. Clear depth across three planes: near, middle and far. No text, no letterforms, no numerals, no signature, no watermark, no logo, no border and no frame. A world suspended between physical reality and the spirit realm. Translucent apparitions, spectral architecture, luminous mist and enormous ghostly forms emerge from darkness, clouds, water and landscape. Solid objects dissolve into ethereal material and re-form elsewhere. Haunting, beautiful and otherworldly. Grand cinematic illumination, monumental scale, deep dimensional contrast and radiant focal light. Darkness frames moments of extraordinary beauty and power. The scene inspires awe as much as fear, treating Halloween fantasy with the visual grandeur of an epic myth. Explosive outward movement, fragmented forms, dramatic displacement, extreme scale variation and dense controlled complexity radiating through the composition. Acid green, emerald and chartreuse against black. The atmosphere does something it could not: falling upward, standing still, burning, or moving as one body."
530,0530_nightmare_ominous_surge_dead_forest_beautiful_decay.jpg,halloween,nightmare,ominous,surge,dead_forest,beautiful_decay,269425363,previews/studio/halloween/0530_nightmare_ominous_surge_dead_forest_beautiful_decay.jpg,wallpapers/studio/halloween/0530_nightmare_ominous_surge_dead_forest_beautiful_decay.jpg,64344,ok,"A single striking Halloween artwork made as a mobile phone wallpaper. One extraordinary focal idea, composed as a scene rather than an arrangement of seasonal objects. Vertical 9:16 mobile wallpaper, full-bleed edge to edge composition. The upper region of the frame is open and unadorned — atmosphere, gradient falloff or empty depth, no detail and no focal point there. The principal subject sits in the lower two thirds, weighted below centre and placed off the vertical axis. Clear depth across three planes: near, middle and far. No text, no letterforms, no numerals, no signature, no watermark, no logo, no border and no frame. A surreal dream-world where familiar reality has become beautifully impossible. Landscapes bend, structures grow organically, enormous mysterious creatures appear at impossible scale and ordinary objects transform into unsettling forms. Dream logic replaces physics. Strange and psychologically eerie, and visually beautiful. Heavy darkness, approaching weather, deep directional shadows and isolated pools of illumination create mounting tension. The composition suggests that something enormous is about to happen without revealing exactly what it is. Forceful directional movement, strong diagonals, overlapping forms, dynamic scale changes and pronounced visual momentum. Umber, moss green and rust against smoky black. Ruin rendered as splendour: collapse, erosion and overgrowth arranged into something lovelier than the intact thing was."
325,0325_occult_macabre_stillness_blood_moon_living_architecture.jpg,halloween,occult,macabre,stillness,blood_moon,living_architecture,1570940696,previews/studio/halloween/0325_occult_macabre_stillness_blood_moon_living_architecture.jpg,wallpapers/studio/halloween/0325_occult_macabre_stillness_blood_moon_living_architecture.jpg,64249,ok,"A single striking Halloween artwork made as a mobile phone wallpaper. One extraordinary focal idea, composed as a scene rather than an arrangement of seasonal objects. Vertical 9:16 mobile wallpaper, full-bleed edge to edge composition. The upper region of the frame is open and unadorned — atmosphere, gradient falloff or empty depth, no detail and no focal point there. The principal subject sits in the lower two thirds, weighted below centre and placed off the vertical axis. Clear depth across three planes: near, middle and far. No text, no letterforms, no numerals, no signature, no watermark, no logo, no border and no frame. An ancient world shaped by mysterious forbidden rituals: monumental circles, floating relics, candles, arcane geometry, strange altars, suspended objects and luminous symbols embedded into architecture and landscape. Invisible forces distort light, gravity and space. Sophisticated supernatural mystery. Elegant darkness with stronger mortality and decay: aged surfaces, skeletal forms, dead vegetation, ruined grandeur and stark chiaroscuro. Sophisticated gothic beauty, disturbing details used sparingly against richly rendered darkness. Centered, balanced composition with generous negative space, minimal directional movement, simple large forms and a strong sense of visual stability. Blood red, crimson and burnt orange against black. Built structures behave like a creature: breathing, watching, reaching, or forming a silhouette that is almost a body."
113,0113_spectral_bewitched_stillness_poison_organic_geometry.jpg,halloween,spectral,bewitched,stillness,poison,organic_geometry,1471274878,previews/studio/halloween/0113_spectral_bewitched_stillness_poison_organic_geometry.jpg,wallpapers/studio/halloween/0113_spectral_bewitched_stillness_poison_organic_geometry.jpg,64620,ok,"A single striking Halloween artwork made as a mobile phone wallpaper. One extraordinary focal idea, composed as a scene rather than an arrangement of seasonal objects. Vertical 9:16 mobile wallpaper, full-bleed edge to edge composition. The upper region of the frame is open and unadorned — atmosphere, gradient falloff or empty depth, no detail and no focal point there. The principal subject sits in the lower two thirds, weighted below centre and placed off the vertical axis. Clear depth across three planes: near, middle and far. No text, no letterforms, no numerals, no signature, no watermark, no logo, no border and no frame. A world suspended between physical reality and the spirit realm. Translucent apparitions, spectral architecture, luminous mist and enormous ghostly forms emerge from darkness, clouds, water and landscape. Solid objects dissolve into ethereal material and re-form elsewhere. Haunting, beautiful and otherworldly. Seductive supernatural illumination, luminous haze and mysterious coloured light. Shadows remain soft and dimensional while magical highlights appear unexpectedly throughout the scene. Enchanting, mysterious and beautiful, with a subtle sense that something impossible is happening. Centered, balanced composition with generous negative space, minimal directional movement, simple large forms and a strong sense of visual stability. Acid green, emerald and chartreuse against black. Living forms arranged into exact geometry, or geometry grown the way a plant grows."
531,0531_nightmare_macabre_eruption_dead_forest_hidden_presence.jpg,halloween,nightmare,macabre,eruption,dead_forest,hidden_presence,776377477,previews/studio/halloween/0531_nightmare_macabre_eruption_dead_forest_hidden_presence.jpg,wallpapers/studio/halloween/0531_nightmare_macabre_eruption_dead_forest_hidden_presence.jpg,64429,ok,"A single striking Halloween artwork made as a mobile phone wallpaper. One extraordinary focal idea, composed as a scene rather than an arrangement of seasonal objects. Vertical 9:16 mobile wallpaper, full-bleed edge to edge composition. The upper region of the frame is open and unadorned — atmosphere, gradient falloff or empty depth, no detail and no focal point there. The principal subject sits in the lower two thirds, weighted below centre and placed off the vertical axis. Clear depth across three planes: near, middle and far. No text, no letterforms, no numerals, no signature, no watermark, no logo, no border and no frame. A surreal dream-world where familiar reality has become beautifully impossible. Landscapes bend, structures grow organically, enormous mysterious creatures appear at impossible scale and ordinary objects transform into unsettling forms. Dream logic replaces physics. Strange and psychologically eerie, and visually beautiful. Elegant darkness with stronger mortality and decay: aged surfaces, skeletal forms, dead vegetation, ruined grandeur and stark chiaroscuro. Sophisticated gothic beauty, disturbing details used sparingly against richly rendered darkness. Explosive outward movement, fragmented forms, dramatic displacement, extreme scale variation and dense controlled complexity radiating through the composition. Umber, moss green and rust against smoky black. Something enormous is barely perceptible within the scene, read only as a shape in the mist, the stone or the shadow."
326,0326_occult_nightmarish_drift_blood_moon_beautiful_decay.jpg,halloween,occult,nightmarish,drift,blood_moon,beautiful_decay,2077892810,previews/studio/halloween/0326_occult_nightmarish_drift_blood_moon_beautiful_decay.jpg,wallpapers/studio/halloween/0326_occult_nightmarish_drift_blood_moon_beautiful_decay.jpg,64424,ok,"A single striking Halloween artwork made as a mobile phone wallpaper. One extraordinary focal idea, composed as a scene rather than an arrangement of seasonal objects. Vertical 9:16 mobile wallpaper, full-bleed edge to edge composition. The upper region of the frame is open and unadorned — atmosphere, gradient falloff or empty depth, no detail and no focal point there. The principal subject sits in the lower two thirds, weighted below centre and placed off the vertical axis. Clear depth across three planes: near, middle and far. No text, no letterforms, no numerals, no signature, no watermark, no logo, no border and no frame. An ancient world shaped by mysterious forbidden rituals: monumental circles, floating relics, candles, arcane geometry, strange altars, suspended objects and luminous symbols embedded into architecture and landscape. Invisible forces distort light, gravity and space. Sophisticated supernatural mystery. Unnatural lighting, extreme scale, distorted depth and impossible shadows make the scene feel like a vivid nightmare. Familiar forms become subtly wrong and visual logic begins to break down. Intensely unsettling and surreal, sophisticated and visually spectacular. Gentle directional movement, softly displaced forms, subtle asymmetry and relaxed visual flow across the composition. Blood red, crimson and burnt orange against black. Ruin rendered as splendour: collapse, erosion and overgrowth arranged into something lovelier than the intact thing was."
532,0532_nightmare_nightmarish_stillness_dead_forest_material_transformation.jpg,halloween,nightmare,nightmarish,stillness,dead_forest,material_transformation,1283329591,previews/studio/halloween/0532_nightmare_nightmarish_stillness_dead_forest_material_transformation.jpg,wallpapers/studio/halloween/0532_nightmare_nightmarish_stillness_dead_forest_material_transformation.jpg,64390,ok,"A single striking Halloween artwork made as a mobile phone wallpaper. One extraordinary focal idea, composed as a scene rather than an arrangement of seasonal objects. Vertical 9:16 mobile wallpaper, full-bleed edge to edge composition. The upper region of the frame is open and unadorned — atmosphere, gradient falloff or empty depth, no detail and no focal point there. The principal subject sits in the lower two thirds, weighted below centre and placed off the vertical axis. Clear depth across three planes: near, middle and far. No text, no letterforms, no numerals, no signature, no watermark, no logo, no border and no frame. A surreal dream-world where familiar reality has become beautifully impossible. Landscapes bend, structures grow organically, enormous mysterious creatures appear at impossible scale and ordinary objects transform into unsettling forms. Dream logic replaces physics. Strange and psychologically eerie, and visually beautiful. Unnatural lighting, extreme scale, distorted depth and impossible shadows make the scene feel like a vivid nightmare. Familiar forms become subtly wrong and visual logic begins to break down. Intensely unsettling and surreal, sophisticated and visually spectacular. Centered, balanced composition with generous negative space, minimal directional movement, simple large forms and a strong sense of visual stability. Umber, moss green and rust against smoky black. One substance becomes another mid-form: stone into smoke, water into glass, cloth into flame."
114,0114_spectral_haunting_drift_poison_something_watching.jpg,halloween,spectral,haunting,drift,poison,something_watching,1978226992,previews/studio/halloween/0114_spectral_haunting_drift_poison_something_watching.jpg,wallpapers/studio/halloween/0114_spectral_haunting_drift_poison_something_watching.jpg,64778,ok,"A single striking Halloween artwork made as a mobile phone wallpaper. One extraordinary focal idea, composed as a scene rather than an arrangement of seasonal objects. Vertical 9:16 mobile wallpaper, full-bleed edge to edge composition. The upper region of the frame is open and unadorned — atmosphere, gradient falloff or empty depth, no detail and no focal point there. The principal subject sits in the lower two thirds, weighted below centre and placed off the vertical axis. Clear depth across three planes: near, middle and far. No text, no letterforms, no numerals, no signature, no watermark, no logo, no border and no frame. A world suspended between physical reality and the spirit realm. Translucent apparitions, spectral architecture, luminous mist and enormous ghostly forms emerge from darkness, clouds, water and landscape. Solid objects dissolve into ethereal material and re-form elsewhere. Haunting, beautiful and otherworldly. Quiet, melancholy and deeply atmospheric. Diffused moonlight, pale illumination, long shadows, drifting fog and restrained contrast create the feeling of a place inhabited by memories or unseen presences. Beautiful first, unsettling second. Gentle directional movement, softly displaced forms, subtle asymmetry and relaxed visual flow across the composition. Acid green, emerald and chartreuse against black. The composition is arranged around an unseen observer, and the scene knows it is being looked at."
327,0327_occult_majestic_flow_blood_moon_hidden_presence.jpg,halloween,occult,majestic,flow,blood_moon,hidden_presence,437361277,previews/studio/halloween/0327_occult_majestic_flow_blood_moon_hidden_presence.jpg,wallpapers/studio/halloween/0327_occult_majestic_flow_blood_moon_hidden_presence.jpg,64654,ok,"A single striking Halloween artwork made as a mobile phone wallpaper. One extraordinary focal idea, composed as a scene rather than an arrangement of seasonal objects. Vertical 9:16 mobile wallpaper, full-bleed edge to edge composition. The upper region of the frame is open and unadorned — atmosphere, gradient falloff or empty depth, no detail and no focal point there. The principal subject sits in the lower two thirds, weighted below centre and placed off the vertical axis. Clear depth across three planes: near, middle and far. No text, no letterforms, no numerals, no signature, no watermark, no logo, no border and no frame. An ancient world shaped by mysterious forbidden rituals: monumental circles, floating relics, candles, arcane geometry, strange altars, suspended objects and luminous symbols embedded into architecture and landscape. Invisible forces distort light, gravity and space. Sophisticated supernatural mystery. Grand cinematic illumination, monumental scale, deep dimensional contrast and radiant focal light. Darkness frames moments of extraordinary beauty and power. The scene inspires awe as much as fear, treating Halloween fantasy with the visual grandeur of an epic myth. Continuous sweeping movement, interconnected forms, graceful curves and clear directional pathways carrying the eye through the composition. Blood red, crimson and burnt orange against black. Something enormous is barely perceptible within the scene, read only as a shape in the mist, the stone or the shadow."
115,0115_spectral_ominous_flow_poison_impossible_scale.jpg,halloween,spectral,ominous,flow,poison,impossible_scale,337695459,previews/studio/halloween/0115_spectral_ominous_flow_poison_impossible_scale.jpg,wallpapers/studio/halloween/0115_spectral_ominous_flow_poison_impossible_scale.jpg,63761,ok,"A single striking Halloween artwork made as a mobile phone wallpaper. One extraordinary focal idea, composed as a scene rather than an arrangement of seasonal objects. Vertical 9:16 mobile wallpaper, full-bleed edge to edge composition. The upper region of the frame is open and unadorned — atmosphere, gradient falloff or empty depth, no detail and no focal point there. The principal subject sits in the lower two thirds, weighted below centre and placed off the vertical axis. Clear depth across three planes: near, middle and far. No text, no letterforms, no numerals, no signature, no watermark, no logo, no border and no frame. A world suspended between physical reality and the spirit realm. Translucent apparitions, spectral architecture, luminous mist and enormous ghostly forms emerge from darkness, clouds, water and landscape. Solid objects dissolve into ethereal material and re-form elsewhere. Haunting, beautiful and otherworldly. Heavy darkness, approaching weather, deep directional shadows and isolated pools of illumination create mounting tension. The composition suggests that something enormous is about to happen without revealing exactly what it is. Continuous sweeping movement, interconnected forms, graceful curves and clear directional pathways carrying the eye through the composition. Acid green, emerald and chartreuse against black. One element is vastly larger than it could be, dwarfing everything around it."
533,0533_nightmare_majestic_drift_dead_forest_unnatural_light.jpg,halloween,nightmare,majestic,drift,dead_forest,unnatural_light,1790281705,previews/studio/halloween/0533_nightmare_majestic_drift_dead_forest_unnatural_light.jpg,wallpapers/studio/halloween/0533_nightmare_majestic_drift_dead_forest_unnatural_light.jpg,64874,ok,"A single striking Halloween artwork made as a mobile phone wallpaper. One extraordinary focal idea, composed as a scene rather than an arrangement of seasonal objects. Vertical 9:16 mobile wallpaper, full-bleed edge to edge composition. The upper region of the frame is open and unadorned — atmosphere, gradient falloff or empty depth, no detail and no focal point there. The principal subject sits in the lower two thirds, weighted below centre and placed off the vertical axis. Clear depth across three planes: near, middle and far. No text, no letterforms, no numerals, no signature, no watermark, no logo, no border and no frame. A surreal dream-world where familiar reality has become beautifully impossible. Landscapes bend, structures grow organically, enormous mysterious creatures appear at impossible scale and ordinary objects transform into unsettling forms. Dream logic replaces physics. Strange and psychologically eerie, and visually beautiful. Grand cinematic illumination, monumental scale, deep dimensional contrast and radiant focal light. Darkness frames moments of extraordinary beauty and power. The scene inspires awe as much as fear, treating Halloween fantasy with the visual grandeur of an epic myth. Gentle directional movement, softly displaced forms, subtle asymmetry and relaxed visual flow across the composition. Umber, moss green and rust against smoky black. Light behaves impossibly: falling upward, casting the wrong shadow, glowing from within a solid, or illuminating only one thing."
328,0328_occult_majestic_drift_pumpkin_fire_hidden_presence.jpg,halloween,occult,majestic,drift,pumpkin_fire,hidden_presence,944313391,previews/studio/halloween/0328_occult_majestic_drift_pumpkin_fire_hidden_presence.jpg,wallpapers/studio/halloween/0328_occult_majestic_drift_pumpkin_fire_hidden_presence.jpg,64066,ok,"A single striking Halloween artwork made as a mobile phone wallpaper. One extraordinary focal idea, composed as a scene rather than an arrangement of seasonal objects. Vertical 9:16 mobile wallpaper, full-bleed edge to edge composition. The upper region of the frame is open and unadorned — atmosphere, gradient falloff or empty depth, no detail and no focal point there. The principal subject sits in the lower two thirds, weighted below centre and placed off the vertical axis. Clear depth across three planes: near, middle and far. No text, no letterforms, no numerals, no signature, no watermark, no logo, no border and no frame. An ancient world shaped by mysterious forbidden rituals: monumental circles, floating relics, candles, arcane geometry, strange altars, suspended objects and luminous symbols embedded into architecture and landscape. Invisible forces distort light, gravity and space. Sophisticated supernatural mystery. Grand cinematic illumination, monumental scale, deep dimensional contrast and radiant focal light. Darkness frames moments of extraordinary beauty and power. The scene inspires awe as much as fear, treating Halloween fantasy with the visual grandeur of an epic myth. Gentle directional movement, softly displaced forms, subtle asymmetry and relaxed visual flow across the composition. Pumpkin orange, amber and copper against deep umber. Something enormous is barely perceptible within the scene, read only as a shape in the mist, the stone or the shadow."
534,0534_nightmare_bewitched_flow_dead_forest_ancient_monument.jpg,halloween,nightmare,bewitched,flow,dead_forest,ancient_monument,149750172,previews/studio/halloween/0534_nightmare_bewitched_flow_dead_forest_ancient_monument.jpg,wallpapers/studio/halloween/0534_nightmare_bewitched_flow_dead_forest_ancient_monument.jpg,63957,ok,"A single striking Halloween artwork made as a mobile phone wallpaper. One extraordinary focal idea, composed as a scene rather than an arrangement of seasonal objects. Vertical 9:16 mobile wallpaper, full-bleed edge to edge composition. The upper region of the frame is open and unadorned — atmosphere, gradient falloff or empty depth, no detail and no focal point there. The principal subject sits in the lower two thirds, weighted below centre and placed off the vertical axis. Clear depth across three planes: near, middle and far. No text, no letterforms, no numerals, no signature, no watermark, no logo, no border and no frame. A surreal dream-world where familiar reality has become beautifully impossible. Landscapes bend, structures grow organically, enormous mysterious creatures appear at impossible scale and ordinary objects transform into unsettling forms. Dream logic replaces physics. Strange and psychologically eerie, and visually beautiful. Seductive supernatural illumination, luminous haze and mysterious coloured light. Shadows remain soft and dimensional while magical highlights appear unexpectedly throughout the scene. Enchanting, mysterious and beautiful, with a subtle sense that something impossible is happening. Continuous sweeping movement, interconnected forms, graceful curves and clear directional pathways carrying the eye through the composition. Umber, moss green and rust against smoky black. A single colossal made object dominates, older than anything around it and built for a purpose nobody remembers."
116,0116_spectral_macabre_surge_poison_living_architecture.jpg,halloween,spectral,macabre,surge,poison,living_architecture,844647573,previews/studio/halloween/0116_spectral_macabre_surge_poison_living_architecture.jpg,wallpapers/studio/halloween/0116_spectral_macabre_surge_poison_living_architecture.jpg,64924,ok,"A single striking Halloween artwork made as a mobile phone wallpaper. One extraordinary focal idea, composed as a scene rather than an arrangement of seasonal objects. Vertical 9:16 mobile wallpaper, full-bleed edge to edge composition. The upper region of the frame is open and unadorned — atmosphere, gradient falloff or empty depth, no detail and no focal point there. The principal subject sits in the lower two thirds, weighted below centre and placed off the vertical axis. Clear depth across three planes: near, middle and far. No text, no letterforms, no numerals, no signature, no watermark, no logo, no border and no frame. A world suspended between physical reality and the spirit realm. Translucent apparitions, spectral architecture, luminous mist and enormous ghostly forms emerge from darkness, clouds, water and landscape. Solid objects dissolve into ethereal material and re-form elsewhere. Haunting, beautiful and otherworldly. Elegant darkness with stronger mortality and decay: aged surfaces, skeletal forms, dead vegetation, ruined grandeur and stark chiaroscuro. Sophisticated gothic beauty, disturbing details used sparingly against richly rendered darkness. Forceful directional movement, strong diagonals, overlapping forms, dynamic scale changes and pronounced visual momentum. Acid green, emerald and chartreuse against black. Built structures behave like a creature: breathing, watching, reaching, or forming a silhouette that is almost a body."
329,0329_occult_bewitched_flow_pumpkin_fire_material_transformation.jpg,halloween,occult,bewitched,flow,pumpkin_fire,material_transformation,1451265505,previews/studio/halloween/0329_occult_bewitched_flow_pumpkin_fire_material_transformation.jpg,wallpapers/studio/halloween/0329_occult_bewitched_flow_pumpkin_fire_material_transformation.jpg,63883,ok,"A single striking Halloween artwork made as a mobile phone wallpaper. One extraordinary focal idea, composed as a scene rather than an arrangement of seasonal objects. Vertical 9:16 mobile wallpaper, full-bleed edge to edge composition. The upper region of the frame is open and unadorned — atmosphere, gradient falloff or empty depth, no detail and no focal point there. The principal subject sits in the lower two thirds, weighted below centre and placed off the vertical axis. Clear depth across three planes: near, middle and far. No text, no letterforms, no numerals, no signature, no watermark, no logo, no border and no frame. An ancient world shaped by mysterious forbidden rituals: monumental circles, floating relics, candles, arcane geometry, strange altars, suspended objects and luminous symbols embedded into architecture and landscape. Invisible forces distort light, gravity and space. Sophisticated supernatural mystery. Seductive supernatural illumination, luminous haze and mysterious coloured light. Shadows remain soft and dimensional while magical highlights appear unexpectedly throughout the scene. Enchanting, mysterious and beautiful, with a subtle sense that something impossible is happening. Continuous sweeping movement, interconnected forms, graceful curves and clear directional pathways carrying the eye through the composition. Pumpkin orange, amber and copper against deep umber. One substance becomes another mid-form: stone into smoke, water into glass, cloth into flame."
535,0535_nightmare_haunting_surge_dead_forest_endless_depth.jpg,halloween,nightmare,haunting,surge,dead_forest,endless_depth,656702286,previews/studio/halloween/0535_nightmare_haunting_surge_dead_forest_endless_depth.jpg,wallpapers/studio/halloween/0535_nightmare_haunting_surge_dead_forest_endless_depth.jpg,63804,ok,"A single striking Halloween artwork made as a mobile phone wallpaper. One extraordinary focal idea, composed as a scene rather than an arrangement of seasonal objects. Vertical 9:16 mobile wallpaper, full-bleed edge to edge composition. The upper region of the frame is open and unadorned — atmosphere, gradient falloff or empty depth, no detail and no focal point there. The principal subject sits in the lower two thirds, weighted below centre and placed off the vertical axis. Clear depth across three planes: near, middle and far. No text, no letterforms, no numerals, no signature, no watermark, no logo, no border and no frame. A surreal dream-world where familiar reality has become beautifully impossible. Landscapes bend, structures grow organically, enormous mysterious creatures appear at impossible scale and ordinary objects transform into unsettling forms. Dream logic replaces physics. Strange and psychologically eerie, and visually beautiful. Quiet, melancholy and deeply atmospheric. Diffused moonlight, pale illumination, long shadows, drifting fog and restrained contrast create the feeling of a place inhabited by memories or unseen presences. Beautiful first, unsettling second. Forceful directional movement, strong diagonals, overlapping forms, dynamic scale changes and pronounced visual momentum. Umber, moss green and rust against smoky black. The scene recedes far past where it should end, plane behind plane into immeasurable distance."
117,0117_spectral_nightmarish_eruption_poison_beautiful_decay.jpg,halloween,spectral,nightmarish,eruption,poison,beautiful_decay,1351599687,previews/studio/halloween/0117_spectral_nightmarish_eruption_poison_beautiful_decay.jpg,wallpapers/studio/halloween/0117_spectral_nightmarish_eruption_poison_beautiful_decay.jpg,64208,ok,"A single striking Halloween artwork made as a mobile phone wallpaper. One extraordinary focal idea, composed as a scene rather than an arrangement of seasonal objects. Vertical 9:16 mobile wallpaper, full-bleed edge to edge composition. The upper region of the frame is open and unadorned — atmosphere, gradient falloff or empty depth, no detail and no focal point there. The principal subject sits in the lower two thirds, weighted below centre and placed off the vertical axis. Clear depth across three planes: near, middle and far. No text, no letterforms, no numerals, no signature, no watermark, no logo, no border and no frame. A world suspended between physical reality and the spirit realm. Translucent apparitions, spectral architecture, luminous mist and enormous ghostly forms emerge from darkness, clouds, water and landscape. Solid objects dissolve into ethereal material and re-form elsewhere. Haunting, beautiful and otherworldly. Unnatural lighting, extreme scale, distorted depth and impossible shadows make the scene feel like a vivid nightmare. Familiar forms become subtly wrong and visual logic begins to break down. Intensely unsettling and surreal, sophisticated and visually spectacular. Explosive outward movement, fragmented forms, dramatic displacement, extreme scale variation and dense controlled complexity radiating through the composition. Acid green, emerald and chartreuse against black. Ruin rendered as splendour: collapse, erosion and overgrowth arranged into something lovelier than the intact thing was."
330,0330_occult_haunting_surge_pumpkin_fire_unnatural_light.jpg,halloween,occult,haunting,surge,pumpkin_fire,unnatural_light,1958217619,previews/studio/halloween/0330_occult_haunting_surge_pumpkin_fire_unnatural_light.jpg,wallpapers/studio/halloween/0330_occult_haunting_surge_pumpkin_fire_unnatural_light.jpg,63258,ok,"A single striking Halloween artwork made as a mobile phone wallpaper. One extraordinary focal idea, composed as a scene rather than an arrangement of seasonal objects. Vertical 9:16 mobile wallpaper, full-bleed edge to edge composition. The upper region of the frame is open and unadorned — atmosphere, gradient falloff or empty depth, no detail and no focal point there. The principal subject sits in the lower two thirds, weighted below centre and placed off the vertical axis. Clear depth across three planes: near, middle and far. No text, no letterforms, no numerals, no signature, no watermark, no logo, no border and no frame. An ancient world shaped by mysterious forbidden rituals: monumental circles, floating relics, candles, arcane geometry, strange altars, suspended objects and luminous symbols embedded into architecture and landscape. Invisible forces distort light, gravity and space. Sophisticated supernatural mystery. Quiet, melancholy and deeply atmospheric. Diffused moonlight, pale illumination, long shadows, drifting fog and restrained contrast create the feeling of a place inhabited by memories or unseen presences. Beautiful first, unsettling second. Forceful directional movement, strong diagonals, overlapping forms, dynamic scale changes and pronounced visual momentum. Pumpkin orange, amber and copper against deep umber. Light behaves impossibly: falling upward, casting the wrong shadow, glowing from within a solid, or illuminating only one thing."
118,0118_spectral_majestic_stillness_poison_hidden_presence.jpg,halloween,spectral,majestic,stillness,poison,hidden_presence,1858551801,previews/studio/halloween/0118_spectral_majestic_stillness_poison_hidden_presence.jpg,wallpapers/studio/halloween/0118_spectral_majestic_stillness_poison_hidden_presence.jpg,63783,ok,"A single striking Halloween artwork made as a mobile phone wallpaper. One extraordinary focal idea, composed as a scene rather than an arrangement of seasonal objects. Vertical 9:16 mobile wallpaper, full-bleed edge to edge composition. The upper region of the frame is open and unadorned — atmosphere, gradient falloff or empty depth, no detail and no focal point there. The principal subject sits in the lower two thirds, weighted below centre and placed off the vertical axis. Clear depth across three planes: near, middle and far. No text, no letterforms, no numerals, no signature, no watermark, no logo, no border and no frame. A world suspended between physical reality and the spirit realm. Translucent apparitions, spectral architecture, luminous mist and enormous ghostly forms emerge from darkness, clouds, water and landscape. Solid objects dissolve into ethereal material and re-form elsewhere. Haunting, beautiful and otherworldly. Grand cinematic illumination, monumental scale, deep dimensional contrast and radiant focal light. Darkness frames moments of extraordinary beauty and power. The scene inspires awe as much as fear, treating Halloween fantasy with the visual grandeur of an epic myth. Centered, balanced composition with generous negative space, minimal directional movement, simple large forms and a strong sense of visual stability. Acid green, emerald and chartreuse against black. Something enormous is barely perceptible within the scene, read only as a shape in the mist, the stone or the shadow."
536,0536_nightmare_haunting_flow_gothic_jewel_endless_depth.jpg,halloween,nightmare,haunting,flow,gothic_jewel,endless_depth,1163654400,previews/studio/halloween/0536_nightmare_haunting_flow_gothic_jewel_endless_depth.jpg,wallpapers/studio/halloween/0536_nightmare_haunting_flow_gothic_jewel_endless_depth.jpg,64685,ok,"A single striking Halloween artwork made as a mobile phone wallpaper. One extraordinary focal idea, composed as a scene rather than an arrangement of seasonal objects. Vertical 9:16 mobile wallpaper, full-bleed edge to edge composition. The upper region of the frame is open and unadorned — atmosphere, gradient falloff or empty depth, no detail and no focal point there. The principal subject sits in the lower two thirds, weighted below centre and placed off the vertical axis. Clear depth across three planes: near, middle and far. No text, no letterforms, no numerals, no signature, no watermark, no logo, no border and no frame. A surreal dream-world where familiar reality has become beautifully impossible. Landscapes bend, structures grow organically, enormous mysterious creatures appear at impossible scale and ordinary objects transform into unsettling forms. Dream logic replaces physics. Strange and psychologically eerie, and visually beautiful. Quiet, melancholy and deeply atmospheric. Diffused moonlight, pale illumination, long shadows, drifting fog and restrained contrast create the feeling of a place inhabited by memories or unseen presences. Beautiful first, unsettling second. Continuous sweeping movement, interconnected forms, graceful curves and clear directional pathways carrying the eye through the composition. Garnet, emerald, sapphire and amethyst with antique gold. The scene recedes far past where it should end, plane behind plane into immeasurable distance."
331,0331_occult_ominous_eruption_pumpkin_fire_ancient_monument.jpg,halloween,occult,ominous,eruption,pumpkin_fire,ancient_monument,317686086,previews/studio/halloween/0331_occult_ominous_eruption_pumpkin_fire_ancient_monument.jpg,wallpapers/studio/halloween/0331_occult_ominous_eruption_pumpkin_fire_ancient_monument.jpg,64808,ok,"A single striking Halloween artwork made as a mobile phone wallpaper. One extraordinary focal idea, composed as a scene rather than an arrangement of seasonal objects. Vertical 9:16 mobile wallpaper, full-bleed edge to edge composition. The upper region of the frame is open and unadorned — atmosphere, gradient falloff or empty depth, no detail and no focal point there. The principal subject sits in the lower two thirds, weighted below centre and placed off the vertical axis. Clear depth across three planes: near, middle and far. No text, no letterforms, no numerals, no signature, no watermark, no logo, no border and no frame. An ancient world shaped by mysterious forbidden rituals: monumental circles, floating relics, candles, arcane geometry, strange altars, suspended objects and luminous symbols embedded into architecture and landscape. Invisible forces distort light, gravity and space. Sophisticated supernatural mystery. Heavy darkness, approaching weather, deep directional shadows and isolated pools of illumination create mounting tension. The composition suggests that something enormous is about to happen without revealing exactly what it is. Explosive outward movement, fragmented forms, dramatic displacement, extreme scale variation and dense controlled complexity radiating through the composition. Pumpkin orange, amber and copper against deep umber. A single colossal made object dominates, older than anything around it and built for a purpose nobody remembers."
119,0119_spectral_bewitched_drift_poison_material_transformation.jpg,halloween,spectral,bewitched,drift,poison,material_transformation,218020268,previews/studio/halloween/0119_spectral_bewitched_drift_poison_material_transformation.jpg,wallpapers/studio/halloween/0119_spectral_bewitched_drift_poison_material_transformation.jpg,64516,ok,"A single striking Halloween artwork made as a mobile phone wallpaper. One extraordinary focal idea, composed as a scene rather than an arrangement of seasonal objects. Vertical 9:16 mobile wallpaper, full-bleed edge to edge composition. The upper region of the frame is open and unadorned — atmosphere, gradient falloff or empty depth, no detail and no focal point there. The principal subject sits in the lower two thirds, weighted below centre and placed off the vertical axis. Clear depth across three planes: near, middle and far. No text, no letterforms, no numerals, no signature, no watermark, no logo, no border and no frame. A world suspended between physical reality and the spirit realm. Translucent apparitions, spectral architecture, luminous mist and enormous ghostly forms emerge from darkness, clouds, water and landscape. Solid objects dissolve into ethereal material and re-form elsewhere. Haunting, beautiful and otherworldly. Seductive supernatural illumination, luminous haze and mysterious coloured light. Shadows remain soft and dimensional while magical highlights appear unexpectedly throughout the scene. Enchanting, mysterious and beautiful, with a subtle sense that something impossible is happening. Gentle directional movement, softly displaced forms, subtle asymmetry and relaxed visual flow across the composition. Acid green, emerald and chartreuse against black. One substance becomes another mid-form: stone into smoke, water into glass, cloth into flame."
537,0537_nightmare_ominous_surge_gothic_jewel_emerging_form.jpg,halloween,nightmare,ominous,surge,gothic_jewel,emerging_form,1670606514,previews/studio/halloween/0537_nightmare_ominous_surge_gothic_jewel_emerging_form.jpg,wallpapers/studio/halloween/0537_nightmare_ominous_surge_gothic_jewel_emerging_form.jpg,64984,ok,"A single striking Halloween artwork made as a mobile phone wallpaper. One extraordinary focal idea, composed as a scene rather than an arrangement of seasonal objects. Vertical 9:16 mobile wallpaper, full-bleed edge to edge composition. The upper region of the frame is open and unadorned — atmosphere, gradient falloff or empty depth, no detail and no focal point there. The principal subject sits in the lower two thirds, weighted below centre and placed off the vertical axis. Clear depth across three planes: near, middle and far. No text, no letterforms, no numerals, no signature, no watermark, no logo, no border and no frame. A surreal dream-world where familiar reality has become beautifully impossible. Landscapes bend, structures grow organically, enormous mysterious creatures appear at impossible scale and ordinary objects transform into unsettling forms. Dream logic replaces physics. Strange and psychologically eerie, and visually beautiful. Heavy darkness, approaching weather, deep directional shadows and isolated pools of illumination create mounting tension. The composition suggests that something enormous is about to happen without revealing exactly what it is. Forceful directional movement, strong diagonals, overlapping forms, dynamic scale changes and pronounced visual momentum. Garnet, emerald, sapphire and amethyst with antique gold. A shape is resolving out of the environment itself, half-formed and still becoming."
332,0332_occult_macabre_stillness_pumpkin_fire_endless_depth.jpg,halloween,occult,macabre,stillness,pumpkin_fire,endless_depth,824638200,previews/studio/halloween/0332_occult_macabre_stillness_pumpkin_fire_endless_depth.jpg,wallpapers/studio/halloween/0332_occult_macabre_stillness_pumpkin_fire_endless_depth.jpg,64252,ok,"A single striking Halloween artwork made as a mobile phone wallpaper. One extraordinary focal idea, composed as a scene rather than an arrangement of seasonal objects. Vertical 9:16 mobile wallpaper, full-bleed edge to edge composition. The upper region of the frame is open and unadorned — atmosphere, gradient falloff or empty depth, no detail and no focal point there. The principal subject sits in the lower two thirds, weighted below centre and placed off the vertical axis. Clear depth across three planes: near, middle and far. No text, no letterforms, no numerals, no signature, no watermark, no logo, no border and no frame. An ancient world shaped by mysterious forbidden rituals: monumental circles, floating relics, candles, arcane geometry, strange altars, suspended objects and luminous symbols embedded into architecture and landscape. Invisible forces distort light, gravity and space. Sophisticated supernatural mystery. Elegant darkness with stronger mortality and decay: aged surfaces, skeletal forms, dead vegetation, ruined grandeur and stark chiaroscuro. Sophisticated gothic beauty, disturbing details used sparingly against richly rendered darkness. Centered, balanced composition with generous negative space, minimal directional movement, simple large forms and a strong sense of visual stability. Pumpkin orange, amber and copper against deep umber. The scene recedes far past where it should end, plane behind plane into immeasurable distance."
538,0538_nightmare_macabre_eruption_gothic_jewel_impossible_weather.jpg,halloween,nightmare,macabre,eruption,gothic_jewel,impossible_weather,30074981,previews/studio/halloween/0538_nightmare_macabre_eruption_gothic_jewel_impossible_weather.jpg,wallpapers/studio/halloween/0538_nightmare_macabre_eruption_gothic_jewel_impossible_weather.jpg,63661,ok,"A single striking Halloween artwork made as a mobile phone wallpaper. One extraordinary focal idea, composed as a scene rather than an arrangement of seasonal objects. Vertical 9:16 mobile wallpaper, full-bleed edge to edge composition. The upper region of the frame is open and unadorned — atmosphere, gradient falloff or empty depth, no detail and no focal point there. The principal subject sits in the lower two thirds, weighted below centre and placed off the vertical axis. Clear depth across three planes: near, middle and far. No text, no letterforms, no numerals, no signature, no watermark, no logo, no border and no frame. A surreal dream-world where familiar reality has become beautifully impossible. Landscapes bend, structures grow organically, enormous mysterious creatures appear at impossible scale and ordinary objects transform into unsettling forms. Dream logic replaces physics. Strange and psychologically eerie, and visually beautiful. Elegant darkness with stronger mortality and decay: aged surfaces, skeletal forms, dead vegetation, ruined grandeur and stark chiaroscuro. Sophisticated gothic beauty, disturbing details used sparingly against richly rendered darkness. Explosive outward movement, fragmented forms, dramatic displacement, extreme scale variation and dense controlled complexity radiating through the composition. Garnet, emerald, sapphire and amethyst with antique gold. The atmosphere does something it could not: falling upward, standing still, burning, or moving as one body."
120,0120_spectral_bewitched_stillness_midnight_material_transformation.jpg,halloween,spectral,bewitched,stillness,midnight,material_transformation,724972382,previews/studio/halloween/0120_spectral_bewitched_stillness_midnight_material_transformation.jpg,wallpapers/studio/halloween/0120_spectral_bewitched_stillness_midnight_material_transformation.jpg,64863,ok,"A single striking Halloween artwork made as a mobile phone wallpaper. One extraordinary focal idea, composed as a scene rather than an arrangement of seasonal objects. Vertical 9:16 mobile wallpaper, full-bleed edge to edge composition. The upper region of the frame is open and unadorned — atmosphere, gradient falloff or empty depth, no detail and no focal point there. The principal subject sits in the lower two thirds, weighted below centre and placed off the vertical axis. Clear depth across three planes: near, middle and far. No text, no letterforms, no numerals, no signature, no watermark, no logo, no border and no frame. A world suspended between physical reality and the spirit realm. Translucent apparitions, spectral architecture, luminous mist and enormous ghostly forms emerge from darkness, clouds, water and landscape. Solid objects dissolve into ethereal material and re-form elsewhere. Haunting, beautiful and otherworldly. Seductive supernatural illumination, luminous haze and mysterious coloured light. Shadows remain soft and dimensional while magical highlights appear unexpectedly throughout the scene. Enchanting, mysterious and beautiful, with a subtle sense that something impossible is happening. Centered, balanced composition with generous negative space, minimal directional movement, simple large forms and a strong sense of visual stability. Midnight blue, indigo and moon silver against near-black. One substance becomes another mid-form: stone into smoke, water into glass, cloth into flame."
333,0333_occult_nightmarish_drift_pumpkin_fire_emerging_form.jpg,halloween,occult,nightmarish,drift,pumpkin_fire,emerging_form,1331590314,previews/studio/halloween/0333_occult_nightmarish_drift_pumpkin_fire_emerging_form.jpg,wallpapers/studio/halloween/0333_occult_nightmarish_drift_pumpkin_fire_emerging_form.jpg,64493,ok,"A single striking Halloween artwork made as a mobile phone wallpaper. One extraordinary focal idea, composed as a scene rather than an arrangement of seasonal objects. Vertical 9:16 mobile wallpaper, full-bleed edge to edge composition. The upper region of the frame is open and unadorned — atmosphere, gradient falloff or empty depth, no detail and no focal point there. The principal subject sits in the lower two thirds, weighted below centre and placed off the vertical axis. Clear depth across three planes: near, middle and far. No text, no letterforms, no numerals, no signature, no watermark, no logo, no border and no frame. An ancient world shaped by mysterious forbidden rituals: monumental circles, floating relics, candles, arcane geometry, strange altars, suspended objects and luminous symbols embedded into architecture and landscape. Invisible forces distort light, gravity and space. Sophisticated supernatural mystery. Unnatural lighting, extreme scale, distorted depth and impossible shadows make the scene feel like a vivid nightmare. Familiar forms become subtly wrong and visual logic begins to break down. Intensely unsettling and surreal, sophisticated and visually spectacular. Gentle directional movement, softly displaced forms, subtle asymmetry and relaxed visual flow across the composition. Pumpkin orange, amber and copper against deep umber. A shape is resolving out of the environment itself, half-formed and still becoming."
539,0539_nightmare_nightmarish_stillness_gothic_jewel_organic_geometry.jpg,halloween,nightmare,nightmarish,stillness,gothic_jewel,organic_geometry,537027095,previews/studio/halloween/0539_nightmare_nightmarish_stillness_gothic_jewel_organic_geometry.jpg,wallpapers/studio/halloween/0539_nightmare_nightmarish_stillness_gothic_jewel_organic_geometry.jpg,64705,ok,"A single striking Halloween artwork made as a mobile phone wallpaper. One extraordinary focal idea, composed as a scene rather than an arrangement of seasonal objects. Vertical 9:16 mobile wallpaper, full-bleed edge to edge composition. The upper region of the frame is open and unadorned — atmosphere, gradient falloff or empty depth, no detail and no focal point there. The principal subject sits in the lower two thirds, weighted below centre and placed off the vertical axis. Clear depth across three planes: near, middle and far. No text, no letterforms, no numerals, no signature, no watermark, no logo, no border and no frame. A surreal dream-world where familiar reality has become beautifully impossible. Landscapes bend, structures grow organically, enormous mysterious creatures appear at impossible scale and ordinary objects transform into unsettling forms. Dream logic replaces physics. Strange and psychologically eerie, and visually beautiful. Unnatural lighting, extreme scale, distorted depth and impossible shadows make the scene feel like a vivid nightmare. Familiar forms become subtly wrong and visual logic begins to break down. Intensely unsettling and surreal, sophisticated and visually spectacular. Centered, balanced composition with generous negative space, minimal directional movement, simple large forms and a strong sense of visual stability. Garnet, emerald, sapphire and amethyst with antique gold. Living forms arranged into exact geometry, or geometry grown the way a plant grows."
121,0121_spectral_haunting_drift_midnight_unnatural_light.jpg,halloween,spectral,haunting,drift,midnight,unnatural_light,1231924496,previews/studio/halloween/0121_spectral_haunting_drift_midnight_unnatural_light.jpg,wallpapers/studio/halloween/0121_spectral_haunting_drift_midnight_unnatural_light.jpg,64837,ok,"A single striking Halloween artwork made as a mobile phone wallpaper. One extraordinary focal idea, composed as a scene rather than an arrangement of seasonal objects. Vertical 9:16 mobile wallpaper, full-bleed edge to edge composition. The upper region of the frame is open and unadorned — atmosphere, gradient falloff or empty depth, no detail and no focal point there. The principal subject sits in the lower two thirds, weighted below centre and placed off the vertical axis. Clear depth across three planes: near, middle and far. No text, no letterforms, no numerals, no signature, no watermark, no logo, no border and no frame. A world suspended between physical reality and the spirit realm. Translucent apparitions, spectral architecture, luminous mist and enormous ghostly forms emerge from darkness, clouds, water and landscape. Solid objects dissolve into ethereal material and re-form elsewhere. Haunting, beautiful and otherworldly. Quiet, melancholy and deeply atmospheric. Diffused moonlight, pale illumination, long shadows, drifting fog and restrained contrast create the feeling of a place inhabited by memories or unseen presences. Beautiful first, unsettling second. Gentle directional movement, softly displaced forms, subtle asymmetry and relaxed visual flow across the composition. Midnight blue, indigo and moon silver against near-black. Light behaves impossibly: falling upward, casting the wrong shadow, glowing from within a solid, or illuminating only one thing."
334,0334_occult_majestic_flow_pumpkin_fire_impossible_weather.jpg,halloween,occult,majestic,flow,pumpkin_fire,impossible_weather,1838542428,previews/studio/halloween/0334_occult_majestic_flow_pumpkin_fire_impossible_weather.jpg,wallpapers/studio/halloween/0334_occult_majestic_flow_pumpkin_fire_impossible_weather.jpg,65125,ok,"A single striking Halloween artwork made as a mobile phone wallpaper. One extraordinary focal idea, composed as a scene rather than an arrangement of seasonal objects. Vertical 9:16 mobile wallpaper, full-bleed edge to edge composition. The upper region of the frame is open and unadorned — atmosphere, gradient falloff or empty depth, no detail and no focal point there. The principal subject sits in the lower two thirds, weighted below centre and placed off the vertical axis. Clear depth across three planes: near, middle and far. No text, no letterforms, no numerals, no signature, no watermark, no logo, no border and no frame. An ancient world shaped by mysterious forbidden rituals: monumental circles, floating relics, candles, arcane geometry, strange altars, suspended objects and luminous symbols embedded into architecture and landscape. Invisible forces distort light, gravity and space. Sophisticated supernatural mystery. Grand cinematic illumination, monumental scale, deep dimensional contrast and radiant focal light. Darkness frames moments of extraordinary beauty and power. The scene inspires awe as much as fear, treating Halloween fantasy with the visual grandeur of an epic myth. Continuous sweeping movement, interconnected forms, graceful curves and clear directional pathways carrying the eye through the composition. Pumpkin orange, amber and copper against deep umber. The atmosphere does something it could not: falling upward, standing still, burning, or moving as one body."
540,0540_nightmare_majestic_drift_gothic_jewel_something_watching.jpg,halloween,nightmare,majestic,drift,gothic_jewel,something_watching,1043979209,previews/studio/halloween/0540_nightmare_majestic_drift_gothic_jewel_something_watching.jpg,wallpapers/studio/halloween/0540_nightmare_majestic_drift_gothic_jewel_something_watching.jpg,64534,ok,"A single striking Halloween artwork made as a mobile phone wallpaper. One extraordinary focal idea, composed as a scene rather than an arrangement of seasonal objects. Vertical 9:16 mobile wallpaper, full-bleed edge to edge composition. The upper region of the frame is open and unadorned — atmosphere, gradient falloff or empty depth, no detail and no focal point there. The principal subject sits in the lower two thirds, weighted below centre and placed off the vertical axis. Clear depth across three planes: near, middle and far. No text, no letterforms, no numerals, no signature, no watermark, no logo, no border and no frame. A surreal dream-world where familiar reality has become beautifully impossible. Landscapes bend, structures grow organically, enormous mysterious creatures appear at impossible scale and ordinary objects transform into unsettling forms. Dream logic replaces physics. Strange and psychologically eerie, and visually beautiful. Grand cinematic illumination, monumental scale, deep dimensional contrast and radiant focal light. Darkness frames moments of extraordinary beauty and power. The scene inspires awe as much as fear, treating Halloween fantasy with the visual grandeur of an epic myth. Gentle directional movement, softly displaced forms, subtle asymmetry and relaxed visual flow across the composition. Garnet, emerald, sapphire and amethyst with antique gold. The composition is arranged around an unseen observer, and the scene knows it is being looked at."
122,0122_spectral_ominous_flow_midnight_ancient_monument.jpg,halloween,spectral,ominous,flow,midnight,ancient_monument,1738876610,previews/studio/halloween/0122_spectral_ominous_flow_midnight_ancient_monument.jpg,wallpapers/studio/halloween/0122_spectral_ominous_flow_midnight_ancient_monument.jpg,64242,ok,"A single striking Halloween artwork made as a mobile phone wallpaper. One extraordinary focal idea, composed as a scene rather than an arrangement of seasonal objects. Vertical 9:16 mobile wallpaper, full-bleed edge to edge composition. The upper region of the frame is open and unadorned — atmosphere, gradient falloff or empty depth, no detail and no focal point there. The principal subject sits in the lower two thirds, weighted below centre and placed off the vertical axis. Clear depth across three planes: near, middle and far. No text, no letterforms, no numerals, no signature, no watermark, no logo, no border and no frame. A world suspended between physical reality and the spirit realm. Translucent apparitions, spectral architecture, luminous mist and enormous ghostly forms emerge from darkness, clouds, water and landscape. Solid objects dissolve into ethereal material and re-form elsewhere. Haunting, beautiful and otherworldly. Heavy darkness, approaching weather, deep directional shadows and isolated pools of illumination create mounting tension. The composition suggests that something enormous is about to happen without revealing exactly what it is. Continuous sweeping movement, interconnected forms, graceful curves and clear directional pathways carrying the eye through the composition. Midnight blue, indigo and moon silver against near-black. A single colossal made object dominates, older than anything around it and built for a purpose nobody remembers."
335,0335_occult_bewitched_surge_pumpkin_fire_organic_geometry.jpg,halloween,occult,bewitched,surge,pumpkin_fire,organic_geometry,198010895,previews/studio/halloween/0335_occult_bewitched_surge_pumpkin_fire_organic_geometry.jpg,wallpapers/studio/halloween/0335_occult_bewitched_surge_pumpkin_fire_organic_geometry.jpg,64444,ok,"A single striking Halloween artwork made as a mobile phone wallpaper. One extraordinary focal idea, composed as a scene rather than an arrangement of seasonal objects. Vertical 9:16 mobile wallpaper, full-bleed edge to edge composition. The upper region of the frame is open and unadorned — atmosphere, gradient falloff or empty depth, no detail and no focal point there. The principal subject sits in the lower two thirds, weighted below centre and placed off the vertical axis. Clear depth across three planes: near, middle and far. No text, no letterforms, no numerals, no signature, no watermark, no logo, no border and no frame. An ancient world shaped by mysterious forbidden rituals: monumental circles, floating relics, candles, arcane geometry, strange altars, suspended objects and luminous symbols embedded into architecture and landscape. Invisible forces distort light, gravity and space. Sophisticated supernatural mystery. Seductive supernatural illumination, luminous haze and mysterious coloured light. Shadows remain soft and dimensional while magical highlights appear unexpectedly throughout the scene. Enchanting, mysterious and beautiful, with a subtle sense that something impossible is happening. Forceful directional movement, strong diagonals, overlapping forms, dynamic scale changes and pronounced visual momentum. Pumpkin orange, amber and copper against deep umber. Living forms arranged into exact geometry, or geometry grown the way a plant grows."
123,0123_spectral_macabre_surge_midnight_endless_depth.jpg,halloween,spectral,macabre,surge,midnight,endless_depth,98345077,previews/studio/halloween/0123_spectral_macabre_surge_midnight_endless_depth.jpg,wallpapers/studio/halloween/0123_spectral_macabre_surge_midnight_endless_depth.jpg,63756,ok,"A single striking Halloween artwork made as a mobile phone wallpaper. One extraordinary focal idea, composed as a scene rather than an arrangement of seasonal objects. Vertical 9:16 mobile wallpaper, full-bleed edge to edge composition. The upper region of the frame is open and unadorned — atmosphere, gradient falloff or empty depth, no detail and no focal point there. The principal subject sits in the lower two thirds, weighted below centre and placed off the vertical axis. Clear depth across three planes: near, middle and far. No text, no letterforms, no numerals, no signature, no watermark, no logo, no border and no frame. A world suspended between physical reality and the spirit realm. Translucent apparitions, spectral architecture, luminous mist and enormous ghostly forms emerge from darkness, clouds, water and landscape. Solid objects dissolve into ethereal material and re-form elsewhere. Haunting, beautiful and otherworldly. Elegant darkness with stronger mortality and decay: aged surfaces, skeletal forms, dead vegetation, ruined grandeur and stark chiaroscuro. Sophisticated gothic beauty, disturbing details used sparingly against richly rendered darkness. Forceful directional movement, strong diagonals, overlapping forms, dynamic scale changes and pronounced visual momentum. Midnight blue, indigo and moon silver against near-black. The scene recedes far past where it should end, plane behind plane into immeasurable distance."
541,0541_nightmare_bewitched_flow_gothic_jewel_impossible_scale.jpg,halloween,nightmare,bewitched,flow,gothic_jewel,impossible_scale,1550931323,previews/studio/halloween/0541_nightmare_bewitched_flow_gothic_jewel_impossible_scale.jpg,wallpapers/studio/halloween/0541_nightmare_bewitched_flow_gothic_jewel_impossible_scale.jpg,64450,ok,"A single striking Halloween artwork made as a mobile phone wallpaper. One extraordinary focal idea, composed as a scene rather than an arrangement of seasonal objects. Vertical 9:16 mobile wallpaper, full-bleed edge to edge composition. The upper region of the frame is open and unadorned — atmosphere, gradient falloff or empty depth, no detail and no focal point there. The principal subject sits in the lower two thirds, weighted below centre and placed off the vertical axis. Clear depth across three planes: near, middle and far. No text, no letterforms, no numerals, no signature, no watermark, no logo, no border and no frame. A surreal dream-world where familiar reality has become beautifully impossible. Landscapes bend, structures grow organically, enormous mysterious creatures appear at impossible scale and ordinary objects transform into unsettling forms. Dream logic replaces physics. Strange and psychologically eerie, and visually beautiful. Seductive supernatural illumination, luminous haze and mysterious coloured light. Shadows remain soft and dimensional while magical highlights appear unexpectedly throughout the scene. Enchanting, mysterious and beautiful, with a subtle sense that something impossible is happening. Continuous sweeping movement, interconnected forms, graceful curves and clear directional pathways carrying the eye through the composition. Garnet, emerald, sapphire and amethyst with antique gold. One element is vastly larger than it could be, dwarfing everything around it."
336,0336_occult_bewitched_flow_witchlight_organic_geometry.jpg,halloween,occult,bewitched,flow,witchlight,organic_geometry,704963009,previews/studio/halloween/0336_occult_bewitched_flow_witchlight_organic_geometry.jpg,wallpapers/studio/halloween/0336_occult_bewitched_flow_witchlight_organic_geometry.jpg,63818,ok,"A single striking Halloween artwork made as a mobile phone wallpaper. One extraordinary focal idea, composed as a scene rather than an arrangement of seasonal objects. Vertical 9:16 mobile wallpaper, full-bleed edge to edge composition. The upper region of the frame is open and unadorned — atmosphere, gradient falloff or empty depth, no detail and no focal point there. The principal subject sits in the lower two thirds, weighted below centre and placed off the vertical axis. Clear depth across three planes: near, middle and far. No text, no letterforms, no numerals, no signature, no watermark, no logo, no border and no frame. An ancient world shaped by mysterious forbidden rituals: monumental circles, floating relics, candles, arcane geometry, strange altars, suspended objects and luminous symbols embedded into architecture and landscape. Invisible forces distort light, gravity and space. Sophisticated supernatural mystery. Seductive supernatural illumination, luminous haze and mysterious coloured light. Shadows remain soft and dimensional while magical highlights appear unexpectedly throughout the scene. Enchanting, mysterious and beautiful, with a subtle sense that something impossible is happening. Continuous sweeping movement, interconnected forms, graceful curves and clear directional pathways carrying the eye through the composition. Violet, ultraviolet and magenta against black. Living forms arranged into exact geometry, or geometry grown the way a plant grows."
542,0542_nightmare_haunting_surge_gothic_jewel_living_architecture.jpg,halloween,nightmare,haunting,surge,gothic_jewel,living_architecture,2057883437,previews/studio/halloween/0542_nightmare_haunting_surge_gothic_jewel_living_architecture.jpg,wallpapers/studio/halloween/0542_nightmare_haunting_surge_gothic_jewel_living_architecture.jpg,63863,ok,"A single striking Halloween artwork made as a mobile phone wallpaper. One extraordinary focal idea, composed as a scene rather than an arrangement of seasonal objects. Vertical 9:16 mobile wallpaper, full-bleed edge to edge composition. The upper region of the frame is open and unadorned — atmosphere, gradient falloff or empty depth, no detail and no focal point there. The principal subject sits in the lower two thirds, weighted below centre and placed off the vertical axis. Clear depth across three planes: near, middle and far. No text, no letterforms, no numerals, no signature, no watermark, no logo, no border and no frame. A surreal dream-world where familiar reality has become beautifully impossible. Landscapes bend, structures grow organically, enormous mysterious creatures appear at impossible scale and ordinary objects transform into unsettling forms. Dream logic replaces physics. Strange and psychologically eerie, and visually beautiful. Quiet, melancholy and deeply atmospheric. Diffused moonlight, pale illumination, long shadows, drifting fog and restrained contrast create the feeling of a place inhabited by memories or unseen presences. Beautiful first, unsettling second. Forceful directional movement, strong diagonals, overlapping forms, dynamic scale changes and pronounced visual momentum. Garnet, emerald, sapphire and amethyst with antique gold. Built structures behave like a creature: breathing, watching, reaching, or forming a silhouette that is almost a body."
124,0124_spectral_nightmarish_eruption_midnight_emerging_form.jpg,halloween,spectral,nightmarish,eruption,midnight,emerging_form,605297191,previews/studio/halloween/0124_spectral_nightmarish_eruption_midnight_emerging_form.jpg,wallpapers/studio/halloween/0124_spectral_nightmarish_eruption_midnight_emerging_form.jpg,64853,ok,"A single striking Halloween artwork made as a mobile phone wallpaper. One extraordinary focal idea, composed as a scene rather than an arrangement of seasonal objects. Vertical 9:16 mobile wallpaper, full-bleed edge to edge composition. The upper region of the frame is open and unadorned — atmosphere, gradient falloff or empty depth, no detail and no focal point there. The principal subject sits in the lower two thirds, weighted below centre and placed off the vertical axis. Clear depth across three planes: near, middle and far. No text, no letterforms, no numerals, no signature, no watermark, no logo, no border and no frame. A world suspended between physical reality and the spirit realm. Translucent apparitions, spectral architecture, luminous mist and enormous ghostly forms emerge from darkness, clouds, water and landscape. Solid objects dissolve into ethereal material and re-form elsewhere. Haunting, beautiful and otherworldly. Unnatural lighting, extreme scale, distorted depth and impossible shadows make the scene feel like a vivid nightmare. Familiar forms become subtly wrong and visual logic begins to break down. Intensely unsettling and surreal, sophisticated and visually spectacular. Explosive outward movement, fragmented forms, dramatic displacement, extreme scale variation and dense controlled complexity radiating through the composition. Midnight blue, indigo and moon silver against near-black. A shape is resolving out of the environment itself, half-formed and still becoming."
337,0337_occult_haunting_surge_witchlight_something_watching.jpg,halloween,occult,haunting,surge,witchlight,something_watching,1211915123,previews/studio/halloween/0337_occult_haunting_surge_witchlight_something_watching.jpg,wallpapers/studio/halloween/0337_occult_haunting_surge_witchlight_something_watching.jpg,64538,ok,"A single striking Halloween artwork made as a mobile phone wallpaper. One extraordinary focal idea, composed as a scene rather than an arrangement of seasonal objects. Vertical 9:16 mobile wallpaper, full-bleed edge to edge composition. The upper region of the frame is open and unadorned — atmosphere, gradient falloff or empty depth, no detail and no focal point there. The principal subject sits in the lower two thirds, weighted below centre and placed off the vertical axis. Clear depth across three planes: near, middle and far. No text, no letterforms, no numerals, no signature, no watermark, no logo, no border and no frame. An ancient world shaped by mysterious forbidden rituals: monumental circles, floating relics, candles, arcane geometry, strange altars, suspended objects and luminous symbols embedded into architecture and landscape. Invisible forces distort light, gravity and space. Sophisticated supernatural mystery. Quiet, melancholy and deeply atmospheric. Diffused moonlight, pale illumination, long shadows, drifting fog and restrained contrast create the feeling of a place inhabited by memories or unseen presences. Beautiful first, unsettling second. Forceful directional movement, strong diagonals, overlapping forms, dynamic scale changes and pronounced visual momentum. Violet, ultraviolet and magenta against black. The composition is arranged around an unseen observer, and the scene knows it is being looked at."
543,0543_nightmare_ominous_eruption_gothic_jewel_beautiful_decay.jpg,halloween,nightmare,ominous,eruption,gothic_jewel,beautiful_decay,417351904,previews/studio/halloween/0543_nightmare_ominous_eruption_gothic_jewel_beautiful_decay.jpg,wallpapers/studio/halloween/0543_nightmare_ominous_eruption_gothic_jewel_beautiful_decay.jpg,64334,ok,"A single striking Halloween artwork made as a mobile phone wallpaper. One extraordinary focal idea, composed as a scene rather than an arrangement of seasonal objects. Vertical 9:16 mobile wallpaper, full-bleed edge to edge composition. The upper region of the frame is open and unadorned — atmosphere, gradient falloff or empty depth, no detail and no focal point there. The principal subject sits in the lower two thirds, weighted below centre and placed off the vertical axis. Clear depth across three planes: near, middle and far. No text, no letterforms, no numerals, no signature, no watermark, no logo, no border and no frame. A surreal dream-world where familiar reality has become beautifully impossible. Landscapes bend, structures grow organically, enormous mysterious creatures appear at impossible scale and ordinary objects transform into unsettling forms. Dream logic replaces physics. Strange and psychologically eerie, and visually beautiful. Heavy darkness, approaching weather, deep directional shadows and isolated pools of illumination create mounting tension. The composition suggests that something enormous is about to happen without revealing exactly what it is. Explosive outward movement, fragmented forms, dramatic displacement, extreme scale variation and dense controlled complexity radiating through the composition. Garnet, emerald, sapphire and amethyst with antique gold. Ruin rendered as splendour: collapse, erosion and overgrowth arranged into something lovelier than the intact thing was."
125,0125_spectral_majestic_stillness_midnight_impossible_weather.jpg,halloween,spectral,majestic,stillness,midnight,impossible_weather,1112249305,previews/studio/halloween/0125_spectral_majestic_stillness_midnight_impossible_weather.jpg,wallpapers/studio/halloween/0125_spectral_majestic_stillness_midnight_impossible_weather.jpg,64819,ok,"A single striking Halloween artwork made as a mobile phone wallpaper. One extraordinary focal idea, composed as a scene rather than an arrangement of seasonal objects. Vertical 9:16 mobile wallpaper, full-bleed edge to edge composition. The upper region of the frame is open and unadorned — atmosphere, gradient falloff or empty depth, no detail and no focal point there. The principal subject sits in the lower two thirds, weighted below centre and placed off the vertical axis. Clear depth across three planes: near, middle and far. No text, no letterforms, no numerals, no signature, no watermark, no logo, no border and no frame. A world suspended between physical reality and the spirit realm. Translucent apparitions, spectral architecture, luminous mist and enormous ghostly forms emerge from darkness, clouds, water and landscape. Solid objects dissolve into ethereal material and re-form elsewhere. Haunting, beautiful and otherworldly. Grand cinematic illumination, monumental scale, deep dimensional contrast and radiant focal light. Darkness frames moments of extraordinary beauty and power. The scene inspires awe as much as fear, treating Halloween fantasy with the visual grandeur of an epic myth. Centered, balanced composition with generous negative space, minimal directional movement, simple large forms and a strong sense of visual stability. Midnight blue, indigo and moon silver against near-black. The atmosphere does something it could not: falling upward, standing still, burning, or moving as one body."
338,0338_occult_ominous_eruption_witchlight_impossible_scale.jpg,halloween,occult,ominous,eruption,witchlight,impossible_scale,1718867237,previews/studio/halloween/0338_occult_ominous_eruption_witchlight_impossible_scale.jpg,wallpapers/studio/halloween/0338_occult_ominous_eruption_witchlight_impossible_scale.jpg,64381,ok,"A single striking Halloween artwork made as a mobile phone wallpaper. One extraordinary focal idea, composed as a scene rather than an arrangement of seasonal objects. Vertical 9:16 mobile wallpaper, full-bleed edge to edge composition. The upper region of the frame is open and unadorned — atmosphere, gradient falloff or empty depth, no detail and no focal point there. The principal subject sits in the lower two thirds, weighted below centre and placed off the vertical axis. Clear depth across three planes: near, middle and far. No text, no letterforms, no numerals, no signature, no watermark, no logo, no border and no frame. An ancient world shaped by mysterious forbidden rituals: monumental circles, floating relics, candles, arcane geometry, strange altars, suspended objects and luminous symbols embedded into architecture and landscape. Invisible forces distort light, gravity and space. Sophisticated supernatural mystery. Heavy darkness, approaching weather, deep directional shadows and isolated pools of illumination create mounting tension. The composition suggests that something enormous is about to happen without revealing exactly what it is. Explosive outward movement, fragmented forms, dramatic displacement, extreme scale variation and dense controlled complexity radiating through the composition. Violet, ultraviolet and magenta against black. One element is vastly larger than it could be, dwarfing everything around it."
126,0126_spectral_bewitched_drift_midnight_organic_geometry.jpg,halloween,spectral,bewitched,drift,midnight,organic_geometry,1619201419,previews/studio/halloween/0126_spectral_bewitched_drift_midnight_organic_geometry.jpg,wallpapers/studio/halloween/0126_spectral_bewitched_drift_midnight_organic_geometry.jpg,63904,ok,"A single striking Halloween artwork made as a mobile phone wallpaper. One extraordinary focal idea, composed as a scene rather than an arrangement of seasonal objects. Vertical 9:16 mobile wallpaper, full-bleed edge to edge composition. The upper region of the frame is open and unadorned — atmosphere, gradient falloff or empty depth, no detail and no focal point there. The principal subject sits in the lower two thirds, weighted below centre and placed off the vertical axis. Clear depth across three planes: near, middle and far. No text, no letterforms, no numerals, no signature, no watermark, no logo, no border and no frame. A world suspended between physical reality and the spirit realm. Translucent apparitions, spectral architecture, luminous mist and enormous ghostly forms emerge from darkness, clouds, water and landscape. Solid objects dissolve into ethereal material and re-form elsewhere. Haunting, beautiful and otherworldly. Seductive supernatural illumination, luminous haze and mysterious coloured light. Shadows remain soft and dimensional while magical highlights appear unexpectedly throughout the scene. Enchanting, mysterious and beautiful, with a subtle sense that something impossible is happening. Gentle directional movement, softly displaced forms, subtle asymmetry and relaxed visual flow across the composition. Midnight blue, indigo and moon silver against near-black. Living forms arranged into exact geometry, or geometry grown the way a plant grows."
544,0544_nightmare_ominous_surge_eclipse_beautiful_decay.jpg,halloween,nightmare,ominous,surge,eclipse,beautiful_decay,924304018,previews/studio/halloween/0544_nightmare_ominous_surge_eclipse_beautiful_decay.jpg,wallpapers/studio/halloween/0544_nightmare_ominous_surge_eclipse_beautiful_decay.jpg,64931,ok,"A single striking Halloween artwork made as a mobile phone wallpaper. One extraordinary focal idea, composed as a scene rather than an arrangement of seasonal objects. Vertical 9:16 mobile wallpaper, full-bleed edge to edge composition. The upper region of the frame is open and unadorned — atmosphere, gradient falloff or empty depth, no detail and no focal point there. The principal subject sits in the lower two thirds, weighted below centre and placed off the vertical axis. Clear depth across three planes: near, middle and far. No text, no letterforms, no numerals, no signature, no watermark, no logo, no border and no frame. A surreal dream-world where familiar reality has become beautifully impossible. Landscapes bend, structures grow organically, enormous mysterious creatures appear at impossible scale and ordinary objects transform into unsettling forms. Dream logic replaces physics. Strange and psychologically eerie, and visually beautiful. Heavy darkness, approaching weather, deep directional shadows and isolated pools of illumination create mounting tension. The composition suggests that something enormous is about to happen without revealing exactly what it is. Forceful directional movement, strong diagonals, overlapping forms, dynamic scale changes and pronounced visual momentum. Charcoal and black with burning gold and solar orange. Ruin rendered as splendour: collapse, erosion and overgrowth arranged into something lovelier than the intact thing was."
339,0339_occult_macabre_stillness_witchlight_living_architecture.jpg,halloween,occult,macabre,stillness,witchlight,living_architecture,78335704,previews/studio/halloween/0339_occult_macabre_stillness_witchlight_living_architecture.jpg,wallpapers/studio/halloween/0339_occult_macabre_stillness_witchlight_living_architecture.jpg,63565,ok,"A single striking Halloween artwork made as a mobile phone wallpaper. One extraordinary focal idea, composed as a scene rather than an arrangement of seasonal objects. Vertical 9:16 mobile wallpaper, full-bleed edge to edge composition. The upper region of the frame is open and unadorned — atmosphere, gradient falloff or empty depth, no detail and no focal point there. The principal subject sits in the lower two thirds, weighted below centre and placed off the vertical axis. Clear depth across three planes: near, middle and far. No text, no letterforms, no numerals, no signature, no watermark, no logo, no border and no frame. An ancient world shaped by mysterious forbidden rituals: monumental circles, floating relics, candles, arcane geometry, strange altars, suspended objects and luminous symbols embedded into architecture and landscape. Invisible forces distort light, gravity and space. Sophisticated supernatural mystery. Elegant darkness with stronger mortality and decay: aged surfaces, skeletal forms, dead vegetation, ruined grandeur and stark chiaroscuro. Sophisticated gothic beauty, disturbing details used sparingly against richly rendered darkness. Centered, balanced composition with generous negative space, minimal directional movement, simple large forms and a strong sense of visual stability. Violet, ultraviolet and magenta against black. Built structures behave like a creature: breathing, watching, reaching, or forming a silhouette that is almost a body."
545,0545_nightmare_macabre_eruption_eclipse_hidden_presence.jpg,halloween,nightmare,macabre,eruption,eclipse,hidden_presence,1431256132,previews/studio/halloween/0545_nightmare_macabre_eruption_eclipse_hidden_presence.jpg,wallpapers/studio/halloween/0545_nightmare_macabre_eruption_eclipse_hidden_presence.jpg,64151,ok,"A single striking Halloween artwork made as a mobile phone wallpaper. One extraordinary focal idea, composed as a scene rather than an arrangement of seasonal objects. Vertical 9:16 mobile wallpaper, full-bleed edge to edge composition. The upper region of the frame is open and unadorned — atmosphere, gradient falloff or empty depth, no detail and no focal point there. The principal subject sits in the lower two thirds, weighted below centre and placed off the vertical axis. Clear depth across three planes: near, middle and far. No text, no letterforms, no numerals, no signature, no watermark, no logo, no border and no frame. A surreal dream-world where familiar reality has become beautifully impossible. Landscapes bend, structures grow organically, enormous mysterious creatures appear at impossible scale and ordinary objects transform into unsettling forms. Dream logic replaces physics. Strange and psychologically eerie, and visually beautiful. Elegant darkness with stronger mortality and decay: aged surfaces, skeletal forms, dead vegetation, ruined grandeur and stark chiaroscuro. Sophisticated gothic beauty, disturbing details used sparingly against richly rendered darkness. Explosive outward movement, fragmented forms, dramatic displacement, extreme scale variation and dense controlled complexity radiating through the composition. Charcoal and black with burning gold and solar orange. Something enormous is barely perceptible within the scene, read only as a shape in the mist, the stone or the shadow."
127,0127_spectral_haunting_flow_midnight_something_watching.jpg,halloween,spectral,haunting,flow,midnight,something_watching,2126153533,previews/studio/halloween/0127_spectral_haunting_flow_midnight_something_watching.jpg,wallpapers/studio/halloween/0127_spectral_haunting_flow_midnight_something_watching.jpg,64297,ok,"A single striking Halloween artwork made as a mobile phone wallpaper. One extraordinary focal idea, composed as a scene rather than an arrangement of seasonal objects. Vertical 9:16 mobile wallpaper, full-bleed edge to edge composition. The upper region of the frame is open and unadorned — atmosphere, gradient falloff or empty depth, no detail and no focal point there. The principal subject sits in the lower two thirds, weighted below centre and placed off the vertical axis. Clear depth across three planes: near, middle and far. No text, no letterforms, no numerals, no signature, no watermark, no logo, no border and no frame. A world suspended between physical reality and the spirit realm. Translucent apparitions, spectral architecture, luminous mist and enormous ghostly forms emerge from darkness, clouds, water and landscape. Solid objects dissolve into ethereal material and re-form elsewhere. Haunting, beautiful and otherworldly. Quiet, melancholy and deeply atmospheric. Diffused moonlight, pale illumination, long shadows, drifting fog and restrained contrast create the feeling of a place inhabited by memories or unseen presences. Beautiful first, unsettling second. Continuous sweeping movement, interconnected forms, graceful curves and clear directional pathways carrying the eye through the composition. Midnight blue, indigo and moon silver against near-black. The composition is arranged around an unseen observer, and the scene knows it is being looked at."
340,0340_occult_nightmarish_drift_witchlight_beautiful_decay.jpg,halloween,occult,nightmarish,drift,witchlight,beautiful_decay,585287818,previews/studio/halloween/0340_occult_nightmarish_drift_witchlight_beautiful_decay.jpg,wallpapers/studio/halloween/0340_occult_nightmarish_drift_witchlight_beautiful_decay.jpg,63357,ok,"A single striking Halloween artwork made as a mobile phone wallpaper. One extraordinary focal idea, composed as a scene rather than an arrangement of seasonal objects. Vertical 9:16 mobile wallpaper, full-bleed edge to edge composition. The upper region of the frame is open and unadorned — atmosphere, gradient falloff or empty depth, no detail and no focal point there. The principal subject sits in the lower two thirds, weighted below centre and placed off the vertical axis. Clear depth across three planes: near, middle and far. No text, no letterforms, no numerals, no signature, no watermark, no logo, no border and no frame. An ancient world shaped by mysterious forbidden rituals: monumental circles, floating relics, candles, arcane geometry, strange altars, suspended objects and luminous symbols embedded into architecture and landscape. Invisible forces distort light, gravity and space. Sophisticated supernatural mystery. Unnatural lighting, extreme scale, distorted depth and impossible shadows make the scene feel like a vivid nightmare. Familiar forms become subtly wrong and visual logic begins to break down. Intensely unsettling and surreal, sophisticated and visually spectacular. Gentle directional movement, softly displaced forms, subtle asymmetry and relaxed visual flow across the composition. Violet, ultraviolet and magenta against black. Ruin rendered as splendour: collapse, erosion and overgrowth arranged into something lovelier than the intact thing was."
128,0128_spectral_haunting_drift_dead_forest_something_watching.jpg,halloween,spectral,haunting,drift,dead_forest,something_watching,485622000,previews/studio/halloween/0128_spectral_haunting_drift_dead_forest_something_watching.jpg,wallpapers/studio/halloween/0128_spectral_haunting_drift_dead_forest_something_watching.jpg,64184,ok,"A single striking Halloween artwork made as a mobile phone wallpaper. One extraordinary focal idea, composed as a scene rather than an arrangement of seasonal objects. Vertical 9:16 mobile wallpaper, full-bleed edge to edge composition. The upper region of the frame is open and unadorned — atmosphere, gradient falloff or empty depth, no detail and no focal point there. The principal subject sits in the lower two thirds, weighted below centre and placed off the vertical axis. Clear depth across three planes: near, middle and far. No text, no letterforms, no numerals, no signature, no watermark, no logo, no border and no frame. A world suspended between physical reality and the spirit realm. Translucent apparitions, spectral architecture, luminous mist and enormous ghostly forms emerge from darkness, clouds, water and landscape. Solid objects dissolve into ethereal material and re-form elsewhere. Haunting, beautiful and otherworldly. Quiet, melancholy and deeply atmospheric. Diffused moonlight, pale illumination, long shadows, drifting fog and restrained contrast create the feeling of a place inhabited by memories or unseen presences. Beautiful first, unsettling second. Gentle directional movement, softly displaced forms, subtle asymmetry and relaxed visual flow across the composition. Umber, moss green and rust against smoky black. The composition is arranged around an unseen observer, and the scene knows it is being looked at."
546,0546_nightmare_nightmarish_stillness_eclipse_material_transformation.jpg,halloween,nightmare,nightmarish,stillness,eclipse,material_transformation,1938208246,previews/studio/halloween/0546_nightmare_nightmarish_stillness_eclipse_material_transformation.jpg,wallpapers/studio/halloween/0546_nightmare_nightmarish_stillness_eclipse_material_transformation.jpg,65508,ok,"A single striking Halloween artwork made as a mobile phone wallpaper. One extraordinary focal idea, composed as a scene rather than an arrangement of seasonal objects. Vertical 9:16 mobile wallpaper, full-bleed edge to edge composition. The upper region of the frame is open and unadorned — atmosphere, gradient falloff or empty depth, no detail and no focal point there. The principal subject sits in the lower two thirds, weighted below centre and placed off the vertical axis. Clear depth across three planes: near, middle and far. No text, no letterforms, no numerals, no signature, no watermark, no logo, no border and no frame. A surreal dream-world where familiar reality has become beautifully impossible. Landscapes bend, structures grow organically, enormous mysterious creatures appear at impossible scale and ordinary objects transform into unsettling forms. Dream logic replaces physics. Strange and psychologically eerie, and visually beautiful. Unnatural lighting, extreme scale, distorted depth and impossible shadows make the scene feel like a vivid nightmare. Familiar forms become subtly wrong and visual logic begins to break down. Intensely unsettling and surreal, sophisticated and visually spectacular. Centered, balanced composition with generous negative space, minimal directional movement, simple large forms and a strong sense of visual stability. Charcoal and black with burning gold and solar orange. One substance becomes another mid-form: stone into smoke, water into glass, cloth into flame."
341,0341_occult_majestic_flow_witchlight_hidden_presence.jpg,halloween,occult,majestic,flow,witchlight,hidden_presence,1092239932,previews/studio/halloween/0341_occult_majestic_flow_witchlight_hidden_presence.jpg,wallpapers/studio/halloween/0341_occult_majestic_flow_witchlight_hidden_presence.jpg,64722,ok,"A single striking Halloween artwork made as a mobile phone wallpaper. One extraordinary focal idea, composed as a scene rather than an arrangement of seasonal objects. Vertical 9:16 mobile wallpaper, full-bleed edge to edge composition. The upper region of the frame is open and unadorned — atmosphere, gradient falloff or empty depth, no detail and no focal point there. The principal subject sits in the lower two thirds, weighted below centre and placed off the vertical axis. Clear depth across three planes: near, middle and far. No text, no letterforms, no numerals, no signature, no watermark, no logo, no border and no frame. An ancient world shaped by mysterious forbidden rituals: monumental circles, floating relics, candles, arcane geometry, strange altars, suspended objects and luminous symbols embedded into architecture and landscape. Invisible forces distort light, gravity and space. Sophisticated supernatural mystery. Grand cinematic illumination, monumental scale, deep dimensional contrast and radiant focal light. Darkness frames moments of extraordinary beauty and power. The scene inspires awe as much as fear, treating Halloween fantasy with the visual grandeur of an epic myth. Continuous sweeping movement, interconnected forms, graceful curves and clear directional pathways carrying the eye through the composition. Violet, ultraviolet and magenta against black. Something enormous is barely perceptible within the scene, read only as a shape in the mist, the stone or the shadow."
129,0129_spectral_ominous_flow_dead_forest_impossible_scale.jpg,halloween,spectral,ominous,flow,dead_forest,impossible_scale,992574114,previews/studio/halloween/0129_spectral_ominous_flow_dead_forest_impossible_scale.jpg,wallpapers/studio/halloween/0129_spectral_ominous_flow_dead_forest_impossible_scale.jpg,65066,ok,"A single striking Halloween artwork made as a mobile phone wallpaper. One extraordinary focal idea, composed as a scene rather than an arrangement of seasonal objects. Vertical 9:16 mobile wallpaper, full-bleed edge to edge composition. The upper region of the frame is open and unadorned — atmosphere, gradient falloff or empty depth, no detail and no focal point there. The principal subject sits in the lower two thirds, weighted below centre and placed off the vertical axis. Clear depth across three planes: near, middle and far. No text, no letterforms, no numerals, no signature, no watermark, no logo, no border and no frame. A world suspended between physical reality and the spirit realm. Translucent apparitions, spectral architecture, luminous mist and enormous ghostly forms emerge from darkness, clouds, water and landscape. Solid objects dissolve into ethereal material and re-form elsewhere. Haunting, beautiful and otherworldly. Heavy darkness, approaching weather, deep directional shadows and isolated pools of illumination create mounting tension. The composition suggests that something enormous is about to happen without revealing exactly what it is. Continuous sweeping movement, interconnected forms, graceful curves and clear directional pathways carrying the eye through the composition. Umber, moss green and rust against smoky black. One element is vastly larger than it could be, dwarfing everything around it."
547,0547_nightmare_majestic_drift_eclipse_unnatural_light.jpg,halloween,nightmare,majestic,drift,eclipse,unnatural_light,297676713,previews/studio/halloween/0547_nightmare_majestic_drift_eclipse_unnatural_light.jpg,wallpapers/studio/halloween/0547_nightmare_majestic_drift_eclipse_unnatural_light.jpg,64203,ok,"A single striking Halloween artwork made as a mobile phone wallpaper. One extraordinary focal idea, composed as a scene rather than an arrangement of seasonal objects. Vertical 9:16 mobile wallpaper, full-bleed edge to edge composition. The upper region of the frame is open and unadorned — atmosphere, gradient falloff or empty depth, no detail and no focal point there. The principal subject sits in the lower two thirds, weighted below centre and placed off the vertical axis. Clear depth across three planes: near, middle and far. No text, no letterforms, no numerals, no signature, no watermark, no logo, no border and no frame. A surreal dream-world where familiar reality has become beautifully impossible. Landscapes bend, structures grow organically, enormous mysterious creatures appear at impossible scale and ordinary objects transform into unsettling forms. Dream logic replaces physics. Strange and psychologically eerie, and visually beautiful. Grand cinematic illumination, monumental scale, deep dimensional contrast and radiant focal light. Darkness frames moments of extraordinary beauty and power. The scene inspires awe as much as fear, treating Halloween fantasy with the visual grandeur of an epic myth. Gentle directional movement, softly displaced forms, subtle asymmetry and relaxed visual flow across the composition. Charcoal and black with burning gold and solar orange. Light behaves impossibly: falling upward, casting the wrong shadow, glowing from within a solid, or illuminating only one thing."
342,0342_occult_bewitched_surge_witchlight_material_transformation.jpg,halloween,occult,bewitched,surge,witchlight,material_transformation,1599192046,previews/studio/halloween/0342_occult_bewitched_surge_witchlight_material_transformation.jpg,wallpapers/studio/halloween/0342_occult_bewitched_surge_witchlight_material_transformation.jpg,63450,ok,"A single striking Halloween artwork made as a mobile phone wallpaper. One extraordinary focal idea, composed as a scene rather than an arrangement of seasonal objects. Vertical 9:16 mobile wallpaper, full-bleed edge to edge composition. The upper region of the frame is open and unadorned — atmosphere, gradient falloff or empty depth, no detail and no focal point there. The principal subject sits in the lower two thirds, weighted below centre and placed off the vertical axis. Clear depth across three planes: near, middle and far. No text, no letterforms, no numerals, no signature, no watermark, no logo, no border and no frame. An ancient world shaped by mysterious forbidden rituals: monumental circles, floating relics, candles, arcane geometry, strange altars, suspended objects and luminous symbols embedded into architecture and landscape. Invisible forces distort light, gravity and space. Sophisticated supernatural mystery. Seductive supernatural illumination, luminous haze and mysterious coloured light. Shadows remain soft and dimensional while magical highlights appear unexpectedly throughout the scene. Enchanting, mysterious and beautiful, with a subtle sense that something impossible is happening. Forceful directional movement, strong diagonals, overlapping forms, dynamic scale changes and pronounced visual momentum. Violet, ultraviolet and magenta against black. One substance becomes another mid-form: stone into smoke, water into glass, cloth into flame."
130,0130_spectral_macabre_surge_dead_forest_living_architecture.jpg,halloween,spectral,macabre,surge,dead_forest,living_architecture,1499526228,previews/studio/halloween/0130_spectral_macabre_surge_dead_forest_living_architecture.jpg,wallpapers/studio/halloween/0130_spectral_macabre_surge_dead_forest_living_architecture.jpg,64374,ok,"A single striking Halloween artwork made as a mobile phone wallpaper. One extraordinary focal idea, composed as a scene rather than an arrangement of seasonal objects. Vertical 9:16 mobile wallpaper, full-bleed edge to edge composition. The upper region of the frame is open and unadorned — atmosphere, gradient falloff or empty depth, no detail and no focal point there. The principal subject sits in the lower two thirds, weighted below centre and placed off the vertical axis. Clear depth across three planes: near, middle and far. No text, no letterforms, no numerals, no signature, no watermark, no logo, no border and no frame. A world suspended between physical reality and the spirit realm. Translucent apparitions, spectral architecture, luminous mist and enormous ghostly forms emerge from darkness, clouds, water and landscape. Solid objects dissolve into ethereal material and re-form elsewhere. Haunting, beautiful and otherworldly. Elegant darkness with stronger mortality and decay: aged surfaces, skeletal forms, dead vegetation, ruined grandeur and stark chiaroscuro. Sophisticated gothic beauty, disturbing details used sparingly against richly rendered darkness. Forceful directional movement, strong diagonals, overlapping forms, dynamic scale changes and pronounced visual momentum. Umber, moss green and rust against smoky black. Built structures behave like a creature: breathing, watching, reaching, or forming a silhouette that is almost a body."
548,0548_nightmare_bewitched_flow_eclipse_ancient_monument.jpg,halloween,nightmare,bewitched,flow,eclipse,ancient_monument,804628827,previews/studio/halloween/0548_nightmare_bewitched_flow_eclipse_ancient_monument.jpg,wallpapers/studio/halloween/0548_nightmare_bewitched_flow_eclipse_ancient_monument.jpg,64266,ok,"A single striking Halloween artwork made as a mobile phone wallpaper. One extraordinary focal idea, composed as a scene rather than an arrangement of seasonal objects. Vertical 9:16 mobile wallpaper, full-bleed edge to edge composition. The upper region of the frame is open and unadorned — atmosphere, gradient falloff or empty depth, no detail and no focal point there. The principal subject sits in the lower two thirds, weighted below centre and placed off the vertical axis. Clear depth across three planes: near, middle and far. No text, no letterforms, no numerals, no signature, no watermark, no logo, no border and no frame. A surreal dream-world where familiar reality has become beautifully impossible. Landscapes bend, structures grow organically, enormous mysterious creatures appear at impossible scale and ordinary objects transform into unsettling forms. Dream logic replaces physics. Strange and psychologically eerie, and visually beautiful. Seductive supernatural illumination, luminous haze and mysterious coloured light. Shadows remain soft and dimensional while magical highlights appear unexpectedly throughout the scene. Enchanting, mysterious and beautiful, with a subtle sense that something impossible is happening. Continuous sweeping movement, interconnected forms, graceful curves and clear directional pathways carrying the eye through the composition. Charcoal and black with burning gold and solar orange. A single colossal made object dominates, older than anything around it and built for a purpose nobody remembers."
343,0343_occult_haunting_eruption_witchlight_unnatural_light.jpg,halloween,occult,haunting,eruption,witchlight,unnatural_light,2106144160,previews/studio/halloween/0343_occult_haunting_eruption_witchlight_unnatural_light.jpg,wallpapers/studio/halloween/0343_occult_haunting_eruption_witchlight_unnatural_light.jpg,64173,ok,"A single striking Halloween artwork made as a mobile phone wallpaper. One extraordinary focal idea, composed as a scene rather than an arrangement of seasonal objects. Vertical 9:16 mobile wallpaper, full-bleed edge to edge composition. The upper region of the frame is open and unadorned — atmosphere, gradient falloff or empty depth, no detail and no focal point there. The principal subject sits in the lower two thirds, weighted below centre and placed off the vertical axis. Clear depth across three planes: near, middle and far. No text, no letterforms, no numerals, no signature, no watermark, no logo, no border and no frame. An ancient world shaped by mysterious forbidden rituals: monumental circles, floating relics, candles, arcane geometry, strange altars, suspended objects and luminous symbols embedded into architecture and landscape. Invisible forces distort light, gravity and space. Sophisticated supernatural mystery. Quiet, melancholy and deeply atmospheric. Diffused moonlight, pale illumination, long shadows, drifting fog and restrained contrast create the feeling of a place inhabited by memories or unseen presences. Beautiful first, unsettling second. Explosive outward movement, fragmented forms, dramatic displacement, extreme scale variation and dense controlled complexity radiating through the composition. Violet, ultraviolet and magenta against black. Light behaves impossibly: falling upward, casting the wrong shadow, glowing from within a solid, or illuminating only one thing."
131,0131_spectral_nightmarish_eruption_dead_forest_beautiful_decay.jpg,halloween,spectral,nightmarish,eruption,dead_forest,beautiful_decay,2006478342,previews/studio/halloween/0131_spectral_nightmarish_eruption_dead_forest_beautiful_decay.jpg,wallpapers/studio/halloween/0131_spectral_nightmarish_eruption_dead_forest_beautiful_decay.jpg,64572,ok,"A single striking Halloween artwork made as a mobile phone wallpaper. One extraordinary focal idea, composed as a scene rather than an arrangement of seasonal objects. Vertical 9:16 mobile wallpaper, full-bleed edge to edge composition. The upper region of the frame is open and unadorned — atmosphere, gradient falloff or empty depth, no detail and no focal point there. The principal subject sits in the lower two thirds, weighted below centre and placed off the vertical axis. Clear depth across three planes: near, middle and far. No text, no letterforms, no numerals, no signature, no watermark, no logo, no border and no frame. A world suspended between physical reality and the spirit realm. Translucent apparitions, spectral architecture, luminous mist and enormous ghostly forms emerge from darkness, clouds, water and landscape. Solid objects dissolve into ethereal material and re-form elsewhere. Haunting, beautiful and otherworldly. Unnatural lighting, extreme scale, distorted depth and impossible shadows make the scene feel like a vivid nightmare. Familiar forms become subtly wrong and visual logic begins to break down. Intensely unsettling and surreal, sophisticated and visually spectacular. Explosive outward movement, fragmented forms, dramatic displacement, extreme scale variation and dense controlled complexity radiating through the composition. Umber, moss green and rust against smoky black. Ruin rendered as splendour: collapse, erosion and overgrowth arranged into something lovelier than the intact thing was."
549,0549_nightmare_haunting_surge_eclipse_endless_depth.jpg,halloween,nightmare,haunting,surge,eclipse,endless_depth,1311580941,previews/studio/halloween/0549_nightmare_haunting_surge_eclipse_endless_depth.jpg,wallpapers/studio/halloween/0549_nightmare_haunting_surge_eclipse_endless_depth.jpg,64395,ok,"A single striking Halloween artwork made as a mobile phone wallpaper. One extraordinary focal idea, composed as a scene rather than an arrangement of seasonal objects. Vertical 9:16 mobile wallpaper, full-bleed edge to edge composition. The upper region of the frame is open and unadorned — atmosphere, gradient falloff or empty depth, no detail and no focal point there. The principal subject sits in the lower two thirds, weighted below centre and placed off the vertical axis. Clear depth across three planes: near, middle and far. No text, no letterforms, no numerals, no signature, no watermark, no logo, no border and no frame. A surreal dream-world where familiar reality has become beautifully impossible. Landscapes bend, structures grow organically, enormous mysterious creatures appear at impossible scale and ordinary objects transform into unsettling forms. Dream logic replaces physics. Strange and psychologically eerie, and visually beautiful. Quiet, melancholy and deeply atmospheric. Diffused moonlight, pale illumination, long shadows, drifting fog and restrained contrast create the feeling of a place inhabited by memories or unseen presences. Beautiful first, unsettling second. Forceful directional movement, strong diagonals, overlapping forms, dynamic scale changes and pronounced visual momentum. Charcoal and black with burning gold and solar orange. The scene recedes far past where it should end, plane behind plane into immeasurable distance."
344,0344_occult_haunting_surge_ghostlight_unnatural_light.jpg,halloween,occult,haunting,surge,ghostlight,unnatural_light,465612627,previews/studio/halloween/0344_occult_haunting_surge_ghostlight_unnatural_light.jpg,wallpapers/studio/halloween/0344_occult_haunting_surge_ghostlight_unnatural_light.jpg,63470,ok,"A single striking Halloween artwork made as a mobile phone wallpaper. One extraordinary focal idea, composed as a scene rather than an arrangement of seasonal objects. Vertical 9:16 mobile wallpaper, full-bleed edge to edge composition. The upper region of the frame is open and unadorned — atmosphere, gradient falloff or empty depth, no detail and no focal point there. The principal subject sits in the lower two thirds, weighted below centre and placed off the vertical axis. Clear depth across three planes: near, middle and far. No text, no letterforms, no numerals, no signature, no watermark, no logo, no border and no frame. An ancient world shaped by mysterious forbidden rituals: monumental circles, floating relics, candles, arcane geometry, strange altars, suspended objects and luminous symbols embedded into architecture and landscape. Invisible forces distort light, gravity and space. Sophisticated supernatural mystery. Quiet, melancholy and deeply atmospheric. Diffused moonlight, pale illumination, long shadows, drifting fog and restrained contrast create the feeling of a place inhabited by memories or unseen presences. Beautiful first, unsettling second. Forceful directional movement, strong diagonals, overlapping forms, dynamic scale changes and pronounced visual momentum. Spectral cyan, pale aqua and icy white against midnight blue. Light behaves impossibly: falling upward, casting the wrong shadow, glowing from within a solid, or illuminating only one thing."
345,0345_occult_ominous_eruption_ghostlight_ancient_monument.jpg,halloween,occult,ominous,eruption,ghostlight,ancient_monument,972564741,previews/studio/halloween/0345_occult_ominous_eruption_ghostlight_ancient_monument.jpg,wallpapers/studio/halloween/0345_occult_ominous_eruption_ghostlight_ancient_monument.jpg,63902,ok,"A single striking Halloween artwork made as a mobile phone wallpaper. One extraordinary focal idea, composed as a scene rather than an arrangement of seasonal objects. Vertical 9:16 mobile wallpaper, full-bleed edge to edge composition. The upper region of the frame is open and unadorned — atmosphere, gradient falloff or empty depth, no detail and no focal point there. The principal subject sits in the lower two thirds, weighted below centre and placed off the vertical axis. Clear depth across three planes: near, middle and far. No text, no letterforms, no numerals, no signature, no watermark, no logo, no border and no frame. An ancient world shaped by mysterious forbidden rituals: monumental circles, floating relics, candles, arcane geometry, strange altars, suspended objects and luminous symbols embedded into architecture and landscape. Invisible forces distort light, gravity and space. Sophisticated supernatural mystery. Heavy darkness, approaching weather, deep directional shadows and isolated pools of illumination create mounting tension. The composition suggests that something enormous is about to happen without revealing exactly what it is. Explosive outward movement, fragmented forms, dramatic displacement, extreme scale variation and dense controlled complexity radiating through the composition. Spectral cyan, pale aqua and icy white against midnight blue. A single colossal made object dominates, older than anything around it and built for a purpose nobody remembers."
132,0132_spectral_majestic_stillness_dead_forest_hidden_presence.jpg,halloween,spectral,majestic,stillness,dead_forest,hidden_presence,365946809,previews/studio/halloween/0132_spectral_majestic_stillness_dead_forest_hidden_presence.jpg,wallpapers/studio/halloween/0132_spectral_majestic_stillness_dead_forest_hidden_presence.jpg,64582,ok,"A single striking Halloween artwork made as a mobile phone wallpaper. One extraordinary focal idea, composed as a scene rather than an arrangement of seasonal objects. Vertical 9:16 mobile wallpaper, full-bleed edge to edge composition. The upper region of the frame is open and unadorned — atmosphere, gradient falloff or empty depth, no detail and no focal point there. The principal subject sits in the lower two thirds, weighted below centre and placed off the vertical axis. Clear depth across three planes: near, middle and far. No text, no letterforms, no numerals, no signature, no watermark, no logo, no border and no frame. A world suspended between physical reality and the spirit realm. Translucent apparitions, spectral architecture, luminous mist and enormous ghostly forms emerge from darkness, clouds, water and landscape. Solid objects dissolve into ethereal material and re-form elsewhere. Haunting, beautiful and otherworldly. Grand cinematic illumination, monumental scale, deep dimensional contrast and radiant focal light. Darkness frames moments of extraordinary beauty and power. The scene inspires awe as much as fear, treating Halloween fantasy with the visual grandeur of an epic myth. Centered, balanced composition with generous negative space, minimal directional movement, simple large forms and a strong sense of visual stability. Umber, moss green and rust against smoky black. Something enormous is barely perceptible within the scene, read only as a shape in the mist, the stone or the shadow."
550,0550_nightmare_ominous_eruption_eclipse_emerging_form.jpg,halloween,nightmare,ominous,eruption,eclipse,emerging_form,1818533055,previews/studio/halloween/0550_nightmare_ominous_eruption_eclipse_emerging_form.jpg,wallpapers/studio/halloween/0550_nightmare_ominous_eruption_eclipse_emerging_form.jpg,64717,ok,"A single striking Halloween artwork made as a mobile phone wallpaper. One extraordinary focal idea, composed as a scene rather than an arrangement of seasonal objects. Vertical 9:16 mobile wallpaper, full-bleed edge to edge composition. The upper region of the frame is open and unadorned — atmosphere, gradient falloff or empty depth, no detail and no focal point there. The principal subject sits in the lower two thirds, weighted below centre and placed off the vertical axis. Clear depth across three planes: near, middle and far. No text, no letterforms, no numerals, no signature, no watermark, no logo, no border and no frame. A surreal dream-world where familiar reality has become beautifully impossible. Landscapes bend, structures grow organically, enormous mysterious creatures appear at impossible scale and ordinary objects transform into unsettling forms. Dream logic replaces physics. Strange and psychologically eerie, and visually beautiful. Heavy darkness, approaching weather, deep directional shadows and isolated pools of illumination create mounting tension. The composition suggests that something enormous is about to happen without revealing exactly what it is. Explosive outward movement, fragmented forms, dramatic displacement, extreme scale variation and dense controlled complexity radiating through the composition. Charcoal and black with burning gold and solar orange. A shape is resolving out of the environment itself, half-formed and still becoming."
346,0346_occult_macabre_stillness_ghostlight_endless_depth.jpg,halloween,occult,macabre,stillness,ghostlight,endless_depth,1479516855,previews/studio/halloween/0346_occult_macabre_stillness_ghostlight_endless_depth.jpg,wallpapers/studio/halloween/0346_occult_macabre_stillness_ghostlight_endless_depth.jpg,64193,ok,"A single striking Halloween artwork made as a mobile phone wallpaper. One extraordinary focal idea, composed as a scene rather than an arrangement of seasonal objects. Vertical 9:16 mobile wallpaper, full-bleed edge to edge composition. The upper region of the frame is open and unadorned — atmosphere, gradient falloff or empty depth, no detail and no focal point there. The principal subject sits in the lower two thirds, weighted below centre and placed off the vertical axis. Clear depth across three planes: near, middle and far. No text, no letterforms, no numerals, no signature, no watermark, no logo, no border and no frame. An ancient world shaped by mysterious forbidden rituals: monumental circles, floating relics, candles, arcane geometry, strange altars, suspended objects and luminous symbols embedded into architecture and landscape. Invisible forces distort light, gravity and space. Sophisticated supernatural mystery. Elegant darkness with stronger mortality and decay: aged surfaces, skeletal forms, dead vegetation, ruined grandeur and stark chiaroscuro. Sophisticated gothic beauty, disturbing details used sparingly against richly rendered darkness. Centered, balanced composition with generous negative space, minimal directional movement, simple large forms and a strong sense of visual stability. Spectral cyan, pale aqua and icy white against midnight blue. The scene recedes far past where it should end, plane behind plane into immeasurable distance."
551,0551_nightmare_macabre_stillness_eclipse_impossible_weather.jpg,halloween,nightmare,macabre,stillness,eclipse,impossible_weather,178001522,previews/studio/halloween/0551_nightmare_macabre_stillness_eclipse_impossible_weather.jpg,wallpapers/studio/halloween/0551_nightmare_macabre_stillness_eclipse_impossible_weather.jpg,64387,ok,"A single striking Halloween artwork made as a mobile phone wallpaper. One extraordinary focal idea, composed as a scene rather than an arrangement of seasonal objects. Vertical 9:16 mobile wallpaper, full-bleed edge to edge composition. The upper region of the frame is open and unadorned — atmosphere, gradient falloff or empty depth, no detail and no focal point there. The principal subject sits in the lower two thirds, weighted below centre and placed off the vertical axis. Clear depth across three planes: near, middle and far. No text, no letterforms, no numerals, no signature, no watermark, no logo, no border and no frame. A surreal dream-world where familiar reality has become beautifully impossible. Landscapes bend, structures grow organically, enormous mysterious creatures appear at impossible scale and ordinary objects transform into unsettling forms. Dream logic replaces physics. Strange and psychologically eerie, and visually beautiful. Elegant darkness with stronger mortality and decay: aged surfaces, skeletal forms, dead vegetation, ruined grandeur and stark chiaroscuro. Sophisticated gothic beauty, disturbing details used sparingly against richly rendered darkness. Centered, balanced composition with generous negative space, minimal directional movement, simple large forms and a strong sense of visual stability. Charcoal and black with burning gold and solar orange. The atmosphere does something it could not: falling upward, standing still, burning, or moving as one body."
133,0133_spectral_bewitched_drift_dead_forest_material_transformation.jpg,halloween,spectral,bewitched,drift,dead_forest,material_transformation,872898923,previews/studio/halloween/0133_spectral_bewitched_drift_dead_forest_material_transformation.jpg,wallpapers/studio/halloween/0133_spectral_bewitched_drift_dead_forest_material_transformation.jpg,64681,ok,"A single striking Halloween artwork made as a mobile phone wallpaper. One extraordinary focal idea, composed as a scene rather than an arrangement of seasonal objects. Vertical 9:16 mobile wallpaper, full-bleed edge to edge composition. The upper region of the frame is open and unadorned — atmosphere, gradient falloff or empty depth, no detail and no focal point there. The principal subject sits in the lower two thirds, weighted below centre and placed off the vertical axis. Clear depth across three planes: near, middle and far. No text, no letterforms, no numerals, no signature, no watermark, no logo, no border and no frame. A world suspended between physical reality and the spirit realm. Translucent apparitions, spectral architecture, luminous mist and enormous ghostly forms emerge from darkness, clouds, water and landscape. Solid objects dissolve into ethereal material and re-form elsewhere. Haunting, beautiful and otherworldly. Seductive supernatural illumination, luminous haze and mysterious coloured light. Shadows remain soft and dimensional while magical highlights appear unexpectedly throughout the scene. Enchanting, mysterious and beautiful, with a subtle sense that something impossible is happening. Gentle directional movement, softly displaced forms, subtle asymmetry and relaxed visual flow across the composition. Umber, moss green and rust against smoky black. One substance becomes another mid-form: stone into smoke, water into glass, cloth into flame."
347,0347_occult_nightmarish_drift_ghostlight_emerging_form.jpg,halloween,occult,nightmarish,drift,ghostlight,emerging_form,1986468969,previews/studio/halloween/0347_occult_nightmarish_drift_ghostlight_emerging_form.jpg,wallpapers/studio/halloween/0347_occult_nightmarish_drift_ghostlight_emerging_form.jpg,64609,ok,"A single striking Halloween artwork made as a mobile phone wallpaper. One extraordinary focal idea, composed as a scene rather than an arrangement of seasonal objects. Vertical 9:16 mobile wallpaper, full-bleed edge to edge composition. The upper region of the frame is open and unadorned — atmosphere, gradient falloff or empty depth, no detail and no focal point there. The principal subject sits in the lower two thirds, weighted below centre and placed off the vertical axis. Clear depth across three planes: near, middle and far. No text, no letterforms, no numerals, no signature, no watermark, no logo, no border and no frame. An ancient world shaped by mysterious forbidden rituals: monumental circles, floating relics, candles, arcane geometry, strange altars, suspended objects and luminous symbols embedded into architecture and landscape. Invisible forces distort light, gravity and space. Sophisticated supernatural mystery. Unnatural lighting, extreme scale, distorted depth and impossible shadows make the scene feel like a vivid nightmare. Familiar forms become subtly wrong and visual logic begins to break down. Intensely unsettling and surreal, sophisticated and visually spectacular. Gentle directional movement, softly displaced forms, subtle asymmetry and relaxed visual flow across the composition. Spectral cyan, pale aqua and icy white against midnight blue. A shape is resolving out of the environment itself, half-formed and still becoming."
552,0552_nightmare_macabre_eruption_phantom_rose_impossible_weather.jpg,halloween,nightmare,macabre,eruption,phantom_rose,impossible_weather,684953636,previews/studio/halloween/0552_nightmare_macabre_eruption_phantom_rose_impossible_weather.jpg,wallpapers/studio/halloween/0552_nightmare_macabre_eruption_phantom_rose_impossible_weather.jpg,64220,ok,"A single striking Halloween artwork made as a mobile phone wallpaper. One extraordinary focal idea, composed as a scene rather than an arrangement of seasonal objects. Vertical 9:16 mobile wallpaper, full-bleed edge to edge composition. The upper region of the frame is open and unadorned — atmosphere, gradient falloff or empty depth, no detail and no focal point there. The principal subject sits in the lower two thirds, weighted below centre and placed off the vertical axis. Clear depth across three planes: near, middle and far. No text, no letterforms, no numerals, no signature, no watermark, no logo, no border and no frame. A surreal dream-world where familiar reality has become beautifully impossible. Landscapes bend, structures grow organically, enormous mysterious creatures appear at impossible scale and ordinary objects transform into unsettling forms. Dream logic replaces physics. Strange and psychologically eerie, and visually beautiful. Elegant darkness with stronger mortality and decay: aged surfaces, skeletal forms, dead vegetation, ruined grandeur and stark chiaroscuro. Sophisticated gothic beauty, disturbing details used sparingly against richly rendered darkness. Explosive outward movement, fragmented forms, dramatic displacement, extreme scale variation and dense controlled complexity radiating through the composition. Spectral lavender, dusty rose and pale moonlight against smoky violet. The atmosphere does something it could not: falling upward, standing still, burning, or moving as one body."
134,0134_spectral_haunting_flow_dead_forest_unnatural_light.jpg,halloween,spectral,haunting,flow,dead_forest,unnatural_light,1379851037,previews/studio/halloween/0134_spectral_haunting_flow_dead_forest_unnatural_light.jpg,wallpapers/studio/halloween/0134_spectral_haunting_flow_dead_forest_unnatural_light.jpg,64382,ok,"A single striking Halloween artwork made as a mobile phone wallpaper. One extraordinary focal idea, composed as a scene rather than an arrangement of seasonal objects. Vertical 9:16 mobile wallpaper, full-bleed edge to edge composition. The upper region of the frame is open and unadorned — atmosphere, gradient falloff or empty depth, no detail and no focal point there. The principal subject sits in the lower two thirds, weighted below centre and placed off the vertical axis. Clear depth across three planes: near, middle and far. No text, no letterforms, no numerals, no signature, no watermark, no logo, no border and no frame. A world suspended between physical reality and the spirit realm. Translucent apparitions, spectral architecture, luminous mist and enormous ghostly forms emerge from darkness, clouds, water and landscape. Solid objects dissolve into ethereal material and re-form elsewhere. Haunting, beautiful and otherworldly. Quiet, melancholy and deeply atmospheric. Diffused moonlight, pale illumination, long shadows, drifting fog and restrained contrast create the feeling of a place inhabited by memories or unseen presences. Beautiful first, unsettling second. Continuous sweeping movement, interconnected forms, graceful curves and clear directional pathways carrying the eye through the composition. Umber, moss green and rust against smoky black. Light behaves impossibly: falling upward, casting the wrong shadow, glowing from within a solid, or illuminating only one thing."
553,0553_nightmare_nightmarish_stillness_phantom_rose_organic_geometry.jpg,halloween,nightmare,nightmarish,stillness,phantom_rose,organic_geometry,1191905750,previews/studio/halloween/0553_nightmare_nightmarish_stillness_phantom_rose_organic_geometry.jpg,wallpapers/studio/halloween/0553_nightmare_nightmarish_stillness_phantom_rose_organic_geometry.jpg,64281,ok,"A single striking Halloween artwork made as a mobile phone wallpaper. One extraordinary focal idea, composed as a scene rather than an arrangement of seasonal objects. Vertical 9:16 mobile wallpaper, full-bleed edge to edge composition. The upper region of the frame is open and unadorned — atmosphere, gradient falloff or empty depth, no detail and no focal point there. The principal subject sits in the lower two thirds, weighted below centre and placed off the vertical axis. Clear depth across three planes: near, middle and far. No text, no letterforms, no numerals, no signature, no watermark, no logo, no border and no frame. A surreal dream-world where familiar reality has become beautifully impossible. Landscapes bend, structures grow organically, enormous mysterious creatures appear at impossible scale and ordinary objects transform into unsettling forms. Dream logic replaces physics. Strange and psychologically eerie, and visually beautiful. Unnatural lighting, extreme scale, distorted depth and impossible shadows make the scene feel like a vivid nightmare. Familiar forms become subtly wrong and visual logic begins to break down. Intensely unsettling and surreal, sophisticated and visually spectacular. Centered, balanced composition with generous negative space, minimal directional movement, simple large forms and a strong sense of visual stability. Spectral lavender, dusty rose and pale moonlight against smoky violet. Living forms arranged into exact geometry, or geometry grown the way a plant grows."
135,0135_spectral_ominous_surge_dead_forest_ancient_monument.jpg,halloween,spectral,ominous,surge,dead_forest,ancient_monument,1886803151,previews/studio/halloween/0135_spectral_ominous_surge_dead_forest_ancient_monument.jpg,wallpapers/studio/halloween/0135_spectral_ominous_surge_dead_forest_ancient_monument.jpg,64249,ok,"A single striking Halloween artwork made as a mobile phone wallpaper. One extraordinary focal idea, composed as a scene rather than an arrangement of seasonal objects. Vertical 9:16 mobile wallpaper, full-bleed edge to edge composition. The upper region of the frame is open and unadorned — atmosphere, gradient falloff or empty depth, no detail and no focal point there. The principal subject sits in the lower two thirds, weighted below centre and placed off the vertical axis. Clear depth across three planes: near, middle and far. No text, no letterforms, no numerals, no signature, no watermark, no logo, no border and no frame. A world suspended between physical reality and the spirit realm. Translucent apparitions, spectral architecture, luminous mist and enormous ghostly forms emerge from darkness, clouds, water and landscape. Solid objects dissolve into ethereal material and re-form elsewhere. Haunting, beautiful and otherworldly. Heavy darkness, approaching weather, deep directional shadows and isolated pools of illumination create mounting tension. The composition suggests that something enormous is about to happen without revealing exactly what it is. Forceful directional movement, strong diagonals, overlapping forms, dynamic scale changes and pronounced visual momentum. Umber, moss green and rust against smoky black. A single colossal made object dominates, older than anything around it and built for a purpose nobody remembers."
348,0348_occult_majestic_flow_ghostlight_impossible_weather.jpg,halloween,occult,majestic,flow,ghostlight,impossible_weather,345937436,previews/studio/halloween/0348_occult_majestic_flow_ghostlight_impossible_weather.jpg,wallpapers/studio/halloween/0348_occult_majestic_flow_ghostlight_impossible_weather.jpg,64656,ok,"A single striking Halloween artwork made as a mobile phone wallpaper. One extraordinary focal idea, composed as a scene rather than an arrangement of seasonal objects. Vertical 9:16 mobile wallpaper, full-bleed edge to edge composition. The upper region of the frame is open and unadorned — atmosphere, gradient falloff or empty depth, no detail and no focal point there. The principal subject sits in the lower two thirds, weighted below centre and placed off the vertical axis. Clear depth across three planes: near, middle and far. No text, no letterforms, no numerals, no signature, no watermark, no logo, no border and no frame. An ancient world shaped by mysterious forbidden rituals: monumental circles, floating relics, candles, arcane geometry, strange altars, suspended objects and luminous symbols embedded into architecture and landscape. Invisible forces distort light, gravity and space. Sophisticated supernatural mystery. Grand cinematic illumination, monumental scale, deep dimensional contrast and radiant focal light. Darkness frames moments of extraordinary beauty and power. The scene inspires awe as much as fear, treating Halloween fantasy with the visual grandeur of an epic myth. Continuous sweeping movement, interconnected forms, graceful curves and clear directional pathways carrying the eye through the composition. Spectral cyan, pale aqua and icy white against midnight blue. The atmosphere does something it could not: falling upward, standing still, burning, or moving as one body."
136,0136_spectral_ominous_flow_gothic_jewel_ancient_monument.jpg,halloween,spectral,ominous,flow,gothic_jewel,ancient_monument,246271618,previews/studio/halloween/0136_spectral_ominous_flow_gothic_jewel_ancient_monument.jpg,wallpapers/studio/halloween/0136_spectral_ominous_flow_gothic_jewel_ancient_monument.jpg,64456,ok,"A single striking Halloween artwork made as a mobile phone wallpaper. One extraordinary focal idea, composed as a scene rather than an arrangement of seasonal objects. Vertical 9:16 mobile wallpaper, full-bleed edge to edge composition. The upper region of the frame is open and unadorned — atmosphere, gradient falloff or empty depth, no detail and no focal point there. The principal subject sits in the lower two thirds, weighted below centre and placed off the vertical axis. Clear depth across three planes: near, middle and far. No text, no letterforms, no numerals, no signature, no watermark, no logo, no border and no frame. A world suspended between physical reality and the spirit realm. Translucent apparitions, spectral architecture, luminous mist and enormous ghostly forms emerge from darkness, clouds, water and landscape. Solid objects dissolve into ethereal material and re-form elsewhere. Haunting, beautiful and otherworldly. Heavy darkness, approaching weather, deep directional shadows and isolated pools of illumination create mounting tension. The composition suggests that something enormous is about to happen without revealing exactly what it is. Continuous sweeping movement, interconnected forms, graceful curves and clear directional pathways carrying the eye through the composition. Garnet, emerald, sapphire and amethyst with antique gold. A single colossal made object dominates, older than anything around it and built for a purpose nobody remembers."
554,0554_nightmare_majestic_drift_phantom_rose_something_watching.jpg,halloween,nightmare,majestic,drift,phantom_rose,something_watching,1698857864,previews/studio/halloween/0554_nightmare_majestic_drift_phantom_rose_something_watching.jpg,wallpapers/studio/halloween/0554_nightmare_majestic_drift_phantom_rose_something_watching.jpg,64682,ok,"A single striking Halloween artwork made as a mobile phone wallpaper. One extraordinary focal idea, composed as a scene rather than an arrangement of seasonal objects. Vertical 9:16 mobile wallpaper, full-bleed edge to edge composition. The upper region of the frame is open and unadorned — atmosphere, gradient falloff or empty depth, no detail and no focal point there. The principal subject sits in the lower two thirds, weighted below centre and placed off the vertical axis. Clear depth across three planes: near, middle and far. No text, no letterforms, no numerals, no signature, no watermark, no logo, no border and no frame. A surreal dream-world where familiar reality has become beautifully impossible. Landscapes bend, structures grow organically, enormous mysterious creatures appear at impossible scale and ordinary objects transform into unsettling forms. Dream logic replaces physics. Strange and psychologically eerie, and visually beautiful. Grand cinematic illumination, monumental scale, deep dimensional contrast and radiant focal light. Darkness frames moments of extraordinary beauty and power. The scene inspires awe as much as fear, treating Halloween fantasy with the visual grandeur of an epic myth. Gentle directional movement, softly displaced forms, subtle asymmetry and relaxed visual flow across the composition. Spectral lavender, dusty rose and pale moonlight against smoky violet. The composition is arranged around an unseen observer, and the scene knows it is being looked at."
349,0349_occult_bewitched_surge_ghostlight_organic_geometry.jpg,halloween,occult,bewitched,surge,ghostlight,organic_geometry,852889550,previews/studio/halloween/0349_occult_bewitched_surge_ghostlight_organic_geometry.jpg,wallpapers/studio/halloween/0349_occult_bewitched_surge_ghostlight_organic_geometry.jpg,64503,ok,"A single striking Halloween artwork made as a mobile phone wallpaper. One extraordinary focal idea, composed as a scene rather than an arrangement of seasonal objects. Vertical 9:16 mobile wallpaper, full-bleed edge to edge composition. The upper region of the frame is open and unadorned — atmosphere, gradient falloff or empty depth, no detail and no focal point there. The principal subject sits in the lower two thirds, weighted below centre and placed off the vertical axis. Clear depth across three planes: near, middle and far. No text, no letterforms, no numerals, no signature, no watermark, no logo, no border and no frame. An ancient world shaped by mysterious forbidden rituals: monumental circles, floating relics, candles, arcane geometry, strange altars, suspended objects and luminous symbols embedded into architecture and landscape. Invisible forces distort light, gravity and space. Sophisticated supernatural mystery. Seductive supernatural illumination, luminous haze and mysterious coloured light. Shadows remain soft and dimensional while magical highlights appear unexpectedly throughout the scene. Enchanting, mysterious and beautiful, with a subtle sense that something impossible is happening. Forceful directional movement, strong diagonals, overlapping forms, dynamic scale changes and pronounced visual momentum. Spectral cyan, pale aqua and icy white against midnight blue. Living forms arranged into exact geometry, or geometry grown the way a plant grows."
555,0555_nightmare_bewitched_flow_phantom_rose_impossible_scale.jpg,halloween,nightmare,bewitched,flow,phantom_rose,impossible_scale,58326331,previews/studio/halloween/0555_nightmare_bewitched_flow_phantom_rose_impossible_scale.jpg,wallpapers/studio/halloween/0555_nightmare_bewitched_flow_phantom_rose_impossible_scale.jpg,63982,ok,"A single striking Halloween artwork made as a mobile phone wallpaper. One extraordinary focal idea, composed as a scene rather than an arrangement of seasonal objects. Vertical 9:16 mobile wallpaper, full-bleed edge to edge composition. The upper region of the frame is open and unadorned — atmosphere, gradient falloff or empty depth, no detail and no focal point there. The principal subject sits in the lower two thirds, weighted below centre and placed off the vertical axis. Clear depth across three planes: near, middle and far. No text, no letterforms, no numerals, no signature, no watermark, no logo, no border and no frame. A surreal dream-world where familiar reality has become beautifully impossible. Landscapes bend, structures grow organically, enormous mysterious creatures appear at impossible scale and ordinary objects transform into unsettling forms. Dream logic replaces physics. Strange and psychologically eerie, and visually beautiful. Seductive supernatural illumination, luminous haze and mysterious coloured light. Shadows remain soft and dimensional while magical highlights appear unexpectedly throughout the scene. Enchanting, mysterious and beautiful, with a subtle sense that something impossible is happening. Continuous sweeping movement, interconnected forms, graceful curves and clear directional pathways carrying the eye through the composition. Spectral lavender, dusty rose and pale moonlight against smoky violet. One element is vastly larger than it could be, dwarfing everything around it."
137,0137_spectral_macabre_surge_gothic_jewel_endless_depth.jpg,halloween,spectral,macabre,surge,gothic_jewel,endless_depth,753223732,previews/studio/halloween/0137_spectral_macabre_surge_gothic_jewel_endless_depth.jpg,wallpapers/studio/halloween/0137_spectral_macabre_surge_gothic_jewel_endless_depth.jpg,64290,ok,"A single striking Halloween artwork made as a mobile phone wallpaper. One extraordinary focal idea, composed as a scene rather than an arrangement of seasonal objects. Vertical 9:16 mobile wallpaper, full-bleed edge to edge composition. The upper region of the frame is open and unadorned — atmosphere, gradient falloff or empty depth, no detail and no focal point there. The principal subject sits in the lower two thirds, weighted below centre and placed off the vertical axis. Clear depth across three planes: near, middle and far. No text, no letterforms, no numerals, no signature, no watermark, no logo, no border and no frame. A world suspended between physical reality and the spirit realm. Translucent apparitions, spectral architecture, luminous mist and enormous ghostly forms emerge from darkness, clouds, water and landscape. Solid objects dissolve into ethereal material and re-form elsewhere. Haunting, beautiful and otherworldly. Elegant darkness with stronger mortality and decay: aged surfaces, skeletal forms, dead vegetation, ruined grandeur and stark chiaroscuro. Sophisticated gothic beauty, disturbing details used sparingly against richly rendered darkness. Forceful directional movement, strong diagonals, overlapping forms, dynamic scale changes and pronounced visual momentum. Garnet, emerald, sapphire and amethyst with antique gold. The scene recedes far past where it should end, plane behind plane into immeasurable distance."
350,0350_occult_haunting_eruption_ghostlight_something_watching.jpg,halloween,occult,haunting,eruption,ghostlight,something_watching,1359841664,previews/studio/halloween/0350_occult_haunting_eruption_ghostlight_something_watching.jpg,wallpapers/studio/halloween/0350_occult_haunting_eruption_ghostlight_something_watching.jpg,64456,ok,"A single striking Halloween artwork made as a mobile phone wallpaper. One extraordinary focal idea, composed as a scene rather than an arrangement of seasonal objects. Vertical 9:16 mobile wallpaper, full-bleed edge to edge composition. The upper region of the frame is open and unadorned — atmosphere, gradient falloff or empty depth, no detail and no focal point there. The principal subject sits in the lower two thirds, weighted below centre and placed off the vertical axis. Clear depth across three planes: near, middle and far. No text, no letterforms, no numerals, no signature, no watermark, no logo, no border and no frame. An ancient world shaped by mysterious forbidden rituals: monumental circles, floating relics, candles, arcane geometry, strange altars, suspended objects and luminous symbols embedded into architecture and landscape. Invisible forces distort light, gravity and space. Sophisticated supernatural mystery. Quiet, melancholy and deeply atmospheric. Diffused moonlight, pale illumination, long shadows, drifting fog and restrained contrast create the feeling of a place inhabited by memories or unseen presences. Beautiful first, unsettling second. Explosive outward movement, fragmented forms, dramatic displacement, extreme scale variation and dense controlled complexity radiating through the composition. Spectral cyan, pale aqua and icy white against midnight blue. The composition is arranged around an unseen observer, and the scene knows it is being looked at."
138,0138_spectral_nightmarish_eruption_gothic_jewel_emerging_form.jpg,halloween,spectral,nightmarish,eruption,gothic_jewel,emerging_form,1260175846,previews/studio/halloween/0138_spectral_nightmarish_eruption_gothic_jewel_emerging_form.jpg,wallpapers/studio/halloween/0138_spectral_nightmarish_eruption_gothic_jewel_emerging_form.jpg,64029,ok,"A single striking Halloween artwork made as a mobile phone wallpaper. One extraordinary focal idea, composed as a scene rather than an arrangement of seasonal objects. Vertical 9:16 mobile wallpaper, full-bleed edge to edge composition. The upper region of the frame is open and unadorned — atmosphere, gradient falloff or empty depth, no detail and no focal point there. The principal subject sits in the lower two thirds, weighted below centre and placed off the vertical axis. Clear depth across three planes: near, middle and far. No text, no letterforms, no numerals, no signature, no watermark, no logo, no border and no frame. A world suspended between physical reality and the spirit realm. Translucent apparitions, spectral architecture, luminous mist and enormous ghostly forms emerge from darkness, clouds, water and landscape. Solid objects dissolve into ethereal material and re-form elsewhere. Haunting, beautiful and otherworldly. Unnatural lighting, extreme scale, distorted depth and impossible shadows make the scene feel like a vivid nightmare. Familiar forms become subtly wrong and visual logic begins to break down. Intensely unsettling and surreal, sophisticated and visually spectacular. Explosive outward movement, fragmented forms, dramatic displacement, extreme scale variation and dense controlled complexity radiating through the composition. Garnet, emerald, sapphire and amethyst with antique gold. A shape is resolving out of the environment itself, half-formed and still becoming."
351,0351_occult_ominous_stillness_ghostlight_impossible_scale.jpg,halloween,occult,ominous,stillness,ghostlight,impossible_scale,1866793778,previews/studio/halloween/0351_occult_ominous_stillness_ghostlight_impossible_scale.jpg,wallpapers/studio/halloween/0351_occult_ominous_stillness_ghostlight_impossible_scale.jpg,63759,ok,"A single striking Halloween artwork made as a mobile phone wallpaper. One extraordinary focal idea, composed as a scene rather than an arrangement of seasonal objects. Vertical 9:16 mobile wallpaper, full-bleed edge to edge composition. The upper region of the frame is open and unadorned — atmosphere, gradient falloff or empty depth, no detail and no focal point there. The principal subject sits in the lower two thirds, weighted below centre and placed off the vertical axis. Clear depth across three planes: near, middle and far. No text, no letterforms, no numerals, no signature, no watermark, no logo, no border and no frame. An ancient world shaped by mysterious forbidden rituals: monumental circles, floating relics, candles, arcane geometry, strange altars, suspended objects and luminous symbols embedded into architecture and landscape. Invisible forces distort light, gravity and space. Sophisticated supernatural mystery. Heavy darkness, approaching weather, deep directional shadows and isolated pools of illumination create mounting tension. The composition suggests that something enormous is about to happen without revealing exactly what it is. Centered, balanced composition with generous negative space, minimal directional movement, simple large forms and a strong sense of visual stability. Spectral cyan, pale aqua and icy white against midnight blue. One element is vastly larger than it could be, dwarfing everything around it."
556,0556_nightmare_haunting_surge_phantom_rose_living_architecture.jpg,halloween,nightmare,haunting,surge,phantom_rose,living_architecture,565278445,previews/studio/halloween/0556_nightmare_haunting_surge_phantom_rose_living_architecture.jpg,wallpapers/studio/halloween/0556_nightmare_haunting_surge_phantom_rose_living_architecture.jpg,65332,ok,"A single striking Halloween artwork made as a mobile phone wallpaper. One extraordinary focal idea, composed as a scene rather than an arrangement of seasonal objects. Vertical 9:16 mobile wallpaper, full-bleed edge to edge composition. The upper region of the frame is open and unadorned — atmosphere, gradient falloff or empty depth, no detail and no focal point there. The principal subject sits in the lower two thirds, weighted below centre and placed off the vertical axis. Clear depth across three planes: near, middle and far. No text, no letterforms, no numerals, no signature, no watermark, no logo, no border and no frame. A surreal dream-world where familiar reality has become beautifully impossible. Landscapes bend, structures grow organically, enormous mysterious creatures appear at impossible scale and ordinary objects transform into unsettling forms. Dream logic replaces physics. Strange and psychologically eerie, and visually beautiful. Quiet, melancholy and deeply atmospheric. Diffused moonlight, pale illumination, long shadows, drifting fog and restrained contrast create the feeling of a place inhabited by memories or unseen presences. Beautiful first, unsettling second. Forceful directional movement, strong diagonals, overlapping forms, dynamic scale changes and pronounced visual momentum. Spectral lavender, dusty rose and pale moonlight against smoky violet. Built structures behave like a creature: breathing, watching, reaching, or forming a silhouette that is almost a body."
352,0352_occult_ominous_eruption_poison_impossible_scale.jpg,halloween,occult,ominous,eruption,poison,impossible_scale,226262245,previews/studio/halloween/0352_occult_ominous_eruption_poison_impossible_scale.jpg,wallpapers/studio/halloween/0352_occult_ominous_eruption_poison_impossible_scale.jpg,64999,ok,"A single striking Halloween artwork made as a mobile phone wallpaper. One extraordinary focal idea, composed as a scene rather than an arrangement of seasonal objects. Vertical 9:16 mobile wallpaper, full-bleed edge to edge composition. The upper region of the frame is open and unadorned — atmosphere, gradient falloff or empty depth, no detail and no focal point there. The principal subject sits in the lower two thirds, weighted below centre and placed off the vertical axis. Clear depth across three planes: near, middle and far. No text, no letterforms, no numerals, no signature, no watermark, no logo, no border and no frame. An ancient world shaped by mysterious forbidden rituals: monumental circles, floating relics, candles, arcane geometry, strange altars, suspended objects and luminous symbols embedded into architecture and landscape. Invisible forces distort light, gravity and space. Sophisticated supernatural mystery. Heavy darkness, approaching weather, deep directional shadows and isolated pools of illumination create mounting tension. The composition suggests that something enormous is about to happen without revealing exactly what it is. Explosive outward movement, fragmented forms, dramatic displacement, extreme scale variation and dense controlled complexity radiating through the composition. Acid green, emerald and chartreuse against black. One element is vastly larger than it could be, dwarfing everything around it."
139,0139_spectral_majestic_stillness_gothic_jewel_impossible_weather.jpg,halloween,spectral,majestic,stillness,gothic_jewel,impossible_weather,1767127960,previews/studio/halloween/0139_spectral_majestic_stillness_gothic_jewel_impossible_weather.jpg,wallpapers/studio/halloween/0139_spectral_majestic_stillness_gothic_jewel_impossible_weather.jpg,65112,ok,"A single striking Halloween artwork made as a mobile phone wallpaper. One extraordinary focal idea, composed as a scene rather than an arrangement of seasonal objects. Vertical 9:16 mobile wallpaper, full-bleed edge to edge composition. The upper region of the frame is open and unadorned — atmosphere, gradient falloff or empty depth, no detail and no focal point there. The principal subject sits in the lower two thirds, weighted below centre and placed off the vertical axis. Clear depth across three planes: near, middle and far. No text, no letterforms, no numerals, no signature, no watermark, no logo, no border and no frame. A world suspended between physical reality and the spirit realm. Translucent apparitions, spectral architecture, luminous mist and enormous ghostly forms emerge from darkness, clouds, water and landscape. Solid objects dissolve into ethereal material and re-form elsewhere. Haunting, beautiful and otherworldly. Grand cinematic illumination, monumental scale, deep dimensional contrast and radiant focal light. Darkness frames moments of extraordinary beauty and power. The scene inspires awe as much as fear, treating Halloween fantasy with the visual grandeur of an epic myth. Centered, balanced composition with generous negative space, minimal directional movement, simple large forms and a strong sense of visual stability. Garnet, emerald, sapphire and amethyst with antique gold. The atmosphere does something it could not: falling upward, standing still, burning, or moving as one body."
557,0557_nightmare_ominous_eruption_phantom_rose_beautiful_decay.jpg,halloween,nightmare,ominous,eruption,phantom_rose,beautiful_decay,1072230559,previews/studio/halloween/0557_nightmare_ominous_eruption_phantom_rose_beautiful_decay.jpg,wallpapers/studio/halloween/0557_nightmare_ominous_eruption_phantom_rose_beautiful_decay.jpg,64281,ok,"A single striking Halloween artwork made as a mobile phone wallpaper. One extraordinary focal idea, composed as a scene rather than an arrangement of seasonal objects. Vertical 9:16 mobile wallpaper, full-bleed edge to edge composition. The upper region of the frame is open and unadorned — atmosphere, gradient falloff or empty depth, no detail and no focal point there. The principal subject sits in the lower two thirds, weighted below centre and placed off the vertical axis. Clear depth across three planes: near, middle and far. No text, no letterforms, no numerals, no signature, no watermark, no logo, no border and no frame. A surreal dream-world where familiar reality has become beautifully impossible. Landscapes bend, structures grow organically, enormous mysterious creatures appear at impossible scale and ordinary objects transform into unsettling forms. Dream logic replaces physics. Strange and psychologically eerie, and visually beautiful. Heavy darkness, approaching weather, deep directional shadows and isolated pools of illumination create mounting tension. The composition suggests that something enormous is about to happen without revealing exactly what it is. Explosive outward movement, fragmented forms, dramatic displacement, extreme scale variation and dense controlled complexity radiating through the composition. Spectral lavender, dusty rose and pale moonlight against smoky violet. Ruin rendered as splendour: collapse, erosion and overgrowth arranged into something lovelier than the intact thing was."
558,0558_nightmare_macabre_stillness_phantom_rose_hidden_presence.jpg,halloween,nightmare,macabre,stillness,phantom_rose,hidden_presence,1579182673,previews/studio/halloween/0558_nightmare_macabre_stillness_phantom_rose_hidden_presence.jpg,wallpapers/studio/halloween/0558_nightmare_macabre_stillness_phantom_rose_hidden_presence.jpg,64026,ok,"A single striking Halloween artwork made as a mobile phone wallpaper. One extraordinary focal idea, composed as a scene rather than an arrangement of seasonal objects. Vertical 9:16 mobile wallpaper, full-bleed edge to edge composition. The upper region of the frame is open and unadorned — atmosphere, gradient falloff or empty depth, no detail and no focal point there. The principal subject sits in the lower two thirds, weighted below centre and placed off the vertical axis. Clear depth across three planes: near, middle and far. No text, no letterforms, no numerals, no signature, no watermark, no logo, no border and no frame. A surreal dream-world where familiar reality has become beautifully impossible. Landscapes bend, structures grow organically, enormous mysterious creatures appear at impossible scale and ordinary objects transform into unsettling forms. Dream logic replaces physics. Strange and psychologically eerie, and visually beautiful. Elegant darkness with stronger mortality and decay: aged surfaces, skeletal forms, dead vegetation, ruined grandeur and stark chiaroscuro. Sophisticated gothic beauty, disturbing details used sparingly against richly rendered darkness. Centered, balanced composition with generous negative space, minimal directional movement, simple large forms and a strong sense of visual stability. Spectral lavender, dusty rose and pale moonlight against smoky violet. Something enormous is barely perceptible within the scene, read only as a shape in the mist, the stone or the shadow."
140,0140_spectral_bewitched_drift_gothic_jewel_organic_geometry.jpg,halloween,spectral,bewitched,drift,gothic_jewel,organic_geometry,126596427,previews/studio/halloween/0140_spectral_bewitched_drift_gothic_jewel_organic_geometry.jpg,wallpapers/studio/halloween/0140_spectral_bewitched_drift_gothic_jewel_organic_geometry.jpg,64359,ok,"A single striking Halloween artwork made as a mobile phone wallpaper. One extraordinary focal idea, composed as a scene rather than an arrangement of seasonal objects. Vertical 9:16 mobile wallpaper, full-bleed edge to edge composition. The upper region of the frame is open and unadorned — atmosphere, gradient falloff or empty depth, no detail and no focal point there. The principal subject sits in the lower two thirds, weighted below centre and placed off the vertical axis. Clear depth across three planes: near, middle and far. No text, no letterforms, no numerals, no signature, no watermark, no logo, no border and no frame. A world suspended between physical reality and the spirit realm. Translucent apparitions, spectral architecture, luminous mist and enormous ghostly forms emerge from darkness, clouds, water and landscape. Solid objects dissolve into ethereal material and re-form elsewhere. Haunting, beautiful and otherworldly. Seductive supernatural illumination, luminous haze and mysterious coloured light. Shadows remain soft and dimensional while magical highlights appear unexpectedly throughout the scene. Enchanting, mysterious and beautiful, with a subtle sense that something impossible is happening. Gentle directional movement, softly displaced forms, subtle asymmetry and relaxed visual flow across the composition. Garnet, emerald, sapphire and amethyst with antique gold. Living forms arranged into exact geometry, or geometry grown the way a plant grows."
353,0353_occult_macabre_stillness_poison_living_architecture.jpg,halloween,occult,macabre,stillness,poison,living_architecture,733214359,previews/studio/halloween/0353_occult_macabre_stillness_poison_living_architecture.jpg,wallpapers/studio/halloween/0353_occult_macabre_stillness_poison_living_architecture.jpg,64473,ok,"A single striking Halloween artwork made as a mobile phone wallpaper. One extraordinary focal idea, composed as a scene rather than an arrangement of seasonal objects. Vertical 9:16 mobile wallpaper, full-bleed edge to edge composition. The upper region of the frame is open and unadorned — atmosphere, gradient falloff or empty depth, no detail and no focal point there. The principal subject sits in the lower two thirds, weighted below centre and placed off the vertical axis. Clear depth across three planes: near, middle and far. No text, no letterforms, no numerals, no signature, no watermark, no logo, no border and no frame. An ancient world shaped by mysterious forbidden rituals: monumental circles, floating relics, candles, arcane geometry, strange altars, suspended objects and luminous symbols embedded into architecture and landscape. Invisible forces distort light, gravity and space. Sophisticated supernatural mystery. Elegant darkness with stronger mortality and decay: aged surfaces, skeletal forms, dead vegetation, ruined grandeur and stark chiaroscuro. Sophisticated gothic beauty, disturbing details used sparingly against richly rendered darkness. Centered, balanced composition with generous negative space, minimal directional movement, simple large forms and a strong sense of visual stability. Acid green, emerald and chartreuse against black. Built structures behave like a creature: breathing, watching, reaching, or forming a silhouette that is almost a body."
141,0141_spectral_haunting_flow_gothic_jewel_something_watching.jpg,halloween,spectral,haunting,flow,gothic_jewel,something_watching,633548541,previews/studio/halloween/0141_spectral_haunting_flow_gothic_jewel_something_watching.jpg,wallpapers/studio/halloween/0141_spectral_haunting_flow_gothic_jewel_something_watching.jpg,63966,ok,"A single striking Halloween artwork made as a mobile phone wallpaper. One extraordinary focal idea, composed as a scene rather than an arrangement of seasonal objects. Vertical 9:16 mobile wallpaper, full-bleed edge to edge composition. The upper region of the frame is open and unadorned — atmosphere, gradient falloff or empty depth, no detail and no focal point there. The principal subject sits in the lower two thirds, weighted below centre and placed off the vertical axis. Clear depth across three planes: near, middle and far. No text, no letterforms, no numerals, no signature, no watermark, no logo, no border and no frame. A world suspended between physical reality and the spirit realm. Translucent apparitions, spectral architecture, luminous mist and enormous ghostly forms emerge from darkness, clouds, water and landscape. Solid objects dissolve into ethereal material and re-form elsewhere. Haunting, beautiful and otherworldly. Quiet, melancholy and deeply atmospheric. Diffused moonlight, pale illumination, long shadows, drifting fog and restrained contrast create the feeling of a place inhabited by memories or unseen presences. Beautiful first, unsettling second. Continuous sweeping movement, interconnected forms, graceful curves and clear directional pathways carrying the eye through the composition. Garnet, emerald, sapphire and amethyst with antique gold. The composition is arranged around an unseen observer, and the scene knows it is being looked at."
559,0559_nightmare_nightmarish_drift_phantom_rose_material_transformation.jpg,halloween,nightmare,nightmarish,drift,phantom_rose,material_transformation,2086134787,previews/studio/halloween/0559_nightmare_nightmarish_drift_phantom_rose_material_transformation.jpg,wallpapers/studio/halloween/0559_nightmare_nightmarish_drift_phantom_rose_material_transformation.jpg,65418,ok,"A single striking Halloween artwork made as a mobile phone wallpaper. One extraordinary focal idea, composed as a scene rather than an arrangement of seasonal objects. Vertical 9:16 mobile wallpaper, full-bleed edge to edge composition. The upper region of the frame is open and unadorned — atmosphere, gradient falloff or empty depth, no detail and no focal point there. The principal subject sits in the lower two thirds, weighted below centre and placed off the vertical axis. Clear depth across three planes: near, middle and far. No text, no letterforms, no numerals, no signature, no watermark, no logo, no border and no frame. A surreal dream-world where familiar reality has become beautifully impossible. Landscapes bend, structures grow organically, enormous mysterious creatures appear at impossible scale and ordinary objects transform into unsettling forms. Dream logic replaces physics. Strange and psychologically eerie, and visually beautiful. Unnatural lighting, extreme scale, distorted depth and impossible shadows make the scene feel like a vivid nightmare. Familiar forms become subtly wrong and visual logic begins to break down. Intensely unsettling and surreal, sophisticated and visually spectacular. Gentle directional movement, softly displaced forms, subtle asymmetry and relaxed visual flow across the composition. Spectral lavender, dusty rose and pale moonlight against smoky violet. One substance becomes another mid-form: stone into smoke, water into glass, cloth into flame."
354,0354_occult_nightmarish_drift_poison_beautiful_decay.jpg,halloween,occult,nightmarish,drift,poison,beautiful_decay,1240166473,previews/studio/halloween/0354_occult_nightmarish_drift_poison_beautiful_decay.jpg,wallpapers/studio/halloween/0354_occult_nightmarish_drift_poison_beautiful_decay.jpg,65444,ok,"A single striking Halloween artwork made as a mobile phone wallpaper. One extraordinary focal idea, composed as a scene rather than an arrangement of seasonal objects. Vertical 9:16 mobile wallpaper, full-bleed edge to edge composition. The upper region of the frame is open and unadorned — atmosphere, gradient falloff or empty depth, no detail and no focal point there. The principal subject sits in the lower two thirds, weighted below centre and placed off the vertical axis. Clear depth across three planes: near, middle and far. No text, no letterforms, no numerals, no signature, no watermark, no logo, no border and no frame. An ancient world shaped by mysterious forbidden rituals: monumental circles, floating relics, candles, arcane geometry, strange altars, suspended objects and luminous symbols embedded into architecture and landscape. Invisible forces distort light, gravity and space. Sophisticated supernatural mystery. Unnatural lighting, extreme scale, distorted depth and impossible shadows make the scene feel like a vivid nightmare. Familiar forms become subtly wrong and visual logic begins to break down. Intensely unsettling and surreal, sophisticated and visually spectacular. Gentle directional movement, softly displaced forms, subtle asymmetry and relaxed visual flow across the composition. Acid green, emerald and chartreuse against black. Ruin rendered as splendour: collapse, erosion and overgrowth arranged into something lovelier than the intact thing was."
142,0142_spectral_ominous_surge_gothic_jewel_impossible_scale.jpg,halloween,spectral,ominous,surge,gothic_jewel,impossible_scale,1140500655,previews/studio/halloween/0142_spectral_ominous_surge_gothic_jewel_impossible_scale.jpg,wallpapers/studio/halloween/0142_spectral_ominous_surge_gothic_jewel_impossible_scale.jpg,65055,ok,"A single striking Halloween artwork made as a mobile phone wallpaper. One extraordinary focal idea, composed as a scene rather than an arrangement of seasonal objects. Vertical 9:16 mobile wallpaper, full-bleed edge to edge composition. The upper region of the frame is open and unadorned — atmosphere, gradient falloff or empty depth, no detail and no focal point there. The principal subject sits in the lower two thirds, weighted below centre and placed off the vertical axis. Clear depth across three planes: near, middle and far. No text, no letterforms, no numerals, no signature, no watermark, no logo, no border and no frame. A world suspended between physical reality and the spirit realm. Translucent apparitions, spectral architecture, luminous mist and enormous ghostly forms emerge from darkness, clouds, water and landscape. Solid objects dissolve into ethereal material and re-form elsewhere. Haunting, beautiful and otherworldly. Heavy darkness, approaching weather, deep directional shadows and isolated pools of illumination create mounting tension. The composition suggests that something enormous is about to happen without revealing exactly what it is. Forceful directional movement, strong diagonals, overlapping forms, dynamic scale changes and pronounced visual momentum. Garnet, emerald, sapphire and amethyst with antique gold. One element is vastly larger than it could be, dwarfing everything around it."
560,0560_otherworld_haunting_stillness_blood_moon_something_watching.jpg,halloween,otherworld,haunting,stillness,blood_moon,something_watching,445603254,previews/studio/halloween/0560_otherworld_haunting_stillness_blood_moon_something_watching.jpg,wallpapers/studio/halloween/0560_otherworld_haunting_stillness_blood_moon_something_watching.jpg,64182,ok,"A single striking Halloween artwork made as a mobile phone wallpaper. One extraordinary focal idea, composed as a scene rather than an arrangement of seasonal objects. Vertical 9:16 mobile wallpaper, full-bleed edge to edge composition. The upper region of the frame is open and unadorned — atmosphere, gradient falloff or empty depth, no detail and no focal point there. The principal subject sits in the lower two thirds, weighted below centre and placed off the vertical axis. Clear depth across three planes: near, middle and far. No text, no letterforms, no numerals, no signature, no watermark, no logo, no border and no frame. An immense supernatural realm beneath impossible moons, eclipses and unfamiliar skies. Floating landscapes, colossal celestial bodies, ancient structures, luminous atmospheric phenomena and mysterious distant forms create overwhelming scale. Halloween imagery appears as if discovered in an alien mythology. Quiet, melancholy and deeply atmospheric. Diffused moonlight, pale illumination, long shadows, drifting fog and restrained contrast create the feeling of a place inhabited by memories or unseen presences. Beautiful first, unsettling second. Centered, balanced composition with generous negative space, minimal directional movement, simple large forms and a strong sense of visual stability. Blood red, crimson and burnt orange against black. The composition is arranged around an unseen observer, and the scene knows it is being looked at."
355,0355_occult_majestic_flow_poison_hidden_presence.jpg,halloween,occult,majestic,flow,poison,hidden_presence,1747118587,previews/studio/halloween/0355_occult_majestic_flow_poison_hidden_presence.jpg,wallpapers/studio/halloween/0355_occult_majestic_flow_poison_hidden_presence.jpg,64368,ok,"A single striking Halloween artwork made as a mobile phone wallpaper. One extraordinary focal idea, composed as a scene rather than an arrangement of seasonal objects. Vertical 9:16 mobile wallpaper, full-bleed edge to edge composition. The upper region of the frame is open and unadorned — atmosphere, gradient falloff or empty depth, no detail and no focal point there. The principal subject sits in the lower two thirds, weighted below centre and placed off the vertical axis. Clear depth across three planes: near, middle and far. No text, no letterforms, no numerals, no signature, no watermark, no logo, no border and no frame. An ancient world shaped by mysterious forbidden rituals: monumental circles, floating relics, candles, arcane geometry, strange altars, suspended objects and luminous symbols embedded into architecture and landscape. Invisible forces distort light, gravity and space. Sophisticated supernatural mystery. Grand cinematic illumination, monumental scale, deep dimensional contrast and radiant focal light. Darkness frames moments of extraordinary beauty and power. The scene inspires awe as much as fear, treating Halloween fantasy with the visual grandeur of an epic myth. Continuous sweeping movement, interconnected forms, graceful curves and clear directional pathways carrying the eye through the composition. Acid green, emerald and chartreuse against black. Something enormous is barely perceptible within the scene, read only as a shape in the mist, the stone or the shadow."
143,0143_spectral_macabre_eruption_gothic_jewel_living_architecture.jpg,halloween,spectral,macabre,eruption,gothic_jewel,living_architecture,1647452769,previews/studio/halloween/0143_spectral_macabre_eruption_gothic_jewel_living_architecture.jpg,wallpapers/studio/halloween/0143_spectral_macabre_eruption_gothic_jewel_living_architecture.jpg,64485,ok,"A single striking Halloween artwork made as a mobile phone wallpaper. One extraordinary focal idea, composed as a scene rather than an arrangement of seasonal objects. Vertical 9:16 mobile wallpaper, full-bleed edge to edge composition. The upper region of the frame is open and unadorned — atmosphere, gradient falloff or empty depth, no detail and no focal point there. The principal subject sits in the lower two thirds, weighted below centre and placed off the vertical axis. Clear depth across three planes: near, middle and far. No text, no letterforms, no numerals, no signature, no watermark, no logo, no border and no frame. A world suspended between physical reality and the spirit realm. Translucent apparitions, spectral architecture, luminous mist and enormous ghostly forms emerge from darkness, clouds, water and landscape. Solid objects dissolve into ethereal material and re-form elsewhere. Haunting, beautiful and otherworldly. Elegant darkness with stronger mortality and decay: aged surfaces, skeletal forms, dead vegetation, ruined grandeur and stark chiaroscuro. Sophisticated gothic beauty, disturbing details used sparingly against richly rendered darkness. Explosive outward movement, fragmented forms, dramatic displacement, extreme scale variation and dense controlled complexity radiating through the composition. Garnet, emerald, sapphire and amethyst with antique gold. Built structures behave like a creature: breathing, watching, reaching, or forming a silhouette that is almost a body."
561,0561_otherworld_ominous_drift_blood_moon_impossible_scale.jpg,halloween,otherworld,ominous,drift,blood_moon,impossible_scale,952555368,previews/studio/halloween/0561_otherworld_ominous_drift_blood_moon_impossible_scale.jpg,wallpapers/studio/halloween/0561_otherworld_ominous_drift_blood_moon_impossible_scale.jpg,64147,ok,"A single striking Halloween artwork made as a mobile phone wallpaper. One extraordinary focal idea, composed as a scene rather than an arrangement of seasonal objects. Vertical 9:16 mobile wallpaper, full-bleed edge to edge composition. The upper region of the frame is open and unadorned — atmosphere, gradient falloff or empty depth, no detail and no focal point there. The principal subject sits in the lower two thirds, weighted below centre and placed off the vertical axis. Clear depth across three planes: near, middle and far. No text, no letterforms, no numerals, no signature, no watermark, no logo, no border and no frame. An immense supernatural realm beneath impossible moons, eclipses and unfamiliar skies. Floating landscapes, colossal celestial bodies, ancient structures, luminous atmospheric phenomena and mysterious distant forms create overwhelming scale. Halloween imagery appears as if discovered in an alien mythology. Heavy darkness, approaching weather, deep directional shadows and isolated pools of illumination create mounting tension. The composition suggests that something enormous is about to happen without revealing exactly what it is. Gentle directional movement, softly displaced forms, subtle asymmetry and relaxed visual flow across the composition. Blood red, crimson and burnt orange against black. One element is vastly larger than it could be, dwarfing everything around it."
356,0356_occult_bewitched_surge_poison_material_transformation.jpg,halloween,occult,bewitched,surge,poison,material_transformation,106587054,previews/studio/halloween/0356_occult_bewitched_surge_poison_material_transformation.jpg,wallpapers/studio/halloween/0356_occult_bewitched_surge_poison_material_transformation.jpg,63984,ok,"A single striking Halloween artwork made as a mobile phone wallpaper. One extraordinary focal idea, composed as a scene rather than an arrangement of seasonal objects. Vertical 9:16 mobile wallpaper, full-bleed edge to edge composition. The upper region of the frame is open and unadorned — atmosphere, gradient falloff or empty depth, no detail and no focal point there. The principal subject sits in the lower two thirds, weighted below centre and placed off the vertical axis. Clear depth across three planes: near, middle and far. No text, no letterforms, no numerals, no signature, no watermark, no logo, no border and no frame. An ancient world shaped by mysterious forbidden rituals: monumental circles, floating relics, candles, arcane geometry, strange altars, suspended objects and luminous symbols embedded into architecture and landscape. Invisible forces distort light, gravity and space. Sophisticated supernatural mystery. Seductive supernatural illumination, luminous haze and mysterious coloured light. Shadows remain soft and dimensional while magical highlights appear unexpectedly throughout the scene. Enchanting, mysterious and beautiful, with a subtle sense that something impossible is happening. Forceful directional movement, strong diagonals, overlapping forms, dynamic scale changes and pronounced visual momentum. Acid green, emerald and chartreuse against black. One substance becomes another mid-form: stone into smoke, water into glass, cloth into flame."
144,0144_spectral_macabre_surge_eclipse_living_architecture.jpg,halloween,spectral,macabre,surge,eclipse,living_architecture,6921236,previews/studio/halloween/0144_spectral_macabre_surge_eclipse_living_architecture.jpg,wallpapers/studio/halloween/0144_spectral_macabre_surge_eclipse_living_architecture.jpg,64236,ok,"A single striking Halloween artwork made as a mobile phone wallpaper. One extraordinary focal idea, composed as a scene rather than an arrangement of seasonal objects. Vertical 9:16 mobile wallpaper, full-bleed edge to edge composition. The upper region of the frame is open and unadorned — atmosphere, gradient falloff or empty depth, no detail and no focal point there. The principal subject sits in the lower two thirds, weighted below centre and placed off the vertical axis. Clear depth across three planes: near, middle and far. No text, no letterforms, no numerals, no signature, no watermark, no logo, no border and no frame. A world suspended between physical reality and the spirit realm. Translucent apparitions, spectral architecture, luminous mist and enormous ghostly forms emerge from darkness, clouds, water and landscape. Solid objects dissolve into ethereal material and re-form elsewhere. Haunting, beautiful and otherworldly. Elegant darkness with stronger mortality and decay: aged surfaces, skeletal forms, dead vegetation, ruined grandeur and stark chiaroscuro. Sophisticated gothic beauty, disturbing details used sparingly against richly rendered darkness. Forceful directional movement, strong diagonals, overlapping forms, dynamic scale changes and pronounced visual momentum. Charcoal and black with burning gold and solar orange. Built structures behave like a creature: breathing, watching, reaching, or forming a silhouette that is almost a body."
357,0357_occult_haunting_eruption_poison_unnatural_light.jpg,halloween,occult,haunting,eruption,poison,unnatural_light,613539168,previews/studio/halloween/0357_occult_haunting_eruption_poison_unnatural_light.jpg,wallpapers/studio/halloween/0357_occult_haunting_eruption_poison_unnatural_light.jpg,64771,ok,"A single striking Halloween artwork made as a mobile phone wallpaper. One extraordinary focal idea, composed as a scene rather than an arrangement of seasonal objects. Vertical 9:16 mobile wallpaper, full-bleed edge to edge composition. The upper region of the frame is open and unadorned — atmosphere, gradient falloff or empty depth, no detail and no focal point there. The principal subject sits in the lower two thirds, weighted below centre and placed off the vertical axis. Clear depth across three planes: near, middle and far. No text, no letterforms, no numerals, no signature, no watermark, no logo, no border and no frame. An ancient world shaped by mysterious forbidden rituals: monumental circles, floating relics, candles, arcane geometry, strange altars, suspended objects and luminous symbols embedded into architecture and landscape. Invisible forces distort light, gravity and space. Sophisticated supernatural mystery. Quiet, melancholy and deeply atmospheric. Diffused moonlight, pale illumination, long shadows, drifting fog and restrained contrast create the feeling of a place inhabited by memories or unseen presences. Beautiful first, unsettling second. Explosive outward movement, fragmented forms, dramatic displacement, extreme scale variation and dense controlled complexity radiating through the composition. Acid green, emerald and chartreuse against black. Light behaves impossibly: falling upward, casting the wrong shadow, glowing from within a solid, or illuminating only one thing."
562,0562_otherworld_macabre_flow_blood_moon_living_architecture.jpg,halloween,otherworld,macabre,flow,blood_moon,living_architecture,1459507482,previews/studio/halloween/0562_otherworld_macabre_flow_blood_moon_living_architecture.jpg,wallpapers/studio/halloween/0562_otherworld_macabre_flow_blood_moon_living_architecture.jpg,65123,ok,"A single striking Halloween artwork made as a mobile phone wallpaper. One extraordinary focal idea, composed as a scene rather than an arrangement of seasonal objects. Vertical 9:16 mobile wallpaper, full-bleed edge to edge composition. The upper region of the frame is open and unadorned — atmosphere, gradient falloff or empty depth, no detail and no focal point there. The principal subject sits in the lower two thirds, weighted below centre and placed off the vertical axis. Clear depth across three planes: near, middle and far. No text, no letterforms, no numerals, no signature, no watermark, no logo, no border and no frame. An immense supernatural realm beneath impossible moons, eclipses and unfamiliar skies. Floating landscapes, colossal celestial bodies, ancient structures, luminous atmospheric phenomena and mysterious distant forms create overwhelming scale. Halloween imagery appears as if discovered in an alien mythology. Elegant darkness with stronger mortality and decay: aged surfaces, skeletal forms, dead vegetation, ruined grandeur and stark chiaroscuro. Sophisticated gothic beauty, disturbing details used sparingly against richly rendered darkness. Continuous sweeping movement, interconnected forms, graceful curves and clear directional pathways carrying the eye through the composition. Blood red, crimson and burnt orange against black. Built structures behave like a creature: breathing, watching, reaching, or forming a silhouette that is almost a body."
145,0145_spectral_nightmarish_eruption_eclipse_beautiful_decay.jpg,halloween,spectral,nightmarish,eruption,eclipse,beautiful_decay,513873350,previews/studio/halloween/0145_spectral_nightmarish_eruption_eclipse_beautiful_decay.jpg,wallpapers/studio/halloween/0145_spectral_nightmarish_eruption_eclipse_beautiful_decay.jpg,64436,ok,"A single striking Halloween artwork made as a mobile phone wallpaper. One extraordinary focal idea, composed as a scene rather than an arrangement of seasonal objects. Vertical 9:16 mobile wallpaper, full-bleed edge to edge composition. The upper region of the frame is open and unadorned — atmosphere, gradient falloff or empty depth, no detail and no focal point there. The principal subject sits in the lower two thirds, weighted below centre and placed off the vertical axis. Clear depth across three planes: near, middle and far. No text, no letterforms, no numerals, no signature, no watermark, no logo, no border and no frame. A world suspended between physical reality and the spirit realm. Translucent apparitions, spectral architecture, luminous mist and enormous ghostly forms emerge from darkness, clouds, water and landscape. Solid objects dissolve into ethereal material and re-form elsewhere. Haunting, beautiful and otherworldly. Unnatural lighting, extreme scale, distorted depth and impossible shadows make the scene feel like a vivid nightmare. Familiar forms become subtly wrong and visual logic begins to break down. Intensely unsettling and surreal, sophisticated and visually spectacular. Explosive outward movement, fragmented forms, dramatic displacement, extreme scale variation and dense controlled complexity radiating through the composition. Charcoal and black with burning gold and solar orange. Ruin rendered as splendour: collapse, erosion and overgrowth arranged into something lovelier than the intact thing was."
358,0358_occult_ominous_stillness_poison_ancient_monument.jpg,halloween,occult,ominous,stillness,poison,ancient_monument,1120491282,previews/studio/halloween/0358_occult_ominous_stillness_poison_ancient_monument.jpg,wallpapers/studio/halloween/0358_occult_ominous_stillness_poison_ancient_monument.jpg,63700,ok,"A single striking Halloween artwork made as a mobile phone wallpaper. One extraordinary focal idea, composed as a scene rather than an arrangement of seasonal objects. Vertical 9:16 mobile wallpaper, full-bleed edge to edge composition. The upper region of the frame is open and unadorned — atmosphere, gradient falloff or empty depth, no detail and no focal point there. The principal subject sits in the lower two thirds, weighted below centre and placed off the vertical axis. Clear depth across three planes: near, middle and far. No text, no letterforms, no numerals, no signature, no watermark, no logo, no border and no frame. An ancient world shaped by mysterious forbidden rituals: monumental circles, floating relics, candles, arcane geometry, strange altars, suspended objects and luminous symbols embedded into architecture and landscape. Invisible forces distort light, gravity and space. Sophisticated supernatural mystery. Heavy darkness, approaching weather, deep directional shadows and isolated pools of illumination create mounting tension. The composition suggests that something enormous is about to happen without revealing exactly what it is. Centered, balanced composition with generous negative space, minimal directional movement, simple large forms and a strong sense of visual stability. Acid green, emerald and chartreuse against black. A single colossal made object dominates, older than anything around it and built for a purpose nobody remembers."
563,0563_otherworld_nightmarish_surge_blood_moon_beautiful_decay.jpg,halloween,otherworld,nightmarish,surge,blood_moon,beautiful_decay,1966459596,previews/studio/halloween/0563_otherworld_nightmarish_surge_blood_moon_beautiful_decay.jpg,wallpapers/studio/halloween/0563_otherworld_nightmarish_surge_blood_moon_beautiful_decay.jpg,63816,ok,"A single striking Halloween artwork made as a mobile phone wallpaper. One extraordinary focal idea, composed as a scene rather than an arrangement of seasonal objects. Vertical 9:16 mobile wallpaper, full-bleed edge to edge composition. The upper region of the frame is open and unadorned — atmosphere, gradient falloff or empty depth, no detail and no focal point there. The principal subject sits in the lower two thirds, weighted below centre and placed off the vertical axis. Clear depth across three planes: near, middle and far. No text, no letterforms, no numerals, no signature, no watermark, no logo, no border and no frame. An immense supernatural realm beneath impossible moons, eclipses and unfamiliar skies. Floating landscapes, colossal celestial bodies, ancient structures, luminous atmospheric phenomena and mysterious distant forms create overwhelming scale. Halloween imagery appears as if discovered in an alien mythology. Unnatural lighting, extreme scale, distorted depth and impossible shadows make the scene feel like a vivid nightmare. Familiar forms become subtly wrong and visual logic begins to break down. Intensely unsettling and surreal, sophisticated and visually spectacular. Forceful directional movement, strong diagonals, overlapping forms, dynamic scale changes and pronounced visual momentum. Blood red, crimson and burnt orange against black. Ruin rendered as splendour: collapse, erosion and overgrowth arranged into something lovelier than the intact thing was."
359,0359_occult_macabre_drift_poison_endless_depth.jpg,halloween,occult,macabre,drift,poison,endless_depth,1627443396,previews/studio/halloween/0359_occult_macabre_drift_poison_endless_depth.jpg,wallpapers/studio/halloween/0359_occult_macabre_drift_poison_endless_depth.jpg,64175,ok,"A single striking Halloween artwork made as a mobile phone wallpaper. One extraordinary focal idea, composed as a scene rather than an arrangement of seasonal objects. Vertical 9:16 mobile wallpaper, full-bleed edge to edge composition. The upper region of the frame is open and unadorned — atmosphere, gradient falloff or empty depth, no detail and no focal point there. The principal subject sits in the lower two thirds, weighted below centre and placed off the vertical axis. Clear depth across three planes: near, middle and far. No text, no letterforms, no numerals, no signature, no watermark, no logo, no border and no frame. An ancient world shaped by mysterious forbidden rituals: monumental circles, floating relics, candles, arcane geometry, strange altars, suspended objects and luminous symbols embedded into architecture and landscape. Invisible forces distort light, gravity and space. Sophisticated supernatural mystery. Elegant darkness with stronger mortality and decay: aged surfaces, skeletal forms, dead vegetation, ruined grandeur and stark chiaroscuro. Sophisticated gothic beauty, disturbing details used sparingly against richly rendered darkness. Gentle directional movement, softly displaced forms, subtle asymmetry and relaxed visual flow across the composition. Acid green, emerald and chartreuse against black. The scene recedes far past where it should end, plane behind plane into immeasurable distance."
146,0146_spectral_majestic_stillness_eclipse_hidden_presence.jpg,halloween,spectral,majestic,stillness,eclipse,hidden_presence,1020825464,previews/studio/halloween/0146_spectral_majestic_stillness_eclipse_hidden_presence.jpg,wallpapers/studio/halloween/0146_spectral_majestic_stillness_eclipse_hidden_presence.jpg,64313,ok,"A single striking Halloween artwork made as a mobile phone wallpaper. One extraordinary focal idea, composed as a scene rather than an arrangement of seasonal objects. Vertical 9:16 mobile wallpaper, full-bleed edge to edge composition. The upper region of the frame is open and unadorned — atmosphere, gradient falloff or empty depth, no detail and no focal point there. The principal subject sits in the lower two thirds, weighted below centre and placed off the vertical axis. Clear depth across three planes: near, middle and far. No text, no letterforms, no numerals, no signature, no watermark, no logo, no border and no frame. A world suspended between physical reality and the spirit realm. Translucent apparitions, spectral architecture, luminous mist and enormous ghostly forms emerge from darkness, clouds, water and landscape. Solid objects dissolve into ethereal material and re-form elsewhere. Haunting, beautiful and otherworldly. Grand cinematic illumination, monumental scale, deep dimensional contrast and radiant focal light. Darkness frames moments of extraordinary beauty and power. The scene inspires awe as much as fear, treating Halloween fantasy with the visual grandeur of an epic myth. Centered, balanced composition with generous negative space, minimal directional movement, simple large forms and a strong sense of visual stability. Charcoal and black with burning gold and solar orange. Something enormous is barely perceptible within the scene, read only as a shape in the mist, the stone or the shadow."
564,0564_otherworld_majestic_eruption_blood_moon_hidden_presence.jpg,halloween,otherworld,majestic,eruption,blood_moon,hidden_presence,325928063,previews/studio/halloween/0564_otherworld_majestic_eruption_blood_moon_hidden_presence.jpg,wallpapers/studio/halloween/0564_otherworld_majestic_eruption_blood_moon_hidden_presence.jpg,64389,ok,"A single striking Halloween artwork made as a mobile phone wallpaper. One extraordinary focal idea, composed as a scene rather than an arrangement of seasonal objects. Vertical 9:16 mobile wallpaper, full-bleed edge to edge composition. The upper region of the frame is open and unadorned — atmosphere, gradient falloff or empty depth, no detail and no focal point there. The principal subject sits in the lower two thirds, weighted below centre and placed off the vertical axis. Clear depth across three planes: near, middle and far. No text, no letterforms, no numerals, no signature, no watermark, no logo, no border and no frame. An immense supernatural realm beneath impossible moons, eclipses and unfamiliar skies. Floating landscapes, colossal celestial bodies, ancient structures, luminous atmospheric phenomena and mysterious distant forms create overwhelming scale. Halloween imagery appears as if discovered in an alien mythology. Grand cinematic illumination, monumental scale, deep dimensional contrast and radiant focal light. Darkness frames moments of extraordinary beauty and power. The scene inspires awe as much as fear, treating Halloween fantasy with the visual grandeur of an epic myth. Explosive outward movement, fragmented forms, dramatic displacement, extreme scale variation and dense controlled complexity radiating through the composition. Blood red, crimson and burnt orange against black. Something enormous is barely perceptible within the scene, read only as a shape in the mist, the stone or the shadow."
565,0565_otherworld_bewitched_stillness_blood_moon_material_transformation.jpg,halloween,otherworld,bewitched,stillness,blood_moon,material_transformation,832880177,,,,failed,"prediction failed: Model execution failed (User Input Error): AiError: AiError: NSFW content detected. Try running it again, or try a different prompt. (1b7309f2-6e9c-4660-b511-04bdc1e76f19)"
360,0360_occult_macabre_stillness_midnight_endless_depth.jpg,halloween,occult,macabre,stillness,midnight,endless_depth,2134395510,previews/studio/halloween/0360_occult_macabre_stillness_midnight_endless_depth.jpg,wallpapers/studio/halloween/0360_occult_macabre_stillness_midnight_endless_depth.jpg,64614,ok,"A single striking Halloween artwork made as a mobile phone wallpaper. One extraordinary focal idea, composed as a scene rather than an arrangement of seasonal objects. Vertical 9:16 mobile wallpaper, full-bleed edge to edge composition. The upper region of the frame is open and unadorned — atmosphere, gradient falloff or empty depth, no detail and no focal point there. The principal subject sits in the lower two thirds, weighted below centre and placed off the vertical axis. Clear depth across three planes: near, middle and far. No text, no letterforms, no numerals, no signature, no watermark, no logo, no border and no frame. An ancient world shaped by mysterious forbidden rituals: monumental circles, floating relics, candles, arcane geometry, strange altars, suspended objects and luminous symbols embedded into architecture and landscape. Invisible forces distort light, gravity and space. Sophisticated supernatural mystery. Elegant darkness with stronger mortality and decay: aged surfaces, skeletal forms, dead vegetation, ruined grandeur and stark chiaroscuro. Sophisticated gothic beauty, disturbing details used sparingly against richly rendered darkness. Centered, balanced composition with generous negative space, minimal directional movement, simple large forms and a strong sense of visual stability. Midnight blue, indigo and moon silver against near-black. The scene recedes far past where it should end, plane behind plane into immeasurable distance."
147,0147_spectral_bewitched_drift_eclipse_material_transformation.jpg,halloween,spectral,bewitched,drift,eclipse,material_transformation,1527777578,previews/studio/halloween/0147_spectral_bewitched_drift_eclipse_material_transformation.jpg,wallpapers/studio/halloween/0147_spectral_bewitched_drift_eclipse_material_transformation.jpg,64605,ok,"A single striking Halloween artwork made as a mobile phone wallpaper. One extraordinary focal idea, composed as a scene rather than an arrangement of seasonal objects. Vertical 9:16 mobile wallpaper, full-bleed edge to edge composition. The upper region of the frame is open and unadorned — atmosphere, gradient falloff or empty depth, no detail and no focal point there. The principal subject sits in the lower two thirds, weighted below centre and placed off the vertical axis. Clear depth across three planes: near, middle and far. No text, no letterforms, no numerals, no signature, no watermark, no logo, no border and no frame. A world suspended between physical reality and the spirit realm. Translucent apparitions, spectral architecture, luminous mist and enormous ghostly forms emerge from darkness, clouds, water and landscape. Solid objects dissolve into ethereal material and re-form elsewhere. Haunting, beautiful and otherworldly. Seductive supernatural illumination, luminous haze and mysterious coloured light. Shadows remain soft and dimensional while magical highlights appear unexpectedly throughout the scene. Enchanting, mysterious and beautiful, with a subtle sense that something impossible is happening. Gentle directional movement, softly displaced forms, subtle asymmetry and relaxed visual flow across the composition. Charcoal and black with burning gold and solar orange. One substance becomes another mid-form: stone into smoke, water into glass, cloth into flame."
566,0566_otherworld_haunting_drift_blood_moon_unnatural_light.jpg,halloween,otherworld,haunting,drift,blood_moon,unnatural_light,1339832291,previews/studio/halloween/0566_otherworld_haunting_drift_blood_moon_unnatural_light.jpg,wallpapers/studio/halloween/0566_otherworld_haunting_drift_blood_moon_unnatural_light.jpg,65118,ok,"A single striking Halloween artwork made as a mobile phone wallpaper. One extraordinary focal idea, composed as a scene rather than an arrangement of seasonal objects. Vertical 9:16 mobile wallpaper, full-bleed edge to edge composition. The upper region of the frame is open and unadorned — atmosphere, gradient falloff or empty depth, no detail and no focal point there. The principal subject sits in the lower two thirds, weighted below centre and placed off the vertical axis. Clear depth across three planes: near, middle and far. No text, no letterforms, no numerals, no signature, no watermark, no logo, no border and no frame. An immense supernatural realm beneath impossible moons, eclipses and unfamiliar skies. Floating landscapes, colossal celestial bodies, ancient structures, luminous atmospheric phenomena and mysterious distant forms create overwhelming scale. Halloween imagery appears as if discovered in an alien mythology. Quiet, melancholy and deeply atmospheric. Diffused moonlight, pale illumination, long shadows, drifting fog and restrained contrast create the feeling of a place inhabited by memories or unseen presences. Beautiful first, unsettling second. Gentle directional movement, softly displaced forms, subtle asymmetry and relaxed visual flow across the composition. Blood red, crimson and burnt orange against black. Light behaves impossibly: falling upward, casting the wrong shadow, glowing from within a solid, or illuminating only one thing."
148,0148_spectral_haunting_flow_eclipse_unnatural_light.jpg,halloween,spectral,haunting,flow,eclipse,unnatural_light,2034729692,previews/studio/halloween/0148_spectral_haunting_flow_eclipse_unnatural_light.jpg,wallpapers/studio/halloween/0148_spectral_haunting_flow_eclipse_unnatural_light.jpg,64159,ok,"A single striking Halloween artwork made as a mobile phone wallpaper. One extraordinary focal idea, composed as a scene rather than an arrangement of seasonal objects. Vertical 9:16 mobile wallpaper, full-bleed edge to edge composition. The upper region of the frame is open and unadorned — atmosphere, gradient falloff or empty depth, no detail and no focal point there. The principal subject sits in the lower two thirds, weighted below centre and placed off the vertical axis. Clear depth across three planes: near, middle and far. No text, no letterforms, no numerals, no signature, no watermark, no logo, no border and no frame. A world suspended between physical reality and the spirit realm. Translucent apparitions, spectral architecture, luminous mist and enormous ghostly forms emerge from darkness, clouds, water and landscape. Solid objects dissolve into ethereal material and re-form elsewhere. Haunting, beautiful and otherworldly. Quiet, melancholy and deeply atmospheric. Diffused moonlight, pale illumination, long shadows, drifting fog and restrained contrast create the feeling of a place inhabited by memories or unseen presences. Beautiful first, unsettling second. Continuous sweeping movement, interconnected forms, graceful curves and clear directional pathways carrying the eye through the composition. Charcoal and black with burning gold and solar orange. Light behaves impossibly: falling upward, casting the wrong shadow, glowing from within a solid, or illuminating only one thing."
361,0361_occult_nightmarish_drift_midnight_emerging_form.jpg,halloween,occult,nightmarish,drift,midnight,emerging_form,493863977,previews/studio/halloween/0361_occult_nightmarish_drift_midnight_emerging_form.jpg,wallpapers/studio/halloween/0361_occult_nightmarish_drift_midnight_emerging_form.jpg,64459,ok,"A single striking Halloween artwork made as a mobile phone wallpaper. One extraordinary focal idea, composed as a scene rather than an arrangement of seasonal objects. Vertical 9:16 mobile wallpaper, full-bleed edge to edge composition. The upper region of the frame is open and unadorned — atmosphere, gradient falloff or empty depth, no detail and no focal point there. The principal subject sits in the lower two thirds, weighted below centre and placed off the vertical axis. Clear depth across three planes: near, middle and far. No text, no letterforms, no numerals, no signature, no watermark, no logo, no border and no frame. An ancient world shaped by mysterious forbidden rituals: monumental circles, floating relics, candles, arcane geometry, strange altars, suspended objects and luminous symbols embedded into architecture and landscape. Invisible forces distort light, gravity and space. Sophisticated supernatural mystery. Unnatural lighting, extreme scale, distorted depth and impossible shadows make the scene feel like a vivid nightmare. Familiar forms become subtly wrong and visual logic begins to break down. Intensely unsettling and surreal, sophisticated and visually spectacular. Gentle directional movement, softly displaced forms, subtle asymmetry and relaxed visual flow across the composition. Midnight blue, indigo and moon silver against near-black. A shape is resolving out of the environment itself, half-formed and still becoming."
149,0149_spectral_ominous_surge_eclipse_ancient_monument.jpg,halloween,spectral,ominous,surge,eclipse,ancient_monument,394198159,previews/studio/halloween/0149_spectral_ominous_surge_eclipse_ancient_monument.jpg,wallpapers/studio/halloween/0149_spectral_ominous_surge_eclipse_ancient_monument.jpg,64320,ok,"A single striking Halloween artwork made as a mobile phone wallpaper. One extraordinary focal idea, composed as a scene rather than an arrangement of seasonal objects. Vertical 9:16 mobile wallpaper, full-bleed edge to edge composition. The upper region of the frame is open and unadorned — atmosphere, gradient falloff or empty depth, no detail and no focal point there. The principal subject sits in the lower two thirds, weighted below centre and placed off the vertical axis. Clear depth across three planes: near, middle and far. No text, no letterforms, no numerals, no signature, no watermark, no logo, no border and no frame. A world suspended between physical reality and the spirit realm. Translucent apparitions, spectral architecture, luminous mist and enormous ghostly forms emerge from darkness, clouds, water and landscape. Solid objects dissolve into ethereal material and re-form elsewhere. Haunting, beautiful and otherworldly. Heavy darkness, approaching weather, deep directional shadows and isolated pools of illumination create mounting tension. The composition suggests that something enormous is about to happen without revealing exactly what it is. Forceful directional movement, strong diagonals, overlapping forms, dynamic scale changes and pronounced visual momentum. Charcoal and black with burning gold and solar orange. A single colossal made object dominates, older than anything around it and built for a purpose nobody remembers."
362,0362_occult_majestic_flow_midnight_impossible_weather.jpg,halloween,occult,majestic,flow,midnight,impossible_weather,1000816091,previews/studio/halloween/0362_occult_majestic_flow_midnight_impossible_weather.jpg,wallpapers/studio/halloween/0362_occult_majestic_flow_midnight_impossible_weather.jpg,64329,ok,"A single striking Halloween artwork made as a mobile phone wallpaper. One extraordinary focal idea, composed as a scene rather than an arrangement of seasonal objects. Vertical 9:16 mobile wallpaper, full-bleed edge to edge composition. The upper region of the frame is open and unadorned — atmosphere, gradient falloff or empty depth, no detail and no focal point there. The principal subject sits in the lower two thirds, weighted below centre and placed off the vertical axis. Clear depth across three planes: near, middle and far. No text, no letterforms, no numerals, no signature, no watermark, no logo, no border and no frame. An ancient world shaped by mysterious forbidden rituals: monumental circles, floating relics, candles, arcane geometry, strange altars, suspended objects and luminous symbols embedded into architecture and landscape. Invisible forces distort light, gravity and space. Sophisticated supernatural mystery. Grand cinematic illumination, monumental scale, deep dimensional contrast and radiant focal light. Darkness frames moments of extraordinary beauty and power. The scene inspires awe as much as fear, treating Halloween fantasy with the visual grandeur of an epic myth. Continuous sweeping movement, interconnected forms, graceful curves and clear directional pathways carrying the eye through the composition. Midnight blue, indigo and moon silver against near-black. The atmosphere does something it could not: falling upward, standing still, burning, or moving as one body."
567,0567_otherworld_ominous_flow_blood_moon_ancient_monument.jpg,halloween,otherworld,ominous,flow,blood_moon,ancient_monument,1846784405,previews/studio/halloween/0567_otherworld_ominous_flow_blood_moon_ancient_monument.jpg,wallpapers/studio/halloween/0567_otherworld_ominous_flow_blood_moon_ancient_monument.jpg,65274,ok,"A single striking Halloween artwork made as a mobile phone wallpaper. One extraordinary focal idea, composed as a scene rather than an arrangement of seasonal objects. Vertical 9:16 mobile wallpaper, full-bleed edge to edge composition. The upper region of the frame is open and unadorned — atmosphere, gradient falloff or empty depth, no detail and no focal point there. The principal subject sits in the lower two thirds, weighted below centre and placed off the vertical axis. Clear depth across three planes: near, middle and far. No text, no letterforms, no numerals, no signature, no watermark, no logo, no border and no frame. An immense supernatural realm beneath impossible moons, eclipses and unfamiliar skies. Floating landscapes, colossal celestial bodies, ancient structures, luminous atmospheric phenomena and mysterious distant forms create overwhelming scale. Halloween imagery appears as if discovered in an alien mythology. Heavy darkness, approaching weather, deep directional shadows and isolated pools of illumination create mounting tension. The composition suggests that something enormous is about to happen without revealing exactly what it is. Continuous sweeping movement, interconnected forms, graceful curves and clear directional pathways carrying the eye through the composition. Blood red, crimson and burnt orange against black. A single colossal made object dominates, older than anything around it and built for a purpose nobody remembers."
150,0150_spectral_macabre_eruption_eclipse_endless_depth.jpg,halloween,spectral,macabre,eruption,eclipse,endless_depth,901150273,previews/studio/halloween/0150_spectral_macabre_eruption_eclipse_endless_depth.jpg,wallpapers/studio/halloween/0150_spectral_macabre_eruption_eclipse_endless_depth.jpg,67763,ok,"A single striking Halloween artwork made as a mobile phone wallpaper. One extraordinary focal idea, composed as a scene rather than an arrangement of seasonal objects. Vertical 9:16 mobile wallpaper, full-bleed edge to edge composition. The upper region of the frame is open and unadorned — atmosphere, gradient falloff or empty depth, no detail and no focal point there. The principal subject sits in the lower two thirds, weighted below centre and placed off the vertical axis. Clear depth across three planes: near, middle and far. No text, no letterforms, no numerals, no signature, no watermark, no logo, no border and no frame. A world suspended between physical reality and the spirit realm. Translucent apparitions, spectral architecture, luminous mist and enormous ghostly forms emerge from darkness, clouds, water and landscape. Solid objects dissolve into ethereal material and re-form elsewhere. Haunting, beautiful and otherworldly. Elegant darkness with stronger mortality and decay: aged surfaces, skeletal forms, dead vegetation, ruined grandeur and stark chiaroscuro. Sophisticated gothic beauty, disturbing details used sparingly against richly rendered darkness. Explosive outward movement, fragmented forms, dramatic displacement, extreme scale variation and dense controlled complexity radiating through the composition. Charcoal and black with burning gold and solar orange. The scene recedes far past where it should end, plane behind plane into immeasurable distance."
363,0363_occult_bewitched_surge_midnight_organic_geometry.jpg,halloween,occult,bewitched,surge,midnight,organic_geometry,1507768205,previews/studio/halloween/0363_occult_bewitched_surge_midnight_organic_geometry.jpg,wallpapers/studio/halloween/0363_occult_bewitched_surge_midnight_organic_geometry.jpg,67726,ok,"A single striking Halloween artwork made as a mobile phone wallpaper. One extraordinary focal idea, composed as a scene rather than an arrangement of seasonal objects. Vertical 9:16 mobile wallpaper, full-bleed edge to edge composition. The upper region of the frame is open and unadorned — atmosphere, gradient falloff or empty depth, no detail and no focal point there. The principal subject sits in the lower two thirds, weighted below centre and placed off the vertical axis. Clear depth across three planes: near, middle and far. No text, no letterforms, no numerals, no signature, no watermark, no logo, no border and no frame. An ancient world shaped by mysterious forbidden rituals: monumental circles, floating relics, candles, arcane geometry, strange altars, suspended objects and luminous symbols embedded into architecture and landscape. Invisible forces distort light, gravity and space. Sophisticated supernatural mystery. Seductive supernatural illumination, luminous haze and mysterious coloured light. Shadows remain soft and dimensional while magical highlights appear unexpectedly throughout the scene. Enchanting, mysterious and beautiful, with a subtle sense that something impossible is happening. Forceful directional movement, strong diagonals, overlapping forms, dynamic scale changes and pronounced visual momentum. Midnight blue, indigo and moon silver against near-black. Living forms arranged into exact geometry, or geometry grown the way a plant grows."
568,0568_otherworld_ominous_drift_pumpkin_fire_ancient_monument.jpg,halloween,otherworld,ominous,drift,pumpkin_fire,ancient_monument,206252872,previews/studio/halloween/0568_otherworld_ominous_drift_pumpkin_fire_ancient_monument.jpg,wallpapers/studio/halloween/0568_otherworld_ominous_drift_pumpkin_fire_ancient_monument.jpg,67824,ok,"A single striking Halloween artwork made as a mobile phone wallpaper. One extraordinary focal idea, composed as a scene rather than an arrangement of seasonal objects. Vertical 9:16 mobile wallpaper, full-bleed edge to edge composition. The upper region of the frame is open and unadorned — atmosphere, gradient falloff or empty depth, no detail and no focal point there. The principal subject sits in the lower two thirds, weighted below centre and placed off the vertical axis. Clear depth across three planes: near, middle and far. No text, no letterforms, no numerals, no signature, no watermark, no logo, no border and no frame. An immense supernatural realm beneath impossible moons, eclipses and unfamiliar skies. Floating landscapes, colossal celestial bodies, ancient structures, luminous atmospheric phenomena and mysterious distant forms create overwhelming scale. Halloween imagery appears as if discovered in an alien mythology. Heavy darkness, approaching weather, deep directional shadows and isolated pools of illumination create mounting tension. The composition suggests that something enormous is about to happen without revealing exactly what it is. Gentle directional movement, softly displaced forms, subtle asymmetry and relaxed visual flow across the composition. Pumpkin orange, amber and copper against deep umber. A single colossal made object dominates, older than anything around it and built for a purpose nobody remembers."
364,0364_occult_haunting_eruption_midnight_something_watching.jpg,halloween,occult,haunting,eruption,midnight,something_watching,2014720319,previews/studio/halloween/0364_occult_haunting_eruption_midnight_something_watching.jpg,wallpapers/studio/halloween/0364_occult_haunting_eruption_midnight_something_watching.jpg,63709,ok,"A single striking Halloween artwork made as a mobile phone wallpaper. One extraordinary focal idea, composed as a scene rather than an arrangement of seasonal objects. Vertical 9:16 mobile wallpaper, full-bleed edge to edge composition. The upper region of the frame is open and unadorned — atmosphere, gradient falloff or empty depth, no detail and no focal point there. The principal subject sits in the lower two thirds, weighted below centre and placed off the vertical axis. Clear depth across three planes: near, middle and far. No text, no letterforms, no numerals, no signature, no watermark, no logo, no border and no frame. An ancient world shaped by mysterious forbidden rituals: monumental circles, floating relics, candles, arcane geometry, strange altars, suspended objects and luminous symbols embedded into architecture and landscape. Invisible forces distort light, gravity and space. Sophisticated supernatural mystery. Quiet, melancholy and deeply atmospheric. Diffused moonlight, pale illumination, long shadows, drifting fog and restrained contrast create the feeling of a place inhabited by memories or unseen presences. Beautiful first, unsettling second. Explosive outward movement, fragmented forms, dramatic displacement, extreme scale variation and dense controlled complexity radiating through the composition. Midnight blue, indigo and moon silver against near-black. The composition is arranged around an unseen observer, and the scene knows it is being looked at."
569,0569_otherworld_macabre_flow_pumpkin_fire_endless_depth.jpg,halloween,otherworld,macabre,flow,pumpkin_fire,endless_depth,713204986,previews/studio/halloween/0569_otherworld_macabre_flow_pumpkin_fire_endless_depth.jpg,wallpapers/studio/halloween/0569_otherworld_macabre_flow_pumpkin_fire_endless_depth.jpg,63346,ok,"A single striking Halloween artwork made as a mobile phone wallpaper. One extraordinary focal idea, composed as a scene rather than an arrangement of seasonal objects. Vertical 9:16 mobile wallpaper, full-bleed edge to edge composition. The upper region of the frame is open and unadorned — atmosphere, gradient falloff or empty depth, no detail and no focal point there. The principal subject sits in the lower two thirds, weighted below centre and placed off the vertical axis. Clear depth across three planes: near, middle and far. No text, no letterforms, no numerals, no signature, no watermark, no logo, no border and no frame. An immense supernatural realm beneath impossible moons, eclipses and unfamiliar skies. Floating landscapes, colossal celestial bodies, ancient structures, luminous atmospheric phenomena and mysterious distant forms create overwhelming scale. Halloween imagery appears as if discovered in an alien mythology. Elegant darkness with stronger mortality and decay: aged surfaces, skeletal forms, dead vegetation, ruined grandeur and stark chiaroscuro. Sophisticated gothic beauty, disturbing details used sparingly against richly rendered darkness. Continuous sweeping movement, interconnected forms, graceful curves and clear directional pathways carrying the eye through the composition. Pumpkin orange, amber and copper against deep umber. The scene recedes far past where it should end, plane behind plane into immeasurable distance."
151,0151_spectral_nightmarish_stillness_eclipse_emerging_form.jpg,halloween,spectral,nightmarish,stillness,eclipse,emerging_form,1408102387,previews/studio/halloween/0151_spectral_nightmarish_stillness_eclipse_emerging_form.jpg,wallpapers/studio/halloween/0151_spectral_nightmarish_stillness_eclipse_emerging_form.jpg,64332,ok,"A single striking Halloween artwork made as a mobile phone wallpaper. One extraordinary focal idea, composed as a scene rather than an arrangement of seasonal objects. Vertical 9:16 mobile wallpaper, full-bleed edge to edge composition. The upper region of the frame is open and unadorned — atmosphere, gradient falloff or empty depth, no detail and no focal point there. The principal subject sits in the lower two thirds, weighted below centre and placed off the vertical axis. Clear depth across three planes: near, middle and far. No text, no letterforms, no numerals, no signature, no watermark, no logo, no border and no frame. A world suspended between physical reality and the spirit realm. Translucent apparitions, spectral architecture, luminous mist and enormous ghostly forms emerge from darkness, clouds, water and landscape. Solid objects dissolve into ethereal material and re-form elsewhere. Haunting, beautiful and otherworldly. Unnatural lighting, extreme scale, distorted depth and impossible shadows make the scene feel like a vivid nightmare. Familiar forms become subtly wrong and visual logic begins to break down. Intensely unsettling and surreal, sophisticated and visually spectacular. Centered, balanced composition with generous negative space, minimal directional movement, simple large forms and a strong sense of visual stability. Charcoal and black with burning gold and solar orange. A shape is resolving out of the environment itself, half-formed and still becoming."
365,0365_occult_ominous_stillness_midnight_impossible_scale.jpg,halloween,occult,ominous,stillness,midnight,impossible_scale,374188786,previews/studio/halloween/0365_occult_ominous_stillness_midnight_impossible_scale.jpg,wallpapers/studio/halloween/0365_occult_ominous_stillness_midnight_impossible_scale.jpg,64765,ok,"A single striking Halloween artwork made as a mobile phone wallpaper. One extraordinary focal idea, composed as a scene rather than an arrangement of seasonal objects. Vertical 9:16 mobile wallpaper, full-bleed edge to edge composition. The upper region of the frame is open and unadorned — atmosphere, gradient falloff or empty depth, no detail and no focal point there. The principal subject sits in the lower two thirds, weighted below centre and placed off the vertical axis. Clear depth across three planes: near, middle and far. No text, no letterforms, no numerals, no signature, no watermark, no logo, no border and no frame. An ancient world shaped by mysterious forbidden rituals: monumental circles, floating relics, candles, arcane geometry, strange altars, suspended objects and luminous symbols embedded into architecture and landscape. Invisible forces distort light, gravity and space. Sophisticated supernatural mystery. Heavy darkness, approaching weather, deep directional shadows and isolated pools of illumination create mounting tension. The composition suggests that something enormous is about to happen without revealing exactly what it is. Centered, balanced composition with generous negative space, minimal directional movement, simple large forms and a strong sense of visual stability. Midnight blue, indigo and moon silver against near-black. One element is vastly larger than it could be, dwarfing everything around it."
152,0152_spectral_nightmarish_eruption_phantom_rose_emerging_form.jpg,halloween,spectral,nightmarish,eruption,phantom_rose,emerging_form,1915054501,previews/studio/halloween/0152_spectral_nightmarish_eruption_phantom_rose_emerging_form.jpg,wallpapers/studio/halloween/0152_spectral_nightmarish_eruption_phantom_rose_emerging_form.jpg,64473,ok,"A single striking Halloween artwork made as a mobile phone wallpaper. One extraordinary focal idea, composed as a scene rather than an arrangement of seasonal objects. Vertical 9:16 mobile wallpaper, full-bleed edge to edge composition. The upper region of the frame is open and unadorned — atmosphere, gradient falloff or empty depth, no detail and no focal point there. The principal subject sits in the lower two thirds, weighted below centre and placed off the vertical axis. Clear depth across three planes: near, middle and far. No text, no letterforms, no numerals, no signature, no watermark, no logo, no border and no frame. A world suspended between physical reality and the spirit realm. Translucent apparitions, spectral architecture, luminous mist and enormous ghostly forms emerge from darkness, clouds, water and landscape. Solid objects dissolve into ethereal material and re-form elsewhere. Haunting, beautiful and otherworldly. Unnatural lighting, extreme scale, distorted depth and impossible shadows make the scene feel like a vivid nightmare. Familiar forms become subtly wrong and visual logic begins to break down. Intensely unsettling and surreal, sophisticated and visually spectacular. Explosive outward movement, fragmented forms, dramatic displacement, extreme scale variation and dense controlled complexity radiating through the composition. Spectral lavender, dusty rose and pale moonlight against smoky violet. A shape is resolving out of the environment itself, half-formed and still becoming."
570,0570_otherworld_nightmarish_surge_pumpkin_fire_emerging_form.jpg,halloween,otherworld,nightmarish,surge,pumpkin_fire,emerging_form,1220157100,previews/studio/halloween/0570_otherworld_nightmarish_surge_pumpkin_fire_emerging_form.jpg,wallpapers/studio/halloween/0570_otherworld_nightmarish_surge_pumpkin_fire_emerging_form.jpg,64722,ok,"A single striking Halloween artwork made as a mobile phone wallpaper. One extraordinary focal idea, composed as a scene rather than an arrangement of seasonal objects. Vertical 9:16 mobile wallpaper, full-bleed edge to edge composition. The upper region of the frame is open and unadorned — atmosphere, gradient falloff or empty depth, no detail and no focal point there. The principal subject sits in the lower two thirds, weighted below centre and placed off the vertical axis. Clear depth across three planes: near, middle and far. No text, no letterforms, no numerals, no signature, no watermark, no logo, no border and no frame. An immense supernatural realm beneath impossible moons, eclipses and unfamiliar skies. Floating landscapes, colossal celestial bodies, ancient structures, luminous atmospheric phenomena and mysterious distant forms create overwhelming scale. Halloween imagery appears as if discovered in an alien mythology. Unnatural lighting, extreme scale, distorted depth and impossible shadows make the scene feel like a vivid nightmare. Familiar forms become subtly wrong and visual logic begins to break down. Intensely unsettling and surreal, sophisticated and visually spectacular. Forceful directional movement, strong diagonals, overlapping forms, dynamic scale changes and pronounced visual momentum. Pumpkin orange, amber and copper against deep umber. A shape is resolving out of the environment itself, half-formed and still becoming."
153,0153_spectral_majestic_stillness_phantom_rose_impossible_weather.jpg,halloween,spectral,majestic,stillness,phantom_rose,impossible_weather,274522968,previews/studio/halloween/0153_spectral_majestic_stillness_phantom_rose_impossible_weather.jpg,wallpapers/studio/halloween/0153_spectral_majestic_stillness_phantom_rose_impossible_weather.jpg,64196,ok,"A single striking Halloween artwork made as a mobile phone wallpaper. One extraordinary focal idea, composed as a scene rather than an arrangement of seasonal objects. Vertical 9:16 mobile wallpaper, full-bleed edge to edge composition. The upper region of the frame is open and unadorned — atmosphere, gradient falloff or empty depth, no detail and no focal point there. The principal subject sits in the lower two thirds, weighted below centre and placed off the vertical axis. Clear depth across three planes: near, middle and far. No text, no letterforms, no numerals, no signature, no watermark, no logo, no border and no frame. A world suspended between physical reality and the spirit realm. Translucent apparitions, spectral architecture, luminous mist and enormous ghostly forms emerge from darkness, clouds, water and landscape. Solid objects dissolve into ethereal material and re-form elsewhere. Haunting, beautiful and otherworldly. Grand cinematic illumination, monumental scale, deep dimensional contrast and radiant focal light. Darkness frames moments of extraordinary beauty and power. The scene inspires awe as much as fear, treating Halloween fantasy with the visual grandeur of an epic myth. Centered, balanced composition with generous negative space, minimal directional movement, simple large forms and a strong sense of visual stability. Spectral lavender, dusty rose and pale moonlight against smoky violet. The atmosphere does something it could not: falling upward, standing still, burning, or moving as one body."
571,0571_otherworld_majestic_eruption_pumpkin_fire_impossible_weather.jpg,halloween,otherworld,majestic,eruption,pumpkin_fire,impossible_weather,1727109214,previews/studio/halloween/0571_otherworld_majestic_eruption_pumpkin_fire_impossible_weather.jpg,wallpapers/studio/halloween/0571_otherworld_majestic_eruption_pumpkin_fire_impossible_weather.jpg,64178,ok,"A single striking Halloween artwork made as a mobile phone wallpaper. One extraordinary focal idea, composed as a scene rather than an arrangement of seasonal objects. Vertical 9:16 mobile wallpaper, full-bleed edge to edge composition. The upper region of the frame is open and unadorned — atmosphere, gradient falloff or empty depth, no detail and no focal point there. The principal subject sits in the lower two thirds, weighted below centre and placed off the vertical axis. Clear depth across three planes: near, middle and far. No text, no letterforms, no numerals, no signature, no watermark, no logo, no border and no frame. An immense supernatural realm beneath impossible moons, eclipses and unfamiliar skies. Floating landscapes, colossal celestial bodies, ancient structures, luminous atmospheric phenomena and mysterious distant forms create overwhelming scale. Halloween imagery appears as if discovered in an alien mythology. Grand cinematic illumination, monumental scale, deep dimensional contrast and radiant focal light. Darkness frames moments of extraordinary beauty and power. The scene inspires awe as much as fear, treating Halloween fantasy with the visual grandeur of an epic myth. Explosive outward movement, fragmented forms, dramatic displacement, extreme scale variation and dense controlled complexity radiating through the composition. Pumpkin orange, amber and copper against deep umber. The atmosphere does something it could not: falling upward, standing still, burning, or moving as one body."
366,0366_occult_macabre_drift_midnight_living_architecture.jpg,halloween,occult,macabre,drift,midnight,living_architecture,881140900,previews/studio/halloween/0366_occult_macabre_drift_midnight_living_architecture.jpg,wallpapers/studio/halloween/0366_occult_macabre_drift_midnight_living_architecture.jpg,64620,ok,"A single striking Halloween artwork made as a mobile phone wallpaper. One extraordinary focal idea, composed as a scene rather than an arrangement of seasonal objects. Vertical 9:16 mobile wallpaper, full-bleed edge to edge composition. The upper region of the frame is open and unadorned — atmosphere, gradient falloff or empty depth, no detail and no focal point there. The principal subject sits in the lower two thirds, weighted below centre and placed off the vertical axis. Clear depth across three planes: near, middle and far. No text, no letterforms, no numerals, no signature, no watermark, no logo, no border and no frame. An ancient world shaped by mysterious forbidden rituals: monumental circles, floating relics, candles, arcane geometry, strange altars, suspended objects and luminous symbols embedded into architecture and landscape. Invisible forces distort light, gravity and space. Sophisticated supernatural mystery. Elegant darkness with stronger mortality and decay: aged surfaces, skeletal forms, dead vegetation, ruined grandeur and stark chiaroscuro. Sophisticated gothic beauty, disturbing details used sparingly against richly rendered darkness. Gentle directional movement, softly displaced forms, subtle asymmetry and relaxed visual flow across the composition. Midnight blue, indigo and moon silver against near-black. Built structures behave like a creature: breathing, watching, reaching, or forming a silhouette that is almost a body."
154,0154_spectral_bewitched_drift_phantom_rose_organic_geometry.jpg,halloween,spectral,bewitched,drift,phantom_rose,organic_geometry,781475082,previews/studio/halloween/0154_spectral_bewitched_drift_phantom_rose_organic_geometry.jpg,wallpapers/studio/halloween/0154_spectral_bewitched_drift_phantom_rose_organic_geometry.jpg,64771,ok,"A single striking Halloween artwork made as a mobile phone wallpaper. One extraordinary focal idea, composed as a scene rather than an arrangement of seasonal objects. Vertical 9:16 mobile wallpaper, full-bleed edge to edge composition. The upper region of the frame is open and unadorned — atmosphere, gradient falloff or empty depth, no detail and no focal point there. The principal subject sits in the lower two thirds, weighted below centre and placed off the vertical axis. Clear depth across three planes: near, middle and far. No text, no letterforms, no numerals, no signature, no watermark, no logo, no border and no frame. A world suspended between physical reality and the spirit realm. Translucent apparitions, spectral architecture, luminous mist and enormous ghostly forms emerge from darkness, clouds, water and landscape. Solid objects dissolve into ethereal material and re-form elsewhere. Haunting, beautiful and otherworldly. Seductive supernatural illumination, luminous haze and mysterious coloured light. Shadows remain soft and dimensional while magical highlights appear unexpectedly throughout the scene. Enchanting, mysterious and beautiful, with a subtle sense that something impossible is happening. Gentle directional movement, softly displaced forms, subtle asymmetry and relaxed visual flow across the composition. Spectral lavender, dusty rose and pale moonlight against smoky violet. Living forms arranged into exact geometry, or geometry grown the way a plant grows."
572,0572_otherworld_bewitched_stillness_pumpkin_fire_organic_geometry.jpg,halloween,otherworld,bewitched,stillness,pumpkin_fire,organic_geometry,86577681,previews/studio/halloween/0572_otherworld_bewitched_stillness_pumpkin_fire_organic_geometry.jpg,wallpapers/studio/halloween/0572_otherworld_bewitched_stillness_pumpkin_fire_organic_geometry.jpg,64937,ok,"A single striking Halloween artwork made as a mobile phone wallpaper. One extraordinary focal idea, composed as a scene rather than an arrangement of seasonal objects. Vertical 9:16 mobile wallpaper, full-bleed edge to edge composition. The upper region of the frame is open and unadorned — atmosphere, gradient falloff or empty depth, no detail and no focal point there. The principal subject sits in the lower two thirds, weighted below centre and placed off the vertical axis. Clear depth across three planes: near, middle and far. No text, no letterforms, no numerals, no signature, no watermark, no logo, no border and no frame. An immense supernatural realm beneath impossible moons, eclipses and unfamiliar skies. Floating landscapes, colossal celestial bodies, ancient structures, luminous atmospheric phenomena and mysterious distant forms create overwhelming scale. Halloween imagery appears as if discovered in an alien mythology. Seductive supernatural illumination, luminous haze and mysterious coloured light. Shadows remain soft and dimensional while magical highlights appear unexpectedly throughout the scene. Enchanting, mysterious and beautiful, with a subtle sense that something impossible is happening. Centered, balanced composition with generous negative space, minimal directional movement, simple large forms and a strong sense of visual stability. Pumpkin orange, amber and copper against deep umber. Living forms arranged into exact geometry, or geometry grown the way a plant grows."
367,0367_occult_nightmarish_flow_midnight_beautiful_decay.jpg,halloween,occult,nightmarish,flow,midnight,beautiful_decay,1388093014,previews/studio/halloween/0367_occult_nightmarish_flow_midnight_beautiful_decay.jpg,wallpapers/studio/halloween/0367_occult_nightmarish_flow_midnight_beautiful_decay.jpg,64672,ok,"A single striking Halloween artwork made as a mobile phone wallpaper. One extraordinary focal idea, composed as a scene rather than an arrangement of seasonal objects. Vertical 9:16 mobile wallpaper, full-bleed edge to edge composition. The upper region of the frame is open and unadorned — atmosphere, gradient falloff or empty depth, no detail and no focal point there. The principal subject sits in the lower two thirds, weighted below centre and placed off the vertical axis. Clear depth across three planes: near, middle and far. No text, no letterforms, no numerals, no signature, no watermark, no logo, no border and no frame. An ancient world shaped by mysterious forbidden rituals: monumental circles, floating relics, candles, arcane geometry, strange altars, suspended objects and luminous symbols embedded into architecture and landscape. Invisible forces distort light, gravity and space. Sophisticated supernatural mystery. Unnatural lighting, extreme scale, distorted depth and impossible shadows make the scene feel like a vivid nightmare. Familiar forms become subtly wrong and visual logic begins to break down. Intensely unsettling and surreal, sophisticated and visually spectacular. Continuous sweeping movement, interconnected forms, graceful curves and clear directional pathways carrying the eye through the composition. Midnight blue, indigo and moon silver against near-black. Ruin rendered as splendour: collapse, erosion and overgrowth arranged into something lovelier than the intact thing was."
155,0155_spectral_haunting_flow_phantom_rose_something_watching.jpg,halloween,spectral,haunting,flow,phantom_rose,something_watching,1288427196,previews/studio/halloween/0155_spectral_haunting_flow_phantom_rose_something_watching.jpg,wallpapers/studio/halloween/0155_spectral_haunting_flow_phantom_rose_something_watching.jpg,64559,ok,"A single striking Halloween artwork made as a mobile phone wallpaper. One extraordinary focal idea, composed as a scene rather than an arrangement of seasonal objects. Vertical 9:16 mobile wallpaper, full-bleed edge to edge composition. The upper region of the frame is open and unadorned — atmosphere, gradient falloff or empty depth, no detail and no focal point there. The principal subject sits in the lower two thirds, weighted below centre and placed off the vertical axis. Clear depth across three planes: near, middle and far. No text, no letterforms, no numerals, no signature, no watermark, no logo, no border and no frame. A world suspended between physical reality and the spirit realm. Translucent apparitions, spectral architecture, luminous mist and enormous ghostly forms emerge from darkness, clouds, water and landscape. Solid objects dissolve into ethereal material and re-form elsewhere. Haunting, beautiful and otherworldly. Quiet, melancholy and deeply atmospheric. Diffused moonlight, pale illumination, long shadows, drifting fog and restrained contrast create the feeling of a place inhabited by memories or unseen presences. Beautiful first, unsettling second. Continuous sweeping movement, interconnected forms, graceful curves and clear directional pathways carrying the eye through the composition. Spectral lavender, dusty rose and pale moonlight against smoky violet. The composition is arranged around an unseen observer, and the scene knows it is being looked at."
573,0573_otherworld_haunting_drift_pumpkin_fire_something_watching.jpg,halloween,otherworld,haunting,drift,pumpkin_fire,something_watching,593529795,previews/studio/halloween/0573_otherworld_haunting_drift_pumpkin_fire_something_watching.jpg,wallpapers/studio/halloween/0573_otherworld_haunting_drift_pumpkin_fire_something_watching.jpg,65355,ok,"A single striking Halloween artwork made as a mobile phone wallpaper. One extraordinary focal idea, composed as a scene rather than an arrangement of seasonal objects. Vertical 9:16 mobile wallpaper, full-bleed edge to edge composition. The upper region of the frame is open and unadorned — atmosphere, gradient falloff or empty depth, no detail and no focal point there. The principal subject sits in the lower two thirds, weighted below centre and placed off the vertical axis. Clear depth across three planes: near, middle and far. No text, no letterforms, no numerals, no signature, no watermark, no logo, no border and no frame. An immense supernatural realm beneath impossible moons, eclipses and unfamiliar skies. Floating landscapes, colossal celestial bodies, ancient structures, luminous atmospheric phenomena and mysterious distant forms create overwhelming scale. Halloween imagery appears as if discovered in an alien mythology. Quiet, melancholy and deeply atmospheric. Diffused moonlight, pale illumination, long shadows, drifting fog and restrained contrast create the feeling of a place inhabited by memories or unseen presences. Beautiful first, unsettling second. Gentle directional movement, softly displaced forms, subtle asymmetry and relaxed visual flow across the composition. Pumpkin orange, amber and copper against deep umber. The composition is arranged around an unseen observer, and the scene knows it is being looked at."
368,0368_occult_nightmarish_drift_dead_forest_beautiful_decay.jpg,halloween,occult,nightmarish,drift,dead_forest,beautiful_decay,1895045128,previews/studio/halloween/0368_occult_nightmarish_drift_dead_forest_beautiful_decay.jpg,wallpapers/studio/halloween/0368_occult_nightmarish_drift_dead_forest_beautiful_decay.jpg,65349,ok,"A single striking Halloween artwork made as a mobile phone wallpaper. One extraordinary focal idea, composed as a scene rather than an arrangement of seasonal objects. Vertical 9:16 mobile wallpaper, full-bleed edge to edge composition. The upper region of the frame is open and unadorned — atmosphere, gradient falloff or empty depth, no detail and no focal point there. The principal subject sits in the lower two thirds, weighted below centre and placed off the vertical axis. Clear depth across three planes: near, middle and far. No text, no letterforms, no numerals, no signature, no watermark, no logo, no border and no frame. An ancient world shaped by mysterious forbidden rituals: monumental circles, floating relics, candles, arcane geometry, strange altars, suspended objects and luminous symbols embedded into architecture and landscape. Invisible forces distort light, gravity and space. Sophisticated supernatural mystery. Unnatural lighting, extreme scale, distorted depth and impossible shadows make the scene feel like a vivid nightmare. Familiar forms become subtly wrong and visual logic begins to break down. Intensely unsettling and surreal, sophisticated and visually spectacular. Gentle directional movement, softly displaced forms, subtle asymmetry and relaxed visual flow across the composition. Umber, moss green and rust against smoky black. Ruin rendered as splendour: collapse, erosion and overgrowth arranged into something lovelier than the intact thing was."
156,0156_spectral_ominous_surge_phantom_rose_impossible_scale.jpg,halloween,spectral,ominous,surge,phantom_rose,impossible_scale,1795379310,previews/studio/halloween/0156_spectral_ominous_surge_phantom_rose_impossible_scale.jpg,wallpapers/studio/halloween/0156_spectral_ominous_surge_phantom_rose_impossible_scale.jpg,67054,ok,"A single striking Halloween artwork made as a mobile phone wallpaper. One extraordinary focal idea, composed as a scene rather than an arrangement of seasonal objects. Vertical 9:16 mobile wallpaper, full-bleed edge to edge composition. The upper region of the frame is open and unadorned — atmosphere, gradient falloff or empty depth, no detail and no focal point there. The principal subject sits in the lower two thirds, weighted below centre and placed off the vertical axis. Clear depth across three planes: near, middle and far. No text, no letterforms, no numerals, no signature, no watermark, no logo, no border and no frame. A world suspended between physical reality and the spirit realm. Translucent apparitions, spectral architecture, luminous mist and enormous ghostly forms emerge from darkness, clouds, water and landscape. Solid objects dissolve into ethereal material and re-form elsewhere. Haunting, beautiful and otherworldly. Heavy darkness, approaching weather, deep directional shadows and isolated pools of illumination create mounting tension. The composition suggests that something enormous is about to happen without revealing exactly what it is. Forceful directional movement, strong diagonals, overlapping forms, dynamic scale changes and pronounced visual momentum. Spectral lavender, dusty rose and pale moonlight against smoky violet. One element is vastly larger than it could be, dwarfing everything around it."
574,0574_otherworld_ominous_flow_pumpkin_fire_impossible_scale.jpg,halloween,otherworld,ominous,flow,pumpkin_fire,impossible_scale,1100481909,previews/studio/halloween/0574_otherworld_ominous_flow_pumpkin_fire_impossible_scale.jpg,wallpapers/studio/halloween/0574_otherworld_ominous_flow_pumpkin_fire_impossible_scale.jpg,66236,ok,"A single striking Halloween artwork made as a mobile phone wallpaper. One extraordinary focal idea, composed as a scene rather than an arrangement of seasonal objects. Vertical 9:16 mobile wallpaper, full-bleed edge to edge composition. The upper region of the frame is open and unadorned — atmosphere, gradient falloff or empty depth, no detail and no focal point there. The principal subject sits in the lower two thirds, weighted below centre and placed off the vertical axis. Clear depth across three planes: near, middle and far. No text, no letterforms, no numerals, no signature, no watermark, no logo, no border and no frame. An immense supernatural realm beneath impossible moons, eclipses and unfamiliar skies. Floating landscapes, colossal celestial bodies, ancient structures, luminous atmospheric phenomena and mysterious distant forms create overwhelming scale. Halloween imagery appears as if discovered in an alien mythology. Heavy darkness, approaching weather, deep directional shadows and isolated pools of illumination create mounting tension. The composition suggests that something enormous is about to happen without revealing exactly what it is. Continuous sweeping movement, interconnected forms, graceful curves and clear directional pathways carrying the eye through the composition. Pumpkin orange, amber and copper against deep umber. One element is vastly larger than it could be, dwarfing everything around it."
369,0369_occult_majestic_flow_dead_forest_hidden_presence.jpg,halloween,occult,majestic,flow,dead_forest,hidden_presence,254513595,previews/studio/halloween/0369_occult_majestic_flow_dead_forest_hidden_presence.jpg,wallpapers/studio/halloween/0369_occult_majestic_flow_dead_forest_hidden_presence.jpg,66272,ok,"A single striking Halloween artwork made as a mobile phone wallpaper. One extraordinary focal idea, composed as a scene rather than an arrangement of seasonal objects. Vertical 9:16 mobile wallpaper, full-bleed edge to edge composition. The upper region of the frame is open and unadorned — atmosphere, gradient falloff or empty depth, no detail and no focal point there. The principal subject sits in the lower two thirds, weighted below centre and placed off the vertical axis. Clear depth across three planes: near, middle and far. No text, no letterforms, no numerals, no signature, no watermark, no logo, no border and no frame. An ancient world shaped by mysterious forbidden rituals: monumental circles, floating relics, candles, arcane geometry, strange altars, suspended objects and luminous symbols embedded into architecture and landscape. Invisible forces distort light, gravity and space. Sophisticated supernatural mystery. Grand cinematic illumination, monumental scale, deep dimensional contrast and radiant focal light. Darkness frames moments of extraordinary beauty and power. The scene inspires awe as much as fear, treating Halloween fantasy with the visual grandeur of an epic myth. Continuous sweeping movement, interconnected forms, graceful curves and clear directional pathways carrying the eye through the composition. Umber, moss green and rust against smoky black. Something enormous is barely perceptible within the scene, read only as a shape in the mist, the stone or the shadow."
157,0157_spectral_macabre_eruption_phantom_rose_living_architecture.jpg,halloween,spectral,macabre,eruption,phantom_rose,living_architecture,154847777,previews/studio/halloween/0157_spectral_macabre_eruption_phantom_rose_living_architecture.jpg,wallpapers/studio/halloween/0157_spectral_macabre_eruption_phantom_rose_living_architecture.jpg,64154,ok,"A single striking Halloween artwork made as a mobile phone wallpaper. One extraordinary focal idea, composed as a scene rather than an arrangement of seasonal objects. Vertical 9:16 mobile wallpaper, full-bleed edge to edge composition. The upper region of the frame is open and unadorned — atmosphere, gradient falloff or empty depth, no detail and no focal point there. The principal subject sits in the lower two thirds, weighted below centre and placed off the vertical axis. Clear depth across three planes: near, middle and far. No text, no letterforms, no numerals, no signature, no watermark, no logo, no border and no frame. A world suspended between physical reality and the spirit realm. Translucent apparitions, spectral architecture, luminous mist and enormous ghostly forms emerge from darkness, clouds, water and landscape. Solid objects dissolve into ethereal material and re-form elsewhere. Haunting, beautiful and otherworldly. Elegant darkness with stronger mortality and decay: aged surfaces, skeletal forms, dead vegetation, ruined grandeur and stark chiaroscuro. Sophisticated gothic beauty, disturbing details used sparingly against richly rendered darkness. Explosive outward movement, fragmented forms, dramatic displacement, extreme scale variation and dense controlled complexity radiating through the composition. Spectral lavender, dusty rose and pale moonlight against smoky violet. Built structures behave like a creature: breathing, watching, reaching, or forming a silhouette that is almost a body."
575,0575_otherworld_macabre_surge_pumpkin_fire_living_architecture.jpg,halloween,otherworld,macabre,surge,pumpkin_fire,living_architecture,1607434023,previews/studio/halloween/0575_otherworld_macabre_surge_pumpkin_fire_living_architecture.jpg,wallpapers/studio/halloween/0575_otherworld_macabre_surge_pumpkin_fire_living_architecture.jpg,64120,ok,"A single striking Halloween artwork made as a mobile phone wallpaper. One extraordinary focal idea, composed as a scene rather than an arrangement of seasonal objects. Vertical 9:16 mobile wallpaper, full-bleed edge to edge composition. The upper region of the frame is open and unadorned — atmosphere, gradient falloff or empty depth, no detail and no focal point there. The principal subject sits in the lower two thirds, weighted below centre and placed off the vertical axis. Clear depth across three planes: near, middle and far. No text, no letterforms, no numerals, no signature, no watermark, no logo, no border and no frame. An immense supernatural realm beneath impossible moons, eclipses and unfamiliar skies. Floating landscapes, colossal celestial bodies, ancient structures, luminous atmospheric phenomena and mysterious distant forms create overwhelming scale. Halloween imagery appears as if discovered in an alien mythology. Elegant darkness with stronger mortality and decay: aged surfaces, skeletal forms, dead vegetation, ruined grandeur and stark chiaroscuro. Sophisticated gothic beauty, disturbing details used sparingly against richly rendered darkness. Forceful directional movement, strong diagonals, overlapping forms, dynamic scale changes and pronounced visual momentum. Pumpkin orange, amber and copper against deep umber. Built structures behave like a creature: breathing, watching, reaching, or forming a silhouette that is almost a body."
370,0370_occult_bewitched_surge_dead_forest_material_transformation.jpg,halloween,occult,bewitched,surge,dead_forest,material_transformation,761465709,previews/studio/halloween/0370_occult_bewitched_surge_dead_forest_material_transformation.jpg,wallpapers/studio/halloween/0370_occult_bewitched_surge_dead_forest_material_transformation.jpg,64400,ok,"A single striking Halloween artwork made as a mobile phone wallpaper. One extraordinary focal idea, composed as a scene rather than an arrangement of seasonal objects. Vertical 9:16 mobile wallpaper, full-bleed edge to edge composition. The upper region of the frame is open and unadorned — atmosphere, gradient falloff or empty depth, no detail and no focal point there. The principal subject sits in the lower two thirds, weighted below centre and placed off the vertical axis. Clear depth across three planes: near, middle and far. No text, no letterforms, no numerals, no signature, no watermark, no logo, no border and no frame. An ancient world shaped by mysterious forbidden rituals: monumental circles, floating relics, candles, arcane geometry, strange altars, suspended objects and luminous symbols embedded into architecture and landscape. Invisible forces distort light, gravity and space. Sophisticated supernatural mystery. Seductive supernatural illumination, luminous haze and mysterious coloured light. Shadows remain soft and dimensional while magical highlights appear unexpectedly throughout the scene. Enchanting, mysterious and beautiful, with a subtle sense that something impossible is happening. Forceful directional movement, strong diagonals, overlapping forms, dynamic scale changes and pronounced visual momentum. Umber, moss green and rust against smoky black. One substance becomes another mid-form: stone into smoke, water into glass, cloth into flame."
576,0576_otherworld_macabre_flow_witchlight_living_architecture.jpg,halloween,otherworld,macabre,flow,witchlight,living_architecture,2114386137,previews/studio/halloween/0576_otherworld_macabre_flow_witchlight_living_architecture.jpg,wallpapers/studio/halloween/0576_otherworld_macabre_flow_witchlight_living_architecture.jpg,64839,ok,"A single striking Halloween artwork made as a mobile phone wallpaper. One extraordinary focal idea, composed as a scene rather than an arrangement of seasonal objects. Vertical 9:16 mobile wallpaper, full-bleed edge to edge composition. The upper region of the frame is open and unadorned — atmosphere, gradient falloff or empty depth, no detail and no focal point there. The principal subject sits in the lower two thirds, weighted below centre and placed off the vertical axis. Clear depth across three planes: near, middle and far. No text, no letterforms, no numerals, no signature, no watermark, no logo, no border and no frame. An immense supernatural realm beneath impossible moons, eclipses and unfamiliar skies. Floating landscapes, colossal celestial bodies, ancient structures, luminous atmospheric phenomena and mysterious distant forms create overwhelming scale. Halloween imagery appears as if discovered in an alien mythology. Elegant darkness with stronger mortality and decay: aged surfaces, skeletal forms, dead vegetation, ruined grandeur and stark chiaroscuro. Sophisticated gothic beauty, disturbing details used sparingly against richly rendered darkness. Continuous sweeping movement, interconnected forms, graceful curves and clear directional pathways carrying the eye through the composition. Violet, ultraviolet and magenta against black. Built structures behave like a creature: breathing, watching, reaching, or forming a silhouette that is almost a body."
371,0371_occult_haunting_eruption_dead_forest_unnatural_light.jpg,halloween,occult,haunting,eruption,dead_forest,unnatural_light,1268417823,previews/studio/halloween/0371_occult_haunting_eruption_dead_forest_unnatural_light.jpg,wallpapers/studio/halloween/0371_occult_haunting_eruption_dead_forest_unnatural_light.jpg,64720,ok,"A single striking Halloween artwork made as a mobile phone wallpaper. One extraordinary focal idea, composed as a scene rather than an arrangement of seasonal objects. Vertical 9:16 mobile wallpaper, full-bleed edge to edge composition. The upper region of the frame is open and unadorned — atmosphere, gradient falloff or empty depth, no detail and no focal point there. The principal subject sits in the lower two thirds, weighted below centre and placed off the vertical axis. Clear depth across three planes: near, middle and far. No text, no letterforms, no numerals, no signature, no watermark, no logo, no border and no frame. An ancient world shaped by mysterious forbidden rituals: monumental circles, floating relics, candles, arcane geometry, strange altars, suspended objects and luminous symbols embedded into architecture and landscape. Invisible forces distort light, gravity and space. Sophisticated supernatural mystery. Quiet, melancholy and deeply atmospheric. Diffused moonlight, pale illumination, long shadows, drifting fog and restrained contrast create the feeling of a place inhabited by memories or unseen presences. Beautiful first, unsettling second. Explosive outward movement, fragmented forms, dramatic displacement, extreme scale variation and dense controlled complexity radiating through the composition. Umber, moss green and rust against smoky black. Light behaves impossibly: falling upward, casting the wrong shadow, glowing from within a solid, or illuminating only one thing."
158,0158_spectral_nightmarish_stillness_phantom_rose_beautiful_decay.jpg,halloween,spectral,nightmarish,stillness,phantom_rose,beautiful_decay,661799891,previews/studio/halloween/0158_spectral_nightmarish_stillness_phantom_rose_beautiful_decay.jpg,wallpapers/studio/halloween/0158_spectral_nightmarish_stillness_phantom_rose_beautiful_decay.jpg,65608,ok,"A single striking Halloween artwork made as a mobile phone wallpaper. One extraordinary focal idea, composed as a scene rather than an arrangement of seasonal objects. Vertical 9:16 mobile wallpaper, full-bleed edge to edge composition. The upper region of the frame is open and unadorned — atmosphere, gradient falloff or empty depth, no detail and no focal point there. The principal subject sits in the lower two thirds, weighted below centre and placed off the vertical axis. Clear depth across three planes: near, middle and far. No text, no letterforms, no numerals, no signature, no watermark, no logo, no border and no frame. A world suspended between physical reality and the spirit realm. Translucent apparitions, spectral architecture, luminous mist and enormous ghostly forms emerge from darkness, clouds, water and landscape. Solid objects dissolve into ethereal material and re-form elsewhere. Haunting, beautiful and otherworldly. Unnatural lighting, extreme scale, distorted depth and impossible shadows make the scene feel like a vivid nightmare. Familiar forms become subtly wrong and visual logic begins to break down. Intensely unsettling and surreal, sophisticated and visually spectacular. Centered, balanced composition with generous negative space, minimal directional movement, simple large forms and a strong sense of visual stability. Spectral lavender, dusty rose and pale moonlight against smoky violet. Ruin rendered as splendour: collapse, erosion and overgrowth arranged into something lovelier than the intact thing was."
159,0159_spectral_majestic_drift_phantom_rose_hidden_presence.jpg,halloween,spectral,majestic,drift,phantom_rose,hidden_presence,1168752005,previews/studio/halloween/0159_spectral_majestic_drift_phantom_rose_hidden_presence.jpg,wallpapers/studio/halloween/0159_spectral_majestic_drift_phantom_rose_hidden_presence.jpg,63850,ok,"A single striking Halloween artwork made as a mobile phone wallpaper. One extraordinary focal idea, composed as a scene rather than an arrangement of seasonal objects. Vertical 9:16 mobile wallpaper, full-bleed edge to edge composition. The upper region of the frame is open and unadorned — atmosphere, gradient falloff or empty depth, no detail and no focal point there. The principal subject sits in the lower two thirds, weighted below centre and placed off the vertical axis. Clear depth across three planes: near, middle and far. No text, no letterforms, no numerals, no signature, no watermark, no logo, no border and no frame. A world suspended between physical reality and the spirit realm. Translucent apparitions, spectral architecture, luminous mist and enormous ghostly forms emerge from darkness, clouds, water and landscape. Solid objects dissolve into ethereal material and re-form elsewhere. Haunting, beautiful and otherworldly. Grand cinematic illumination, monumental scale, deep dimensional contrast and radiant focal light. Darkness frames moments of extraordinary beauty and power. The scene inspires awe as much as fear, treating Halloween fantasy with the visual grandeur of an epic myth. Gentle directional movement, softly displaced forms, subtle asymmetry and relaxed visual flow across the composition. Spectral lavender, dusty rose and pale moonlight against smoky violet. Something enormous is barely perceptible within the scene, read only as a shape in the mist, the stone or the shadow."
372,0372_occult_ominous_stillness_dead_forest_ancient_monument.jpg,halloween,occult,ominous,stillness,dead_forest,ancient_monument,1775369937,previews/studio/halloween/0372_occult_ominous_stillness_dead_forest_ancient_monument.jpg,wallpapers/studio/halloween/0372_occult_ominous_stillness_dead_forest_ancient_monument.jpg,64731,ok,"A single striking Halloween artwork made as a mobile phone wallpaper. One extraordinary focal idea, composed as a scene rather than an arrangement of seasonal objects. Vertical 9:16 mobile wallpaper, full-bleed edge to edge composition. The upper region of the frame is open and unadorned — atmosphere, gradient falloff or empty depth, no detail and no focal point there. The principal subject sits in the lower two thirds, weighted below centre and placed off the vertical axis. Clear depth across three planes: near, middle and far. No text, no letterforms, no numerals, no signature, no watermark, no logo, no border and no frame. An ancient world shaped by mysterious forbidden rituals: monumental circles, floating relics, candles, arcane geometry, strange altars, suspended objects and luminous symbols embedded into architecture and landscape. Invisible forces distort light, gravity and space. Sophisticated supernatural mystery. Heavy darkness, approaching weather, deep directional shadows and isolated pools of illumination create mounting tension. The composition suggests that something enormous is about to happen without revealing exactly what it is. Centered, balanced composition with generous negative space, minimal directional movement, simple large forms and a strong sense of visual stability. Umber, moss green and rust against smoky black. A single colossal made object dominates, older than anything around it and built for a purpose nobody remembers."
577,0577_otherworld_nightmarish_surge_witchlight_beautiful_decay.jpg,halloween,otherworld,nightmarish,surge,witchlight,beautiful_decay,473854604,previews/studio/halloween/0577_otherworld_nightmarish_surge_witchlight_beautiful_decay.jpg,wallpapers/studio/halloween/0577_otherworld_nightmarish_surge_witchlight_beautiful_decay.jpg,64971,ok,"A single striking Halloween artwork made as a mobile phone wallpaper. One extraordinary focal idea, composed as a scene rather than an arrangement of seasonal objects. Vertical 9:16 mobile wallpaper, full-bleed edge to edge composition. The upper region of the frame is open and unadorned — atmosphere, gradient falloff or empty depth, no detail and no focal point there. The principal subject sits in the lower two thirds, weighted below centre and placed off the vertical axis. Clear depth across three planes: near, middle and far. No text, no letterforms, no numerals, no signature, no watermark, no logo, no border and no frame. An immense supernatural realm beneath impossible moons, eclipses and unfamiliar skies. Floating landscapes, colossal celestial bodies, ancient structures, luminous atmospheric phenomena and mysterious distant forms create overwhelming scale. Halloween imagery appears as if discovered in an alien mythology. Unnatural lighting, extreme scale, distorted depth and impossible shadows make the scene feel like a vivid nightmare. Familiar forms become subtly wrong and visual logic begins to break down. Intensely unsettling and surreal, sophisticated and visually spectacular. Forceful directional movement, strong diagonals, overlapping forms, dynamic scale changes and pronounced visual momentum. Violet, ultraviolet and magenta against black. Ruin rendered as splendour: collapse, erosion and overgrowth arranged into something lovelier than the intact thing was."
160,0160_infernal_ominous_stillness_blood_moon_organic_geometry.jpg,halloween,infernal,ominous,stillness,blood_moon,organic_geometry,1675704119,previews/studio/halloween/0160_infernal_ominous_stillness_blood_moon_organic_geometry.jpg,wallpapers/studio/halloween/0160_infernal_ominous_stillness_blood_moon_organic_geometry.jpg,64753,ok,"A single striking Halloween artwork made as a mobile phone wallpaper. One extraordinary focal idea, composed as a scene rather than an arrangement of seasonal objects. Vertical 9:16 mobile wallpaper, full-bleed edge to edge composition. The upper region of the frame is open and unadorned — atmosphere, gradient falloff or empty depth, no detail and no focal point there. The principal subject sits in the lower two thirds, weighted below centre and placed off the vertical axis. Clear depth across three planes: near, middle and far. No text, no letterforms, no numerals, no signature, no watermark, no logo, no border and no frame. An immense mythic underworld of obsidian formations, volcanic chasms, ruined citadels and monumental demonic architecture. Molten light glows through cracks in black stone while smoke, embers and enormous shadowy entities occupy impossible distances. Ancient, powerful and visually magnificent. Heavy darkness, approaching weather, deep directional shadows and isolated pools of illumination create mounting tension. The composition suggests that something enormous is about to happen without revealing exactly what it is. Centered, balanced composition with generous negative space, minimal directional movement, simple large forms and a strong sense of visual stability. Blood red, crimson and burnt orange against black. Living forms arranged into exact geometry, or geometry grown the way a plant grows."
578,0578_otherworld_majestic_eruption_witchlight_hidden_presence.jpg,halloween,otherworld,majestic,eruption,witchlight,hidden_presence,980806718,previews/studio/halloween/0578_otherworld_majestic_eruption_witchlight_hidden_presence.jpg,wallpapers/studio/halloween/0578_otherworld_majestic_eruption_witchlight_hidden_presence.jpg,64308,ok,"A single striking Halloween artwork made as a mobile phone wallpaper. One extraordinary focal idea, composed as a scene rather than an arrangement of seasonal objects. Vertical 9:16 mobile wallpaper, full-bleed edge to edge composition. The upper region of the frame is open and unadorned — atmosphere, gradient falloff or empty depth, no detail and no focal point there. The principal subject sits in the lower two thirds, weighted below centre and placed off the vertical axis. Clear depth across three planes: near, middle and far. No text, no letterforms, no numerals, no signature, no watermark, no logo, no border and no frame. An immense supernatural realm beneath impossible moons, eclipses and unfamiliar skies. Floating landscapes, colossal celestial bodies, ancient structures, luminous atmospheric phenomena and mysterious distant forms create overwhelming scale. Halloween imagery appears as if discovered in an alien mythology. Grand cinematic illumination, monumental scale, deep dimensional contrast and radiant focal light. Darkness frames moments of extraordinary beauty and power. The scene inspires awe as much as fear, treating Halloween fantasy with the visual grandeur of an epic myth. Explosive outward movement, fragmented forms, dramatic displacement, extreme scale variation and dense controlled complexity radiating through the composition. Violet, ultraviolet and magenta against black. Something enormous is barely perceptible within the scene, read only as a shape in the mist, the stone or the shadow."
373,0373_occult_macabre_drift_dead_forest_endless_depth.jpg,halloween,occult,macabre,drift,dead_forest,endless_depth,134838404,previews/studio/halloween/0373_occult_macabre_drift_dead_forest_endless_depth.jpg,wallpapers/studio/halloween/0373_occult_macabre_drift_dead_forest_endless_depth.jpg,64439,ok,"A single striking Halloween artwork made as a mobile phone wallpaper. One extraordinary focal idea, composed as a scene rather than an arrangement of seasonal objects. Vertical 9:16 mobile wallpaper, full-bleed edge to edge composition. The upper region of the frame is open and unadorned — atmosphere, gradient falloff or empty depth, no detail and no focal point there. The principal subject sits in the lower two thirds, weighted below centre and placed off the vertical axis. Clear depth across three planes: near, middle and far. No text, no letterforms, no numerals, no signature, no watermark, no logo, no border and no frame. An ancient world shaped by mysterious forbidden rituals: monumental circles, floating relics, candles, arcane geometry, strange altars, suspended objects and luminous symbols embedded into architecture and landscape. Invisible forces distort light, gravity and space. Sophisticated supernatural mystery. Elegant darkness with stronger mortality and decay: aged surfaces, skeletal forms, dead vegetation, ruined grandeur and stark chiaroscuro. Sophisticated gothic beauty, disturbing details used sparingly against richly rendered darkness. Gentle directional movement, softly displaced forms, subtle asymmetry and relaxed visual flow across the composition. Umber, moss green and rust against smoky black. The scene recedes far past where it should end, plane behind plane into immeasurable distance."
161,0161_infernal_macabre_drift_blood_moon_something_watching.jpg,halloween,infernal,macabre,drift,blood_moon,something_watching,35172586,previews/studio/halloween/0161_infernal_macabre_drift_blood_moon_something_watching.jpg,wallpapers/studio/halloween/0161_infernal_macabre_drift_blood_moon_something_watching.jpg,64433,ok,"A single striking Halloween artwork made as a mobile phone wallpaper. One extraordinary focal idea, composed as a scene rather than an arrangement of seasonal objects. Vertical 9:16 mobile wallpaper, full-bleed edge to edge composition. The upper region of the frame is open and unadorned — atmosphere, gradient falloff or empty depth, no detail and no focal point there. The principal subject sits in the lower two thirds, weighted below centre and placed off the vertical axis. Clear depth across three planes: near, middle and far. No text, no letterforms, no numerals, no signature, no watermark, no logo, no border and no frame. An immense mythic underworld of obsidian formations, volcanic chasms, ruined citadels and monumental demonic architecture. Molten light glows through cracks in black stone while smoke, embers and enormous shadowy entities occupy impossible distances. Ancient, powerful and visually magnificent. Elegant darkness with stronger mortality and decay: aged surfaces, skeletal forms, dead vegetation, ruined grandeur and stark chiaroscuro. Sophisticated gothic beauty, disturbing details used sparingly against richly rendered darkness. Gentle directional movement, softly displaced forms, subtle asymmetry and relaxed visual flow across the composition. Blood red, crimson and burnt orange against black. The composition is arranged around an unseen observer, and the scene knows it is being looked at."
579,0579_otherworld_bewitched_stillness_witchlight_material_transformation.jpg,halloween,otherworld,bewitched,stillness,witchlight,material_transformation,1487758832,previews/studio/halloween/0579_otherworld_bewitched_stillness_witchlight_material_transformation.jpg,wallpapers/studio/halloween/0579_otherworld_bewitched_stillness_witchlight_material_transformation.jpg,64577,ok,"A single striking Halloween artwork made as a mobile phone wallpaper. One extraordinary focal idea, composed as a scene rather than an arrangement of seasonal objects. Vertical 9:16 mobile wallpaper, full-bleed edge to edge composition. The upper region of the frame is open and unadorned — atmosphere, gradient falloff or empty depth, no detail and no focal point there. The principal subject sits in the lower two thirds, weighted below centre and placed off the vertical axis. Clear depth across three planes: near, middle and far. No text, no letterforms, no numerals, no signature, no watermark, no logo, no border and no frame. An immense supernatural realm beneath impossible moons, eclipses and unfamiliar skies. Floating landscapes, colossal celestial bodies, ancient structures, luminous atmospheric phenomena and mysterious distant forms create overwhelming scale. Halloween imagery appears as if discovered in an alien mythology. Seductive supernatural illumination, luminous haze and mysterious coloured light. Shadows remain soft and dimensional while magical highlights appear unexpectedly throughout the scene. Enchanting, mysterious and beautiful, with a subtle sense that something impossible is happening. Centered, balanced composition with generous negative space, minimal directional movement, simple large forms and a strong sense of visual stability. Violet, ultraviolet and magenta against black. One substance becomes another mid-form: stone into smoke, water into glass, cloth into flame."
374,0374_occult_nightmarish_flow_dead_forest_emerging_form.jpg,halloween,occult,nightmarish,flow,dead_forest,emerging_form,641790518,previews/studio/halloween/0374_occult_nightmarish_flow_dead_forest_emerging_form.jpg,wallpapers/studio/halloween/0374_occult_nightmarish_flow_dead_forest_emerging_form.jpg,64932,ok,"A single striking Halloween artwork made as a mobile phone wallpaper. One extraordinary focal idea, composed as a scene rather than an arrangement of seasonal objects. Vertical 9:16 mobile wallpaper, full-bleed edge to edge composition. The upper region of the frame is open and unadorned — atmosphere, gradient falloff or empty depth, no detail and no focal point there. The principal subject sits in the lower two thirds, weighted below centre and placed off the vertical axis. Clear depth across three planes: near, middle and far. No text, no letterforms, no numerals, no signature, no watermark, no logo, no border and no frame. An ancient world shaped by mysterious forbidden rituals: monumental circles, floating relics, candles, arcane geometry, strange altars, suspended objects and luminous symbols embedded into architecture and landscape. Invisible forces distort light, gravity and space. Sophisticated supernatural mystery. Unnatural lighting, extreme scale, distorted depth and impossible shadows make the scene feel like a vivid nightmare. Familiar forms become subtly wrong and visual logic begins to break down. Intensely unsettling and surreal, sophisticated and visually spectacular. Continuous sweeping movement, interconnected forms, graceful curves and clear directional pathways carrying the eye through the composition. Umber, moss green and rust against smoky black. A shape is resolving out of the environment itself, half-formed and still becoming."
375,0375_occult_majestic_surge_dead_forest_impossible_weather.jpg,halloween,occult,majestic,surge,dead_forest,impossible_weather,1148742632,previews/studio/halloween/0375_occult_majestic_surge_dead_forest_impossible_weather.jpg,wallpapers/studio/halloween/0375_occult_majestic_surge_dead_forest_impossible_weather.jpg,63785,ok,"A single striking Halloween artwork made as a mobile phone wallpaper. One extraordinary focal idea, composed as a scene rather than an arrangement of seasonal objects. Vertical 9:16 mobile wallpaper, full-bleed edge to edge composition. The upper region of the frame is open and unadorned — atmosphere, gradient falloff or empty depth, no detail and no focal point there. The principal subject sits in the lower two thirds, weighted below centre and placed off the vertical axis. Clear depth across three planes: near, middle and far. No text, no letterforms, no numerals, no signature, no watermark, no logo, no border and no frame. An ancient world shaped by mysterious forbidden rituals: monumental circles, floating relics, candles, arcane geometry, strange altars, suspended objects and luminous symbols embedded into architecture and landscape. Invisible forces distort light, gravity and space. Sophisticated supernatural mystery. Grand cinematic illumination, monumental scale, deep dimensional contrast and radiant focal light. Darkness frames moments of extraordinary beauty and power. The scene inspires awe as much as fear, treating Halloween fantasy with the visual grandeur of an epic myth. Forceful directional movement, strong diagonals, overlapping forms, dynamic scale changes and pronounced visual momentum. Umber, moss green and rust against smoky black. The atmosphere does something it could not: falling upward, standing still, burning, or moving as one body."
162,0162_infernal_nightmarish_flow_blood_moon_impossible_scale.jpg,halloween,infernal,nightmarish,flow,blood_moon,impossible_scale,542124700,previews/studio/halloween/0162_infernal_nightmarish_flow_blood_moon_impossible_scale.jpg,wallpapers/studio/halloween/0162_infernal_nightmarish_flow_blood_moon_impossible_scale.jpg,64871,ok,"A single striking Halloween artwork made as a mobile phone wallpaper. One extraordinary focal idea, composed as a scene rather than an arrangement of seasonal objects. Vertical 9:16 mobile wallpaper, full-bleed edge to edge composition. The upper region of the frame is open and unadorned — atmosphere, gradient falloff or empty depth, no detail and no focal point there. The principal subject sits in the lower two thirds, weighted below centre and placed off the vertical axis. Clear depth across three planes: near, middle and far. No text, no letterforms, no numerals, no signature, no watermark, no logo, no border and no frame. An immense mythic underworld of obsidian formations, volcanic chasms, ruined citadels and monumental demonic architecture. Molten light glows through cracks in black stone while smoke, embers and enormous shadowy entities occupy impossible distances. Ancient, powerful and visually magnificent. Unnatural lighting, extreme scale, distorted depth and impossible shadows make the scene feel like a vivid nightmare. Familiar forms become subtly wrong and visual logic begins to break down. Intensely unsettling and surreal, sophisticated and visually spectacular. Continuous sweeping movement, interconnected forms, graceful curves and clear directional pathways carrying the eye through the composition. Blood red, crimson and burnt orange against black. One element is vastly larger than it could be, dwarfing everything around it."
580,0580_otherworld_haunting_drift_witchlight_unnatural_light.jpg,halloween,otherworld,haunting,drift,witchlight,unnatural_light,1994710946,previews/studio/halloween/0580_otherworld_haunting_drift_witchlight_unnatural_light.jpg,wallpapers/studio/halloween/0580_otherworld_haunting_drift_witchlight_unnatural_light.jpg,65515,ok,"A single striking Halloween artwork made as a mobile phone wallpaper. One extraordinary focal idea, composed as a scene rather than an arrangement of seasonal objects. Vertical 9:16 mobile wallpaper, full-bleed edge to edge composition. The upper region of the frame is open and unadorned — atmosphere, gradient falloff or empty depth, no detail and no focal point there. The principal subject sits in the lower two thirds, weighted below centre and placed off the vertical axis. Clear depth across three planes: near, middle and far. No text, no letterforms, no numerals, no signature, no watermark, no logo, no border and no frame. An immense supernatural realm beneath impossible moons, eclipses and unfamiliar skies. Floating landscapes, colossal celestial bodies, ancient structures, luminous atmospheric phenomena and mysterious distant forms create overwhelming scale. Halloween imagery appears as if discovered in an alien mythology. Quiet, melancholy and deeply atmospheric. Diffused moonlight, pale illumination, long shadows, drifting fog and restrained contrast create the feeling of a place inhabited by memories or unseen presences. Beautiful first, unsettling second. Gentle directional movement, softly displaced forms, subtle asymmetry and relaxed visual flow across the composition. Violet, ultraviolet and magenta against black. Light behaves impossibly: falling upward, casting the wrong shadow, glowing from within a solid, or illuminating only one thing."
376,0376_occult_majestic_flow_gothic_jewel_impossible_weather.jpg,halloween,occult,majestic,flow,gothic_jewel,impossible_weather,1655694746,previews/studio/halloween/0376_occult_majestic_flow_gothic_jewel_impossible_weather.jpg,wallpapers/studio/halloween/0376_occult_majestic_flow_gothic_jewel_impossible_weather.jpg,65838,ok,"A single striking Halloween artwork made as a mobile phone wallpaper. One extraordinary focal idea, composed as a scene rather than an arrangement of seasonal objects. Vertical 9:16 mobile wallpaper, full-bleed edge to edge composition. The upper region of the frame is open and unadorned — atmosphere, gradient falloff or empty depth, no detail and no focal point there. The principal subject sits in the lower two thirds, weighted below centre and placed off the vertical axis. Clear depth across three planes: near, middle and far. No text, no letterforms, no numerals, no signature, no watermark, no logo, no border and no frame. An ancient world shaped by mysterious forbidden rituals: monumental circles, floating relics, candles, arcane geometry, strange altars, suspended objects and luminous symbols embedded into architecture and landscape. Invisible forces distort light, gravity and space. Sophisticated supernatural mystery. Grand cinematic illumination, monumental scale, deep dimensional contrast and radiant focal light. Darkness frames moments of extraordinary beauty and power. The scene inspires awe as much as fear, treating Halloween fantasy with the visual grandeur of an epic myth. Continuous sweeping movement, interconnected forms, graceful curves and clear directional pathways carrying the eye through the composition. Garnet, emerald, sapphire and amethyst with antique gold. The atmosphere does something it could not: falling upward, standing still, burning, or moving as one body."
163,0163_infernal_majestic_surge_blood_moon_living_architecture.jpg,halloween,infernal,majestic,surge,blood_moon,living_architecture,1049076814,previews/studio/halloween/0163_infernal_majestic_surge_blood_moon_living_architecture.jpg,wallpapers/studio/halloween/0163_infernal_majestic_surge_blood_moon_living_architecture.jpg,65602,ok,"A single striking Halloween artwork made as a mobile phone wallpaper. One extraordinary focal idea, composed as a scene rather than an arrangement of seasonal objects. Vertical 9:16 mobile wallpaper, full-bleed edge to edge composition. The upper region of the frame is open and unadorned — atmosphere, gradient falloff or empty depth, no detail and no focal point there. The principal subject sits in the lower two thirds, weighted below centre and placed off the vertical axis. Clear depth across three planes: near, middle and far. No text, no letterforms, no numerals, no signature, no watermark, no logo, no border and no frame. An immense mythic underworld of obsidian formations, volcanic chasms, ruined citadels and monumental demonic architecture. Molten light glows through cracks in black stone while smoke, embers and enormous shadowy entities occupy impossible distances. Ancient, powerful and visually magnificent. Grand cinematic illumination, monumental scale, deep dimensional contrast and radiant focal light. Darkness frames moments of extraordinary beauty and power. The scene inspires awe as much as fear, treating Halloween fantasy with the visual grandeur of an epic myth. Forceful directional movement, strong diagonals, overlapping forms, dynamic scale changes and pronounced visual momentum. Blood red, crimson and burnt orange against black. Built structures behave like a creature: breathing, watching, reaching, or forming a silhouette that is almost a body."
581,0581_otherworld_ominous_flow_witchlight_ancient_monument.jpg,halloween,otherworld,ominous,flow,witchlight,ancient_monument,354179413,previews/studio/halloween/0581_otherworld_ominous_flow_witchlight_ancient_monument.jpg,wallpapers/studio/halloween/0581_otherworld_ominous_flow_witchlight_ancient_monument.jpg,65282,ok,"A single striking Halloween artwork made as a mobile phone wallpaper. One extraordinary focal idea, composed as a scene rather than an arrangement of seasonal objects. Vertical 9:16 mobile wallpaper, full-bleed edge to edge composition. The upper region of the frame is open and unadorned — atmosphere, gradient falloff or empty depth, no detail and no focal point there. The principal subject sits in the lower two thirds, weighted below centre and placed off the vertical axis. Clear depth across three planes: near, middle and far. No text, no letterforms, no numerals, no signature, no watermark, no logo, no border and no frame. An immense supernatural realm beneath impossible moons, eclipses and unfamiliar skies. Floating landscapes, colossal celestial bodies, ancient structures, luminous atmospheric phenomena and mysterious distant forms create overwhelming scale. Halloween imagery appears as if discovered in an alien mythology. Heavy darkness, approaching weather, deep directional shadows and isolated pools of illumination create mounting tension. The composition suggests that something enormous is about to happen without revealing exactly what it is. Continuous sweeping movement, interconnected forms, graceful curves and clear directional pathways carrying the eye through the composition. Violet, ultraviolet and magenta against black. A single colossal made object dominates, older than anything around it and built for a purpose nobody remembers."
164,0164_infernal_bewitched_eruption_blood_moon_beautiful_decay.jpg,halloween,infernal,bewitched,eruption,blood_moon,beautiful_decay,1556028928,previews/studio/halloween/0164_infernal_bewitched_eruption_blood_moon_beautiful_decay.jpg,wallpapers/studio/halloween/0164_infernal_bewitched_eruption_blood_moon_beautiful_decay.jpg,63975,ok,"A single striking Halloween artwork made as a mobile phone wallpaper. One extraordinary focal idea, composed as a scene rather than an arrangement of seasonal objects. Vertical 9:16 mobile wallpaper, full-bleed edge to edge composition. The upper region of the frame is open and unadorned — atmosphere, gradient falloff or empty depth, no detail and no focal point there. The principal subject sits in the lower two thirds, weighted below centre and placed off the vertical axis. Clear depth across three planes: near, middle and far. No text, no letterforms, no numerals, no signature, no watermark, no logo, no border and no frame. An immense mythic underworld of obsidian formations, volcanic chasms, ruined citadels and monumental demonic architecture. Molten light glows through cracks in black stone while smoke, embers and enormous shadowy entities occupy impossible distances. Ancient, powerful and visually magnificent. Seductive supernatural illumination, luminous haze and mysterious coloured light. Shadows remain soft and dimensional while magical highlights appear unexpectedly throughout the scene. Enchanting, mysterious and beautiful, with a subtle sense that something impossible is happening. Explosive outward movement, fragmented forms, dramatic displacement, extreme scale variation and dense controlled complexity radiating through the composition. Blood red, crimson and burnt orange against black. Ruin rendered as splendour: collapse, erosion and overgrowth arranged into something lovelier than the intact thing was."
377,0377_occult_bewitched_surge_gothic_jewel_organic_geometry.jpg,halloween,occult,bewitched,surge,gothic_jewel,organic_geometry,15163213,previews/studio/halloween/0377_occult_bewitched_surge_gothic_jewel_organic_geometry.jpg,wallpapers/studio/halloween/0377_occult_bewitched_surge_gothic_jewel_organic_geometry.jpg,64779,ok,"A single striking Halloween artwork made as a mobile phone wallpaper. One extraordinary focal idea, composed as a scene rather than an arrangement of seasonal objects. Vertical 9:16 mobile wallpaper, full-bleed edge to edge composition. The upper region of the frame is open and unadorned — atmosphere, gradient falloff or empty depth, no detail and no focal point there. The principal subject sits in the lower two thirds, weighted below centre and placed off the vertical axis. Clear depth across three planes: near, middle and far. No text, no letterforms, no numerals, no signature, no watermark, no logo, no border and no frame. An ancient world shaped by mysterious forbidden rituals: monumental circles, floating relics, candles, arcane geometry, strange altars, suspended objects and luminous symbols embedded into architecture and landscape. Invisible forces distort light, gravity and space. Sophisticated supernatural mystery. Seductive supernatural illumination, luminous haze and mysterious coloured light. Shadows remain soft and dimensional while magical highlights appear unexpectedly throughout the scene. Enchanting, mysterious and beautiful, with a subtle sense that something impossible is happening. Forceful directional movement, strong diagonals, overlapping forms, dynamic scale changes and pronounced visual momentum. Garnet, emerald, sapphire and amethyst with antique gold. Living forms arranged into exact geometry, or geometry grown the way a plant grows."
582,0582_otherworld_macabre_surge_witchlight_endless_depth.jpg,halloween,otherworld,macabre,surge,witchlight,endless_depth,861131527,previews/studio/halloween/0582_otherworld_macabre_surge_witchlight_endless_depth.jpg,wallpapers/studio/halloween/0582_otherworld_macabre_surge_witchlight_endless_depth.jpg,64115,ok,"A single striking Halloween artwork made as a mobile phone wallpaper. One extraordinary focal idea, composed as a scene rather than an arrangement of seasonal objects. Vertical 9:16 mobile wallpaper, full-bleed edge to edge composition. The upper region of the frame is open and unadorned — atmosphere, gradient falloff or empty depth, no detail and no focal point there. The principal subject sits in the lower two thirds, weighted below centre and placed off the vertical axis. Clear depth across three planes: near, middle and far. No text, no letterforms, no numerals, no signature, no watermark, no logo, no border and no frame. An immense supernatural realm beneath impossible moons, eclipses and unfamiliar skies. Floating landscapes, colossal celestial bodies, ancient structures, luminous atmospheric phenomena and mysterious distant forms create overwhelming scale. Halloween imagery appears as if discovered in an alien mythology. Elegant darkness with stronger mortality and decay: aged surfaces, skeletal forms, dead vegetation, ruined grandeur and stark chiaroscuro. Sophisticated gothic beauty, disturbing details used sparingly against richly rendered darkness. Forceful directional movement, strong diagonals, overlapping forms, dynamic scale changes and pronounced visual momentum. Violet, ultraviolet and magenta against black. The scene recedes far past where it should end, plane behind plane into immeasurable distance."
165,0165_infernal_haunting_stillness_blood_moon_hidden_presence.jpg,halloween,infernal,haunting,stillness,blood_moon,hidden_presence,2062981042,previews/studio/halloween/0165_infernal_haunting_stillness_blood_moon_hidden_presence.jpg,wallpapers/studio/halloween/0165_infernal_haunting_stillness_blood_moon_hidden_presence.jpg,63947,ok,"A single striking Halloween artwork made as a mobile phone wallpaper. One extraordinary focal idea, composed as a scene rather than an arrangement of seasonal objects. Vertical 9:16 mobile wallpaper, full-bleed edge to edge composition. The upper region of the frame is open and unadorned — atmosphere, gradient falloff or empty depth, no detail and no focal point there. The principal subject sits in the lower two thirds, weighted below centre and placed off the vertical axis. Clear depth across three planes: near, middle and far. No text, no letterforms, no numerals, no signature, no watermark, no logo, no border and no frame. An immense mythic underworld of obsidian formations, volcanic chasms, ruined citadels and monumental demonic architecture. Molten light glows through cracks in black stone while smoke, embers and enormous shadowy entities occupy impossible distances. Ancient, powerful and visually magnificent. Quiet, melancholy and deeply atmospheric. Diffused moonlight, pale illumination, long shadows, drifting fog and restrained contrast create the feeling of a place inhabited by memories or unseen presences. Beautiful first, unsettling second. Centered, balanced composition with generous negative space, minimal directional movement, simple large forms and a strong sense of visual stability. Blood red, crimson and burnt orange against black. Something enormous is barely perceptible within the scene, read only as a shape in the mist, the stone or the shadow."
378,0378_occult_haunting_eruption_gothic_jewel_something_watching.jpg,halloween,occult,haunting,eruption,gothic_jewel,something_watching,522115327,previews/studio/halloween/0378_occult_haunting_eruption_gothic_jewel_something_watching.jpg,wallpapers/studio/halloween/0378_occult_haunting_eruption_gothic_jewel_something_watching.jpg,63679,ok,"A single striking Halloween artwork made as a mobile phone wallpaper. One extraordinary focal idea, composed as a scene rather than an arrangement of seasonal objects. Vertical 9:16 mobile wallpaper, full-bleed edge to edge composition. The upper region of the frame is open and unadorned — atmosphere, gradient falloff or empty depth, no detail and no focal point there. The principal subject sits in the lower two thirds, weighted below centre and placed off the vertical axis. Clear depth across three planes: near, middle and far. No text, no letterforms, no numerals, no signature, no watermark, no logo, no border and no frame. An ancient world shaped by mysterious forbidden rituals: monumental circles, floating relics, candles, arcane geometry, strange altars, suspended objects and luminous symbols embedded into architecture and landscape. Invisible forces distort light, gravity and space. Sophisticated supernatural mystery. Quiet, melancholy and deeply atmospheric. Diffused moonlight, pale illumination, long shadows, drifting fog and restrained contrast create the feeling of a place inhabited by memories or unseen presences. Beautiful first, unsettling second. Explosive outward movement, fragmented forms, dramatic displacement, extreme scale variation and dense controlled complexity radiating through the composition. Garnet, emerald, sapphire and amethyst with antique gold. The composition is arranged around an unseen observer, and the scene knows it is being looked at."
583,0583_otherworld_nightmarish_eruption_witchlight_emerging_form.jpg,halloween,otherworld,nightmarish,eruption,witchlight,emerging_form,1368083641,previews/studio/halloween/0583_otherworld_nightmarish_eruption_witchlight_emerging_form.jpg,wallpapers/studio/halloween/0583_otherworld_nightmarish_eruption_witchlight_emerging_form.jpg,63769,ok,"A single striking Halloween artwork made as a mobile phone wallpaper. One extraordinary focal idea, composed as a scene rather than an arrangement of seasonal objects. Vertical 9:16 mobile wallpaper, full-bleed edge to edge composition. The upper region of the frame is open and unadorned — atmosphere, gradient falloff or empty depth, no detail and no focal point there. The principal subject sits in the lower two thirds, weighted below centre and placed off the vertical axis. Clear depth across three planes: near, middle and far. No text, no letterforms, no numerals, no signature, no watermark, no logo, no border and no frame. An immense supernatural realm beneath impossible moons, eclipses and unfamiliar skies. Floating landscapes, colossal celestial bodies, ancient structures, luminous atmospheric phenomena and mysterious distant forms create overwhelming scale. Halloween imagery appears as if discovered in an alien mythology. Unnatural lighting, extreme scale, distorted depth and impossible shadows make the scene feel like a vivid nightmare. Familiar forms become subtly wrong and visual logic begins to break down. Intensely unsettling and surreal, sophisticated and visually spectacular. Explosive outward movement, fragmented forms, dramatic displacement, extreme scale variation and dense controlled complexity radiating through the composition. Violet, ultraviolet and magenta against black. A shape is resolving out of the environment itself, half-formed and still becoming."
379,0379_occult_ominous_stillness_gothic_jewel_impossible_scale.jpg,halloween,occult,ominous,stillness,gothic_jewel,impossible_scale,1029067441,previews/studio/halloween/0379_occult_ominous_stillness_gothic_jewel_impossible_scale.jpg,wallpapers/studio/halloween/0379_occult_ominous_stillness_gothic_jewel_impossible_scale.jpg,63825,ok,"A single striking Halloween artwork made as a mobile phone wallpaper. One extraordinary focal idea, composed as a scene rather than an arrangement of seasonal objects. Vertical 9:16 mobile wallpaper, full-bleed edge to edge composition. The upper region of the frame is open and unadorned — atmosphere, gradient falloff or empty depth, no detail and no focal point there. The principal subject sits in the lower two thirds, weighted below centre and placed off the vertical axis. Clear depth across three planes: near, middle and far. No text, no letterforms, no numerals, no signature, no watermark, no logo, no border and no frame. An ancient world shaped by mysterious forbidden rituals: monumental circles, floating relics, candles, arcane geometry, strange altars, suspended objects and luminous symbols embedded into architecture and landscape. Invisible forces distort light, gravity and space. Sophisticated supernatural mystery. Heavy darkness, approaching weather, deep directional shadows and isolated pools of illumination create mounting tension. The composition suggests that something enormous is about to happen without revealing exactly what it is. Centered, balanced composition with generous negative space, minimal directional movement, simple large forms and a strong sense of visual stability. Garnet, emerald, sapphire and amethyst with antique gold. One element is vastly larger than it could be, dwarfing everything around it."
166,0166_infernal_ominous_drift_blood_moon_material_transformation.jpg,halloween,infernal,ominous,drift,blood_moon,material_transformation,422449509,previews/studio/halloween/0166_infernal_ominous_drift_blood_moon_material_transformation.jpg,wallpapers/studio/halloween/0166_infernal_ominous_drift_blood_moon_material_transformation.jpg,64336,ok,"A single striking Halloween artwork made as a mobile phone wallpaper. One extraordinary focal idea, composed as a scene rather than an arrangement of seasonal objects. Vertical 9:16 mobile wallpaper, full-bleed edge to edge composition. The upper region of the frame is open and unadorned — atmosphere, gradient falloff or empty depth, no detail and no focal point there. The principal subject sits in the lower two thirds, weighted below centre and placed off the vertical axis. Clear depth across three planes: near, middle and far. No text, no letterforms, no numerals, no signature, no watermark, no logo, no border and no frame. An immense mythic underworld of obsidian formations, volcanic chasms, ruined citadels and monumental demonic architecture. Molten light glows through cracks in black stone while smoke, embers and enormous shadowy entities occupy impossible distances. Ancient, powerful and visually magnificent. Heavy darkness, approaching weather, deep directional shadows and isolated pools of illumination create mounting tension. The composition suggests that something enormous is about to happen without revealing exactly what it is. Gentle directional movement, softly displaced forms, subtle asymmetry and relaxed visual flow across the composition. Blood red, crimson and burnt orange against black. One substance becomes another mid-form: stone into smoke, water into glass, cloth into flame."
584,0584_otherworld_nightmarish_surge_ghostlight_emerging_form.jpg,halloween,otherworld,nightmarish,surge,ghostlight,emerging_form,1875035755,previews/studio/halloween/0584_otherworld_nightmarish_surge_ghostlight_emerging_form.jpg,wallpapers/studio/halloween/0584_otherworld_nightmarish_surge_ghostlight_emerging_form.jpg,64075,ok,"A single striking Halloween artwork made as a mobile phone wallpaper. One extraordinary focal idea, composed as a scene rather than an arrangement of seasonal objects. Vertical 9:16 mobile wallpaper, full-bleed edge to edge composition. The upper region of the frame is open and unadorned — atmosphere, gradient falloff or empty depth, no detail and no focal point there. The principal subject sits in the lower two thirds, weighted below centre and placed off the vertical axis. Clear depth across three planes: near, middle and far. No text, no letterforms, no numerals, no signature, no watermark, no logo, no border and no frame. An immense supernatural realm beneath impossible moons, eclipses and unfamiliar skies. Floating landscapes, colossal celestial bodies, ancient structures, luminous atmospheric phenomena and mysterious distant forms create overwhelming scale. Halloween imagery appears as if discovered in an alien mythology. Unnatural lighting, extreme scale, distorted depth and impossible shadows make the scene feel like a vivid nightmare. Familiar forms become subtly wrong and visual logic begins to break down. Intensely unsettling and surreal, sophisticated and visually spectacular. Forceful directional movement, strong diagonals, overlapping forms, dynamic scale changes and pronounced visual momentum. Spectral cyan, pale aqua and icy white against midnight blue. A shape is resolving out of the environment itself, half-formed and still becoming."
167,0167_infernal_macabre_flow_blood_moon_unnatural_light.jpg,halloween,infernal,macabre,flow,blood_moon,unnatural_light,929401623,previews/studio/halloween/0167_infernal_macabre_flow_blood_moon_unnatural_light.jpg,wallpapers/studio/halloween/0167_infernal_macabre_flow_blood_moon_unnatural_light.jpg,64069,ok,"A single striking Halloween artwork made as a mobile phone wallpaper. One extraordinary focal idea, composed as a scene rather than an arrangement of seasonal objects. Vertical 9:16 mobile wallpaper, full-bleed edge to edge composition. The upper region of the frame is open and unadorned — atmosphere, gradient falloff or empty depth, no detail and no focal point there. The principal subject sits in the lower two thirds, weighted below centre and placed off the vertical axis. Clear depth across three planes: near, middle and far. No text, no letterforms, no numerals, no signature, no watermark, no logo, no border and no frame. An immense mythic underworld of obsidian formations, volcanic chasms, ruined citadels and monumental demonic architecture. Molten light glows through cracks in black stone while smoke, embers and enormous shadowy entities occupy impossible distances. Ancient, powerful and visually magnificent. Elegant darkness with stronger mortality and decay: aged surfaces, skeletal forms, dead vegetation, ruined grandeur and stark chiaroscuro. Sophisticated gothic beauty, disturbing details used sparingly against richly rendered darkness. Continuous sweeping movement, interconnected forms, graceful curves and clear directional pathways carrying the eye through the composition. Blood red, crimson and burnt orange against black. Light behaves impossibly: falling upward, casting the wrong shadow, glowing from within a solid, or illuminating only one thing."
380,0380_occult_macabre_drift_gothic_jewel_living_architecture.jpg,halloween,occult,macabre,drift,gothic_jewel,living_architecture,1536019555,previews/studio/halloween/0380_occult_macabre_drift_gothic_jewel_living_architecture.jpg,wallpapers/studio/halloween/0380_occult_macabre_drift_gothic_jewel_living_architecture.jpg,64381,ok,"A single striking Halloween artwork made as a mobile phone wallpaper. One extraordinary focal idea, composed as a scene rather than an arrangement of seasonal objects. Vertical 9:16 mobile wallpaper, full-bleed edge to edge composition. The upper region of the frame is open and unadorned — atmosphere, gradient falloff or empty depth, no detail and no focal point there. The principal subject sits in the lower two thirds, weighted below centre and placed off the vertical axis. Clear depth across three planes: near, middle and far. No text, no letterforms, no numerals, no signature, no watermark, no logo, no border and no frame. An ancient world shaped by mysterious forbidden rituals: monumental circles, floating relics, candles, arcane geometry, strange altars, suspended objects and luminous symbols embedded into architecture and landscape. Invisible forces distort light, gravity and space. Sophisticated supernatural mystery. Elegant darkness with stronger mortality and decay: aged surfaces, skeletal forms, dead vegetation, ruined grandeur and stark chiaroscuro. Sophisticated gothic beauty, disturbing details used sparingly against richly rendered darkness. Gentle directional movement, softly displaced forms, subtle asymmetry and relaxed visual flow across the composition. Garnet, emerald, sapphire and amethyst with antique gold. Built structures behave like a creature: breathing, watching, reaching, or forming a silhouette that is almost a body."
585,0585_otherworld_majestic_eruption_ghostlight_impossible_weather.jpg,halloween,otherworld,majestic,eruption,ghostlight,impossible_weather,234504222,previews/studio/halloween/0585_otherworld_majestic_eruption_ghostlight_impossible_weather.jpg,wallpapers/studio/halloween/0585_otherworld_majestic_eruption_ghostlight_impossible_weather.jpg,64230,ok,"A single striking Halloween artwork made as a mobile phone wallpaper. One extraordinary focal idea, composed as a scene rather than an arrangement of seasonal objects. Vertical 9:16 mobile wallpaper, full-bleed edge to edge composition. The upper region of the frame is open and unadorned — atmosphere, gradient falloff or empty depth, no detail and no focal point there. The principal subject sits in the lower two thirds, weighted below centre and placed off the vertical axis. Clear depth across three planes: near, middle and far. No text, no letterforms, no numerals, no signature, no watermark, no logo, no border and no frame. An immense supernatural realm beneath impossible moons, eclipses and unfamiliar skies. Floating landscapes, colossal celestial bodies, ancient structures, luminous atmospheric phenomena and mysterious distant forms create overwhelming scale. Halloween imagery appears as if discovered in an alien mythology. Grand cinematic illumination, monumental scale, deep dimensional contrast and radiant focal light. Darkness frames moments of extraordinary beauty and power. The scene inspires awe as much as fear, treating Halloween fantasy with the visual grandeur of an epic myth. Explosive outward movement, fragmented forms, dramatic displacement, extreme scale variation and dense controlled complexity radiating through the composition. Spectral cyan, pale aqua and icy white against midnight blue. The atmosphere does something it could not: falling upward, standing still, burning, or moving as one body."
168,0168_infernal_macabre_drift_pumpkin_fire_unnatural_light.jpg,halloween,infernal,macabre,drift,pumpkin_fire,unnatural_light,1436353737,previews/studio/halloween/0168_infernal_macabre_drift_pumpkin_fire_unnatural_light.jpg,wallpapers/studio/halloween/0168_infernal_macabre_drift_pumpkin_fire_unnatural_light.jpg,65294,ok,"A single striking Halloween artwork made as a mobile phone wallpaper. One extraordinary focal idea, composed as a scene rather than an arrangement of seasonal objects. Vertical 9:16 mobile wallpaper, full-bleed edge to edge composition. The upper region of the frame is open and unadorned — atmosphere, gradient falloff or empty depth, no detail and no focal point there. The principal subject sits in the lower two thirds, weighted below centre and placed off the vertical axis. Clear depth across three planes: near, middle and far. No text, no letterforms, no numerals, no signature, no watermark, no logo, no border and no frame. An immense mythic underworld of obsidian formations, volcanic chasms, ruined citadels and monumental demonic architecture. Molten light glows through cracks in black stone while smoke, embers and enormous shadowy entities occupy impossible distances. Ancient, powerful and visually magnificent. Elegant darkness with stronger mortality and decay: aged surfaces, skeletal forms, dead vegetation, ruined grandeur and stark chiaroscuro. Sophisticated gothic beauty, disturbing details used sparingly against richly rendered darkness. Gentle directional movement, softly displaced forms, subtle asymmetry and relaxed visual flow across the composition. Pumpkin orange, amber and copper against deep umber. Light behaves impossibly: falling upward, casting the wrong shadow, glowing from within a solid, or illuminating only one thing."
381,0381_occult_nightmarish_flow_gothic_jewel_beautiful_decay.jpg,halloween,occult,nightmarish,flow,gothic_jewel,beautiful_decay,2042971669,previews/studio/halloween/0381_occult_nightmarish_flow_gothic_jewel_beautiful_decay.jpg,wallpapers/studio/halloween/0381_occult_nightmarish_flow_gothic_jewel_beautiful_decay.jpg,65198,ok,"A single striking Halloween artwork made as a mobile phone wallpaper. One extraordinary focal idea, composed as a scene rather than an arrangement of seasonal objects. Vertical 9:16 mobile wallpaper, full-bleed edge to edge composition. The upper region of the frame is open and unadorned — atmosphere, gradient falloff or empty depth, no detail and no focal point there. The principal subject sits in the lower two thirds, weighted below centre and placed off the vertical axis. Clear depth across three planes: near, middle and far. No text, no letterforms, no numerals, no signature, no watermark, no logo, no border and no frame. An ancient world shaped by mysterious forbidden rituals: monumental circles, floating relics, candles, arcane geometry, strange altars, suspended objects and luminous symbols embedded into architecture and landscape. Invisible forces distort light, gravity and space. Sophisticated supernatural mystery. Unnatural lighting, extreme scale, distorted depth and impossible shadows make the scene feel like a vivid nightmare. Familiar forms become subtly wrong and visual logic begins to break down. Intensely unsettling and surreal, sophisticated and visually spectacular. Continuous sweeping movement, interconnected forms, graceful curves and clear directional pathways carrying the eye through the composition. Garnet, emerald, sapphire and amethyst with antique gold. Ruin rendered as splendour: collapse, erosion and overgrowth arranged into something lovelier than the intact thing was."
586,0586_otherworld_bewitched_stillness_ghostlight_organic_geometry.jpg,halloween,otherworld,bewitched,stillness,ghostlight,organic_geometry,741456336,previews/studio/halloween/0586_otherworld_bewitched_stillness_ghostlight_organic_geometry.jpg,wallpapers/studio/halloween/0586_otherworld_bewitched_stillness_ghostlight_organic_geometry.jpg,65136,ok,"A single striking Halloween artwork made as a mobile phone wallpaper. One extraordinary focal idea, composed as a scene rather than an arrangement of seasonal objects. Vertical 9:16 mobile wallpaper, full-bleed edge to edge composition. The upper region of the frame is open and unadorned — atmosphere, gradient falloff or empty depth, no detail and no focal point there. The principal subject sits in the lower two thirds, weighted below centre and placed off the vertical axis. Clear depth across three planes: near, middle and far. No text, no letterforms, no numerals, no signature, no watermark, no logo, no border and no frame. An immense supernatural realm beneath impossible moons, eclipses and unfamiliar skies. Floating landscapes, colossal celestial bodies, ancient structures, luminous atmospheric phenomena and mysterious distant forms create overwhelming scale. Halloween imagery appears as if discovered in an alien mythology. Seductive supernatural illumination, luminous haze and mysterious coloured light. Shadows remain soft and dimensional while magical highlights appear unexpectedly throughout the scene. Enchanting, mysterious and beautiful, with a subtle sense that something impossible is happening. Centered, balanced composition with generous negative space, minimal directional movement, simple large forms and a strong sense of visual stability. Spectral cyan, pale aqua and icy white against midnight blue. Living forms arranged into exact geometry, or geometry grown the way a plant grows."
382,0382_occult_majestic_surge_gothic_jewel_hidden_presence.jpg,halloween,occult,majestic,surge,gothic_jewel,hidden_presence,402440136,previews/studio/halloween/0382_occult_majestic_surge_gothic_jewel_hidden_presence.jpg,wallpapers/studio/halloween/0382_occult_majestic_surge_gothic_jewel_hidden_presence.jpg,65151,ok,"A single striking Halloween artwork made as a mobile phone wallpaper. One extraordinary focal idea, composed as a scene rather than an arrangement of seasonal objects. Vertical 9:16 mobile wallpaper, full-bleed edge to edge composition. The upper region of the frame is open and unadorned — atmosphere, gradient falloff or empty depth, no detail and no focal point there. The principal subject sits in the lower two thirds, weighted below centre and placed off the vertical axis. Clear depth across three planes: near, middle and far. No text, no letterforms, no numerals, no signature, no watermark, no logo, no border and no frame. An ancient world shaped by mysterious forbidden rituals: monumental circles, floating relics, candles, arcane geometry, strange altars, suspended objects and luminous symbols embedded into architecture and landscape. Invisible forces distort light, gravity and space. Sophisticated supernatural mystery. Grand cinematic illumination, monumental scale, deep dimensional contrast and radiant focal light. Darkness frames moments of extraordinary beauty and power. The scene inspires awe as much as fear, treating Halloween fantasy with the visual grandeur of an epic myth. Forceful directional movement, strong diagonals, overlapping forms, dynamic scale changes and pronounced visual momentum. Garnet, emerald, sapphire and amethyst with antique gold. Something enormous is barely perceptible within the scene, read only as a shape in the mist, the stone or the shadow."
169,0169_infernal_nightmarish_flow_pumpkin_fire_ancient_monument.jpg,halloween,infernal,nightmarish,flow,pumpkin_fire,ancient_monument,1943305851,previews/studio/halloween/0169_infernal_nightmarish_flow_pumpkin_fire_ancient_monument.jpg,wallpapers/studio/halloween/0169_infernal_nightmarish_flow_pumpkin_fire_ancient_monument.jpg,65435,ok,"A single striking Halloween artwork made as a mobile phone wallpaper. One extraordinary focal idea, composed as a scene rather than an arrangement of seasonal objects. Vertical 9:16 mobile wallpaper, full-bleed edge to edge composition. The upper region of the frame is open and unadorned — atmosphere, gradient falloff or empty depth, no detail and no focal point there. The principal subject sits in the lower two thirds, weighted below centre and placed off the vertical axis. Clear depth across three planes: near, middle and far. No text, no letterforms, no numerals, no signature, no watermark, no logo, no border and no frame. An immense mythic underworld of obsidian formations, volcanic chasms, ruined citadels and monumental demonic architecture. Molten light glows through cracks in black stone while smoke, embers and enormous shadowy entities occupy impossible distances. Ancient, powerful and visually magnificent. Unnatural lighting, extreme scale, distorted depth and impossible shadows make the scene feel like a vivid nightmare. Familiar forms become subtly wrong and visual logic begins to break down. Intensely unsettling and surreal, sophisticated and visually spectacular. Continuous sweeping movement, interconnected forms, graceful curves and clear directional pathways carrying the eye through the composition. Pumpkin orange, amber and copper against deep umber. A single colossal made object dominates, older than anything around it and built for a purpose nobody remembers."
587,0587_otherworld_haunting_drift_ghostlight_something_watching.jpg,halloween,otherworld,haunting,drift,ghostlight,something_watching,1248408450,previews/studio/halloween/0587_otherworld_haunting_drift_ghostlight_something_watching.jpg,wallpapers/studio/halloween/0587_otherworld_haunting_drift_ghostlight_something_watching.jpg,65251,ok,"A single striking Halloween artwork made as a mobile phone wallpaper. One extraordinary focal idea, composed as a scene rather than an arrangement of seasonal objects. Vertical 9:16 mobile wallpaper, full-bleed edge to edge composition. The upper region of the frame is open and unadorned — atmosphere, gradient falloff or empty depth, no detail and no focal point there. The principal subject sits in the lower two thirds, weighted below centre and placed off the vertical axis. Clear depth across three planes: near, middle and far. No text, no letterforms, no numerals, no signature, no watermark, no logo, no border and no frame. An immense supernatural realm beneath impossible moons, eclipses and unfamiliar skies. Floating landscapes, colossal celestial bodies, ancient structures, luminous atmospheric phenomena and mysterious distant forms create overwhelming scale. Halloween imagery appears as if discovered in an alien mythology. Quiet, melancholy and deeply atmospheric. Diffused moonlight, pale illumination, long shadows, drifting fog and restrained contrast create the feeling of a place inhabited by memories or unseen presences. Beautiful first, unsettling second. Gentle directional movement, softly displaced forms, subtle asymmetry and relaxed visual flow across the composition. Spectral cyan, pale aqua and icy white against midnight blue. The composition is arranged around an unseen observer, and the scene knows it is being looked at."
588,0588_otherworld_ominous_flow_ghostlight_impossible_scale.jpg,halloween,otherworld,ominous,flow,ghostlight,impossible_scale,1755360564,previews/studio/halloween/0588_otherworld_ominous_flow_ghostlight_impossible_scale.jpg,wallpapers/studio/halloween/0588_otherworld_ominous_flow_ghostlight_impossible_scale.jpg,64680,ok,"A single striking Halloween artwork made as a mobile phone wallpaper. One extraordinary focal idea, composed as a scene rather than an arrangement of seasonal objects. Vertical 9:16 mobile wallpaper, full-bleed edge to edge composition. The upper region of the frame is open and unadorned — atmosphere, gradient falloff or empty depth, no detail and no focal point there. The principal subject sits in the lower two thirds, weighted below centre and placed off the vertical axis. Clear depth across three planes: near, middle and far. No text, no letterforms, no numerals, no signature, no watermark, no logo, no border and no frame. An immense supernatural realm beneath impossible moons, eclipses and unfamiliar skies. Floating landscapes, colossal celestial bodies, ancient structures, luminous atmospheric phenomena and mysterious distant forms create overwhelming scale. Halloween imagery appears as if discovered in an alien mythology. Heavy darkness, approaching weather, deep directional shadows and isolated pools of illumination create mounting tension. The composition suggests that something enormous is about to happen without revealing exactly what it is. Continuous sweeping movement, interconnected forms, graceful curves and clear directional pathways carrying the eye through the composition. Spectral cyan, pale aqua and icy white against midnight blue. One element is vastly larger than it could be, dwarfing everything around it."
170,0170_infernal_majestic_surge_pumpkin_fire_endless_depth.jpg,halloween,infernal,majestic,surge,pumpkin_fire,endless_depth,302774318,previews/studio/halloween/0170_infernal_majestic_surge_pumpkin_fire_endless_depth.jpg,wallpapers/studio/halloween/0170_infernal_majestic_surge_pumpkin_fire_endless_depth.jpg,64921,ok,"A single striking Halloween artwork made as a mobile phone wallpaper. One extraordinary focal idea, composed as a scene rather than an arrangement of seasonal objects. Vertical 9:16 mobile wallpaper, full-bleed edge to edge composition. The upper region of the frame is open and unadorned — atmosphere, gradient falloff or empty depth, no detail and no focal point there. The principal subject sits in the lower two thirds, weighted below centre and placed off the vertical axis. Clear depth across three planes: near, middle and far. No text, no letterforms, no numerals, no signature, no watermark, no logo, no border and no frame. An immense mythic underworld of obsidian formations, volcanic chasms, ruined citadels and monumental demonic architecture. Molten light glows through cracks in black stone while smoke, embers and enormous shadowy entities occupy impossible distances. Ancient, powerful and visually magnificent. Grand cinematic illumination, monumental scale, deep dimensional contrast and radiant focal light. Darkness frames moments of extraordinary beauty and power. The scene inspires awe as much as fear, treating Halloween fantasy with the visual grandeur of an epic myth. Forceful directional movement, strong diagonals, overlapping forms, dynamic scale changes and pronounced visual momentum. Pumpkin orange, amber and copper against deep umber. The scene recedes far past where it should end, plane behind plane into immeasurable distance."
383,0383_occult_bewitched_eruption_gothic_jewel_material_transformation.jpg,halloween,occult,bewitched,eruption,gothic_jewel,material_transformation,909392250,previews/studio/halloween/0383_occult_bewitched_eruption_gothic_jewel_material_transformation.jpg,wallpapers/studio/halloween/0383_occult_bewitched_eruption_gothic_jewel_material_transformation.jpg,65246,ok,"A single striking Halloween artwork made as a mobile phone wallpaper. One extraordinary focal idea, composed as a scene rather than an arrangement of seasonal objects. Vertical 9:16 mobile wallpaper, full-bleed edge to edge composition. The upper region of the frame is open and unadorned — atmosphere, gradient falloff or empty depth, no detail and no focal point there. The principal subject sits in the lower two thirds, weighted below centre and placed off the vertical axis. Clear depth across three planes: near, middle and far. No text, no letterforms, no numerals, no signature, no watermark, no logo, no border and no frame. An ancient world shaped by mysterious forbidden rituals: monumental circles, floating relics, candles, arcane geometry, strange altars, suspended objects and luminous symbols embedded into architecture and landscape. Invisible forces distort light, gravity and space. Sophisticated supernatural mystery. Seductive supernatural illumination, luminous haze and mysterious coloured light. Shadows remain soft and dimensional while magical highlights appear unexpectedly throughout the scene. Enchanting, mysterious and beautiful, with a subtle sense that something impossible is happening. Explosive outward movement, fragmented forms, dramatic displacement, extreme scale variation and dense controlled complexity radiating through the composition. Garnet, emerald, sapphire and amethyst with antique gold. One substance becomes another mid-form: stone into smoke, water into glass, cloth into flame."
171,0171_infernal_bewitched_eruption_pumpkin_fire_emerging_form.jpg,halloween,infernal,bewitched,eruption,pumpkin_fire,emerging_form,809726432,previews/studio/halloween/0171_infernal_bewitched_eruption_pumpkin_fire_emerging_form.jpg,wallpapers/studio/halloween/0171_infernal_bewitched_eruption_pumpkin_fire_emerging_form.jpg,64363,ok,"A single striking Halloween artwork made as a mobile phone wallpaper. One extraordinary focal idea, composed as a scene rather than an arrangement of seasonal objects. Vertical 9:16 mobile wallpaper, full-bleed edge to edge composition. The upper region of the frame is open and unadorned — atmosphere, gradient falloff or empty depth, no detail and no focal point there. The principal subject sits in the lower two thirds, weighted below centre and placed off the vertical axis. Clear depth across three planes: near, middle and far. No text, no letterforms, no numerals, no signature, no watermark, no logo, no border and no frame. An immense mythic underworld of obsidian formations, volcanic chasms, ruined citadels and monumental demonic architecture. Molten light glows through cracks in black stone while smoke, embers and enormous shadowy entities occupy impossible distances. Ancient, powerful and visually magnificent. Seductive supernatural illumination, luminous haze and mysterious coloured light. Shadows remain soft and dimensional while magical highlights appear unexpectedly throughout the scene. Enchanting, mysterious and beautiful, with a subtle sense that something impossible is happening. Explosive outward movement, fragmented forms, dramatic displacement, extreme scale variation and dense controlled complexity radiating through the composition. Pumpkin orange, amber and copper against deep umber. A shape is resolving out of the environment itself, half-formed and still becoming."
384,0384_occult_bewitched_surge_eclipse_material_transformation.jpg,halloween,occult,bewitched,surge,eclipse,material_transformation,1416344364,previews/studio/halloween/0384_occult_bewitched_surge_eclipse_material_transformation.jpg,wallpapers/studio/halloween/0384_occult_bewitched_surge_eclipse_material_transformation.jpg,64314,ok,"A single striking Halloween artwork made as a mobile phone wallpaper. One extraordinary focal idea, composed as a scene rather than an arrangement of seasonal objects. Vertical 9:16 mobile wallpaper, full-bleed edge to edge composition. The upper region of the frame is open and unadorned — atmosphere, gradient falloff or empty depth, no detail and no focal point there. The principal subject sits in the lower two thirds, weighted below centre and placed off the vertical axis. Clear depth across three planes: near, middle and far. No text, no letterforms, no numerals, no signature, no watermark, no logo, no border and no frame. An ancient world shaped by mysterious forbidden rituals: monumental circles, floating relics, candles, arcane geometry, strange altars, suspended objects and luminous symbols embedded into architecture and landscape. Invisible forces distort light, gravity and space. Sophisticated supernatural mystery. Seductive supernatural illumination, luminous haze and mysterious coloured light. Shadows remain soft and dimensional while magical highlights appear unexpectedly throughout the scene. Enchanting, mysterious and beautiful, with a subtle sense that something impossible is happening. Forceful directional movement, strong diagonals, overlapping forms, dynamic scale changes and pronounced visual momentum. Charcoal and black with burning gold and solar orange. One substance becomes another mid-form: stone into smoke, water into glass, cloth into flame."
589,0589_otherworld_macabre_surge_ghostlight_living_architecture.jpg,halloween,otherworld,macabre,surge,ghostlight,living_architecture,114829031,previews/studio/halloween/0589_otherworld_macabre_surge_ghostlight_living_architecture.jpg,wallpapers/studio/halloween/0589_otherworld_macabre_surge_ghostlight_living_architecture.jpg,66219,ok,"A single striking Halloween artwork made as a mobile phone wallpaper. One extraordinary focal idea, composed as a scene rather than an arrangement of seasonal objects. Vertical 9:16 mobile wallpaper, full-bleed edge to edge composition. The upper region of the frame is open and unadorned — atmosphere, gradient falloff or empty depth, no detail and no focal point there. The principal subject sits in the lower two thirds, weighted below centre and placed off the vertical axis. Clear depth across three planes: near, middle and far. No text, no letterforms, no numerals, no signature, no watermark, no logo, no border and no frame. An immense supernatural realm beneath impossible moons, eclipses and unfamiliar skies. Floating landscapes, colossal celestial bodies, ancient structures, luminous atmospheric phenomena and mysterious distant forms create overwhelming scale. Halloween imagery appears as if discovered in an alien mythology. Elegant darkness with stronger mortality and decay: aged surfaces, skeletal forms, dead vegetation, ruined grandeur and stark chiaroscuro. Sophisticated gothic beauty, disturbing details used sparingly against richly rendered darkness. Forceful directional movement, strong diagonals, overlapping forms, dynamic scale changes and pronounced visual momentum. Spectral cyan, pale aqua and icy white against midnight blue. Built structures behave like a creature: breathing, watching, reaching, or forming a silhouette that is almost a body."
